timestamp,event_id,sensor_id,sensor_type,layer,sector,zone,event_type,assessment,scenario_label,ground_truth,assessment_latency_s,actor,meta
2026-01-08T01:33:15,E000000030,BREAKWIRE_SKIN_E_WALL,BREAKWIRE,SKIN,BLDG,SKIN_E_WALL,alarm,invalid,false_positive,false_positive,30.57737957688252,env,balanced_scenario
2026-01-08T01:33:15,E000000030,BREAKWIRE_SKIN_E_WALL,BREAKWIRE,SKIN,BLDG,SKIN_E_WALL,alarm,invalid,false_positive,false_positive,30.57737957688252,env,balanced_scenario
2026-01-08T01:33:15,E000000030,BREAKWIRE_SKIN_E_WALL,BREAKWIRE,SKIN,BLDG,SKIN_E_WALL,alarm,invalid,false_positive,false_positive,30.57737957688252,env,balanced_scenario
2026-01-08T01:33:15,E000000030,BREAKWIRE_SKIN_E_WALL,BREAKWIRE,SKIN,BLDG,SKIN_E_WALL,alarm,invalid,false_positive,false_positive,30.57737957688252,env,balanced_scenario
2026-01-08T01:33:15,E000000030,BREAKWIRE_SKIN_E_WALL,BREAKWIRE,SKIN,BLDG,SKIN_E_WALL,alarm,invalid,false_positive,false_positive,30.57737957688252,env,balanced_scenario
2026-01-08T01:33:15,E000000030,BREAKWIRE_SKIN_E_WALL,BREAKWIRE,SKIN,BLDG,SKIN_E_WALL,alarm,invalid,false_positive,false_positive,30.57737957688252,env,balanced_scenario
2026-01-08T01:33:15,E000000030,BREAKWIRE_SKIN_E_WALL,BREAKWIRE,SKIN,BLDG,SKIN_E_WALL,alarm,invalid,false_positive,false_positive,30.57737957688252,env,balanced_scenario
2026-01-08T01:33:15,E000000030,BREAKWIRE_SKIN_E_WALL,BREAKWIRE,SKIN,BLDG,SKIN_E_WALL,alarm,invalid,false_positive,false_positive,30.57737957688252,env,balanced_scenario
2026-01-08T01:33:15,E000000030,BREAKWIRE_SKIN_E_WALL,BREAKWIRE,SKIN,BLDG,SKIN_E_WALL,alarm,invalid,false_positive,false_positive,30.57737957688252,env,balanced_scenario
2026-01-08T01:33:15,E000000030,BREAKWIRE_SKIN_E_WALL,BREAKWIRE,SKIN,BLDG,SKIN_E_WALL,alarm,invalid,false_positive,false_positive,30.57737957688252,env,balanced_scenario
2026-01-08T01:33:15,E000000030,BREAKWIRE_SKIN_E_WALL,BREAKWIRE,SKIN,BLDG,SKIN_E_WALL,alarm,invalid,false_positive,false_positive,30.57737957688252,env,balanced_scenario
2026-01-08T01:33:15,E000000030,BREAKWIRE_SKIN_E_WALL,BREAKWIRE,SKIN,BLDG,SKIN_E_WALL,alarm,invalid,false_positive,false_positive,30.57737957688252,env,balanced_scenario
2026-01-08T01:33:15,E000000030,BREAKWIRE_SKIN_E_WALL,BREAKWIRE,SKIN,BLDG,SKIN_E_WALL,alarm,invalid,false_positive,false_positive,30.57737957688252,env,balanced_scenario
2026-01-08T01:33:15,E000000030,BREAKWIRE_SKIN_E_WALL,BREAKWIRE,SKIN,BLDG,SKIN_E_WALL,alarm,invalid,false_positive,false_positive,30.57737957688252,env,balanced_scenario
2026-01-08T01:33:15,E000000030,BREAKWIRE_SKIN_E_WALL,BREAKWIRE,SKIN,BLDG,SKIN_E_WALL,alarm,invalid,false_positive,false_positive,30.57737957688252,env,balanced_scenario
2026-01-08T03:35:24,E000000011,RADAR_E-1,RADAR,PERIMETER,E-1,PERIM_E-1,alarm,invalid,false_positive,false_positive,13.194125714438094,env,balanced_scenario
2026-01-08T03:35:24,E000000011,RADAR_E-1,RADAR,PERIMETER,E-1,PERIM_E-1,alarm,invalid,false_positive,false_positive,13.194125714438094,env,balanced_scenario
2026-01-08T03:35:24,E000000011,RADAR_E-1,RADAR,PERIMETER,E-1,PERIM_E-1,alarm,invalid,false_positive,false_positive,13.194125714438094,env,balanced_scenario
2026-01-08T03:35:24,E000000011,RADAR_E-1,RADAR,PERIMETER,E-1,PERIM_E-1,alarm,invalid,false_positive,false_positive,13.194125714438094,env,balanced_scenario
2026-01-08T03:35:24,E000000011,RADAR_E-1,RADAR,PERIMETER,E-1,PERIM_E-1,alarm,invalid,false_positive,false_positive,13.194125714438094,env,balanced_scenario
2026-01-08T03:35:24,E000000011,RADAR_E-1,RADAR,PERIMETER,E-1,PERIM_E-1,alarm,invalid,false_positive,false_positive,13.194125714438094,env,balanced_scenario
2026-01-08T03:35:24,E000000011,RADAR_E-1,RADAR,PERIMETER,E-1,PERIM_E-1,alarm,invalid,false_positive,false_positive,13.194125714438094,env,balanced_scenario
2026-01-08T03:35:24,E000000011,RADAR_E-1,RADAR,PERIMETER,E-1,PERIM_E-1,alarm,invalid,false_positive,false_positive,13.194125714438094,env,balanced_scenario
2026-01-08T03:35:24,E000000011,RADAR_E-1,RADAR,PERIMETER,E-1,PERIM_E-1,alarm,invalid,false_positive,false_positive,13.194125714438094,env,balanced_scenario
2026-01-08T03:35:24,E000000011,RADAR_E-1,RADAR,PERIMETER,E-1,PERIM_E-1,alarm,invalid,false_positive,false_positive,13.194125714438094,env,balanced_scenario
2026-01-08T03:35:24,E000000011,RADAR_E-1,RADAR,PERIMETER,E-1,PERIM_E-1,alarm,invalid,false_positive,false_positive,13.194125714438094,env,balanced_scenario
2026-01-08T03:35:24,E000000011,RADAR_E-1,RADAR,PERIMETER,E-1,PERIM_E-1,alarm,invalid,false_positive,false_positive,13.194125714438094,env,balanced_scenario
2026-01-08T03:35:24,E000000011,RADAR_E-1,RADAR,PERIMETER,E-1,PERIM_E-1,alarm,invalid,false_positive,false_positive,13.194125714438094,env,balanced_scenario
2026-01-08T03:35:24,E000000011,RADAR_E-1,RADAR,PERIMETER,E-1,PERIM_E-1,alarm,invalid,false_positive,false_positive,13.194125714438094,env,balanced_scenario
2026-01-08T03:35:24,E000000011,RADAR_E-1,RADAR,PERIMETER,E-1,PERIM_E-1,alarm,invalid,false_positive,false_positive,13.194125714438094,env,balanced_scenario
2026-01-08T03:35:24,E000000011,RADAR_E-1,RADAR,PERIMETER,E-1,PERIM_E-1,alarm,invalid,false_positive,false_positive,13.194125714438094,env,balanced_scenario
2026-01-08T04:39:14,E000006831,PA_RADAR_S,RADAR,PROTECTED_AREA,S,PA_RADAR_S,alarm,intrusion,intrusion:attack_05:step_01:PA_RADAR_S,intrusion,19.275612840320203,adversary,balanced_scenario:attack
2026-01-08T04:39:14,E000006831,PA_RADAR_S,RADAR,PROTECTED_AREA,S,PA_RADAR_S,alarm,intrusion,intrusion:attack_05:step_01:PA_RADAR_S,intrusion,19.275612840320203,adversary,balanced_scenario:attack
2026-01-08T04:39:14,E000006831,PA_RADAR_S,RADAR,PROTECTED_AREA,S,PA_RADAR_S,alarm,intrusion,intrusion:attack_05:step_01:PA_RADAR_S,intrusion,19.275612840320203,adversary,balanced_scenario:attack
2026-01-08T04:39:14,E000006831,PA_RADAR_S,RADAR,PROTECTED_AREA,S,PA_RADAR_S,alarm,intrusion,intrusion:attack_05:step_01:PA_RADAR_S,intrusion,19.275612840320203,adversary,balanced_scenario:attack
2026-01-08T04:39:14,E000006831,PA_RADAR_S,RADAR,PROTECTED_AREA,S,PA_RADAR_S,alarm,intrusion,intrusion:attack_05:step_01:PA_RADAR_S,intrusion,19.275612840320203,adversary,balanced_scenario:attack
2026-01-08T04:39:14,E000006831,PA_RADAR_S,RADAR,PROTECTED_AREA,S,PA_RADAR_S,alarm,intrusion,intrusion:attack_05:step_01:PA_RADAR_S,intrusion,19.275612840320203,adversary,balanced_scenario:attack
2026-01-08T04:39:14,E000006831,PA_RADAR_S,RADAR,PROTECTED_AREA,S,PA_RADAR_S,alarm,intrusion,intrusion:attack_05:step_01:PA_RADAR_S,intrusion,19.275612840320203,adversary,balanced_scenario:attack
2026-01-08T04:39:14,E000006831,PA_RADAR_S,RADAR,PROTECTED_AREA,S,PA_RADAR_S,alarm,intrusion,intrusion:attack_05:step_01:PA_RADAR_S,intrusion,19.275612840320203,adversary,balanced_scenario:attack
2026-01-08T04:39:14,E000006831,PA_RADAR_S,RADAR,PROTECTED_AREA,S,PA_RADAR_S,alarm,intrusion,intrusion:attack_05:step_01:PA_RADAR_S,intrusion,19.275612840320203,adversary,balanced_scenario:attack
2026-01-08T04:39:14,E000006831,PA_RADAR_S,RADAR,PROTECTED_AREA,S,PA_RADAR_S,alarm,intrusion,intrusion:attack_05:step_01:PA_RADAR_S,intrusion,19.275612840320203,adversary,balanced_scenario:attack
2026-01-08T04:39:14,E000006831,PA_RADAR_S,RADAR,PROTECTED_AREA,S,PA_RADAR_S,alarm,intrusion,intrusion:attack_05:step_01:PA_RADAR_S,intrusion,19.275612840320203,adversary,balanced_scenario:attack
2026-01-08T04:39:14,E000006831,PA_RADAR_S,RADAR,PROTECTED_AREA,S,PA_RADAR_S,alarm,intrusion,intrusion:attack_05:step_01:PA_RADAR_S,intrusion,19.275612840320203,adversary,balanced_scenario:attack
2026-01-08T04:39:14,E000006831,PA_RADAR_S,RADAR,PROTECTED_AREA,S,PA_RADAR_S,alarm,intrusion,intrusion:attack_05:step_01:PA_RADAR_S,intrusion,19.275612840320203,adversary,balanced_scenario:attack
2026-01-08T04:39:14,E000006831,PA_RADAR_S,RADAR,PROTECTED_AREA,S,PA_RADAR_S,alarm,intrusion,intrusion:attack_05:step_01:PA_RADAR_S,intrusion,19.275612840320203,adversary,balanced_scenario:attack
2026-01-08T04:39:14,E000006831,PA_RADAR_S,RADAR,PROTECTED_AREA,S,PA_RADAR_S,alarm,intrusion,intrusion:attack_05:step_01:PA_RADAR_S,intrusion,19.275612840320203,adversary,balanced_scenario:attack
2026-01-08T04:39:14,E000006831,PA_RADAR_S,RADAR,PROTECTED_AREA,S,PA_RADAR_S,alarm,intrusion,intrusion:attack_05:step_01:PA_RADAR_S,intrusion,19.275612840320203,adversary,balanced_scenario:attack
2026-01-08T04:39:14,E000006831,PA_RADAR_S,RADAR,PROTECTED_AREA,S,PA_RADAR_S,alarm,intrusion,intrusion:attack_05:step_01:PA_RADAR_S,intrusion,19.275612840320203,adversary,balanced_scenario:attack
2026-01-08T04:39:14,E000006831,PA_RADAR_S,RADAR,PROTECTED_AREA,S,PA_RADAR_S,alarm,intrusion,intrusion:attack_05:step_01:PA_RADAR_S,intrusion,19.275612840320203,adversary,balanced_scenario:attack
2026-01-08T04:39:14,E000006831,PA_RADAR_S,RADAR,PROTECTED_AREA,S,PA_RADAR_S,alarm,intrusion,intrusion:attack_05:step_01:PA_RADAR_S,intrusion,19.275612840320203,adversary,balanced_scenario:attack
2026-01-08T04:39:14,E000006831,PA_RADAR_S,RADAR,PROTECTED_AREA,S,PA_RADAR_S,alarm,intrusion,intrusion:attack_05:step_01:PA_RADAR_S,intrusion,19.275612840320203,adversary,balanced_scenario:attack
2026-01-08T04:39:14,E000006831,PA_RADAR_S,RADAR,PROTECTED_AREA,S,PA_RADAR_S,alarm,intrusion,intrusion:attack_05:step_01:PA_RADAR_S,intrusion,19.275612840320203,adversary,balanced_scenario:attack
2026-01-08T04:39:14,E000006831,PA_RADAR_S,RADAR,PROTECTED_AREA,S,PA_RADAR_S,alarm,intrusion,intrusion:attack_05:step_01:PA_RADAR_S,intrusion,19.275612840320203,adversary,balanced_scenario:attack
2026-01-08T04:39:14,E000006831,PA_RADAR_S,RADAR,PROTECTED_AREA,S,PA_RADAR_S,alarm,intrusion,intrusion:attack_05:step_01:PA_RADAR_S,intrusion,19.275612840320203,adversary,balanced_scenario:attack
2026-01-08T04:39:14,E000006831,PA_RADAR_S,RADAR,PROTECTED_AREA,S,PA_RADAR_S,alarm,intrusion,intrusion:attack_05:step_01:PA_RADAR_S,intrusion,19.275612840320203,adversary,balanced_scenario:attack
2026-01-08T04:39:14,E000006831,PA_RADAR_S,RADAR,PROTECTED_AREA,S,PA_RADAR_S,alarm,intrusion,intrusion:attack_05:step_01:PA_RADAR_S,intrusion,19.275612840320203,adversary,balanced_scenario:attack
2026-01-08T04:39:14,E000006831,PA_RADAR_S,RADAR,PROTECTED_AREA,S,PA_RADAR_S,alarm,intrusion,intrusion:attack_05:step_01:PA_RADAR_S,intrusion,19.275612840320203,adversary,balanced_scenario:attack
2026-01-08T04:39:14,E000006831,PA_RADAR_S,RADAR,PROTECTED_AREA,S,PA_RADAR_S,alarm,intrusion,intrusion:attack_05:step_01:PA_RADAR_S,intrusion,19.275612840320203,adversary,balanced_scenario:attack
2026-01-08T04:39:14,E000006831,PA_RADAR_S,RADAR,PROTECTED_AREA,S,PA_RADAR_S,alarm,intrusion,intrusion:attack_05:step_01:PA_RADAR_S,intrusion,19.275612840320203,adversary,balanced_scenario:attack
2026-01-08T04:39:14,E000006831,PA_RADAR_S,RADAR,PROTECTED_AREA,S,PA_RADAR_S,alarm,intrusion,intrusion:attack_05:step_01:PA_RADAR_S,intrusion,19.275612840320203,adversary,balanced_scenario:attack
2026-01-08T04:39:14,E000006831,PA_RADAR_S,RADAR,PROTECTED_AREA,S,PA_RADAR_S,alarm,intrusion,intrusion:attack_05:step_01:PA_RADAR_S,intrusion,19.275612840320203,adversary,balanced_scenario:attack
2026-01-08T04:39:14,E000006831,PA_RADAR_S,RADAR,PROTECTED_AREA,S,PA_RADAR_S,alarm,intrusion,intrusion:attack_05:step_01:PA_RADAR_S,intrusion,19.275612840320203,adversary,balanced_scenario:attack
2026-01-08T04:39:14,E000006831,PA_RADAR_S,RADAR,PROTECTED_AREA,S,PA_RADAR_S,alarm,intrusion,intrusion:attack_05:step_01:PA_RADAR_S,intrusion,19.275612840320203,adversary,balanced_scenario:attack
2026-01-08T04:39:14,E000006831,PA_RADAR_S,RADAR,PROTECTED_AREA,S,PA_RADAR_S,alarm,intrusion,intrusion:attack_05:step_01:PA_RADAR_S,intrusion,19.275612840320203,adversary,balanced_scenario:attack
2026-01-08T06:35:47,E000000339,ACS_S-AC,ACCESS_CTRL,PERIMETER,S-AC,TURNSTILE_S-AC,alarm,valid,normal,benign,4.852638250123221,baseline,balanced_scenario:shift_in:turnstile_entry
2026-01-08T07:06:58,E000000344,PIR_HALL_MAIN,PIR,INTERIOR,BLDG,HALL_MAIN,alarm,valid,normal,benign,0.288554645899616,baseline,balanced_scenario:shift_in:exit_from:ROOM_SECURITY
2026-01-08T07:09:21,E000000216,BMS_SKIN_S_DOOR,BMS,SKIN,BLDG,SKIN_S_DOOR,alarm,valid,normal,benign,15.142082800343637,baseline,balanced_scenario:shift_in:exit_from:ROOM_ADMIN
2026-01-08T07:15:21,E000000465,PIR_ROOM_SECURITY,PIR,INTERIOR,BLDG,ROOM_SECURITY,alarm,valid,normal,benign,18.562198521621678,baseline,balanced_scenario:shift_in:move_to:ROOM_SECURITY
2026-01-08T07:20:30,E000000367,ACS_S-AC,ACCESS_CTRL,PERIMETER,S-AC,TURNSTILE_S-AC,alarm,valid,normal,benign,17.89365821472664,baseline,balanced_scenario:shift_in:exit_from:ROOM_SECURITY
2026-01-08T07:22:19,E000000450,PA_RADAR_S,RADAR,PROTECTED_AREA,S,PA_RADAR_S,alarm,valid,normal,benign,20.62978845573435,baseline,balanced_scenario:shift_in:move_to:ROOM_SECURITY
2026-01-08T07:28:54,E000000223,PIR_HALL_MAIN,PIR,INTERIOR,BLDG,HALL_MAIN,alarm,valid,normal,benign,14.993477787424913,baseline,balanced_scenario:shift_in:move_to:ROOM_ADMIN
2026-01-08T07:33:41,E000000441,PIR_ROOM_S_ENTRY,PIR,INTERIOR,BLDG,ROOM_S_ENTRY,alarm,valid,normal,benign,21.348348114827175,baseline,balanced_scenario:shift_in:move_to:ASSET_ROOM
2026-01-08T07:34:29,E000000443,PIR_ASSET_ROOM,PIR,ASSET,BLDG,ASSET_ROOM,alarm,valid,normal,benign,14.135773666876869,baseline,balanced_scenario:shift_in:move_to:ASSET_ROOM
2026-01-08T07:34:41,E000000153,ACS_S-AC,ACCESS_CTRL,PERIMETER,S-AC,TURNSTILE_S-AC,alarm,valid,normal,benign,12.907728324154249,baseline,balanced_scenario:shift_in:turnstile_entry
2026-01-08T07:36:56,E000000327,ACS_S-AC,ACCESS_CTRL,PERIMETER,S-AC,TURNSTILE_S-AC,alarm,valid,normal,benign,27.04451637628483,baseline,balanced_scenario:shift_in:turnstile_entry
2026-01-08T07:37:30,E000000329,BMS_SKIN_S_DOOR,BMS,SKIN,BLDG,SKIN_S_DOOR,alarm,valid,normal,benign,6.695389840734965,baseline,balanced_scenario:shift_in:move_to:ASSET_ROOM
2026-01-08T07:38:10,E000000331,PIR_HALL_MAIN,PIR,INTERIOR,BLDG,HALL_MAIN,alarm,valid,normal,benign,18.709977178193462,baseline,balanced_scenario:shift_in:move_to:ASSET_ROOM
2026-01-08T07:40:17,E000000165,BMS_SKIN_S_DOOR,BMS,SKIN,BLDG,SKIN_S_DOOR,alarm,valid,normal,benign,23.90587167485247,baseline,balanced_scenario:shift_in:move_to:ASSET_ROOM
2026-01-08T07:45:06,E000000193,BMS_SKIN_S_DOOR,BMS,SKIN,BLDG,SKIN_S_DOOR,alarm,valid,normal,benign,13.953013632265518,baseline,balanced_scenario:shift_in:move_to:ROOM_ADMIN
2026-01-08T07:45:07,E000000268,ACS_S-AC,ACCESS_CTRL,PERIMETER,S-AC,TURNSTILE_S-AC,alarm,valid,normal,benign,4.752996664438385,baseline,balanced_scenario:shift_in:exit_from:ROOM_ADMIN
2026-01-08T07:45:15,E000000187,PIR_HALL_MAIN,PIR,INTERIOR,BLDG,HALL_MAIN,alarm,valid,normal,benign,15.748475258373354,baseline,balanced_scenario:shift_in:exit_from:ROOM_SECURITY
2026-01-08T07:47:12,E000000124,ACS_S-AC,ACCESS_CTRL,PERIMETER,S-AC,TURNSTILE_S-AC,alarm,valid,normal,benign,8.669933869314121,baseline,balanced_scenario:shift_in:turnstile_entry
2026-01-08T07:47:56,E000000045,PIR_ROOM_S_ENTRY,PIR,INTERIOR,BLDG,ROOM_S_ENTRY,alarm,valid,normal,benign,2.2747939492135423,baseline,balanced_scenario:shift_in:move_to:ROOM_ADMIN
2026-01-08T07:51:46,E000000087,BMS_ASSET_DOOR,BMS,ASSET,BLDG,ASSET_ROOM,alarm,valid,normal,benign,3.828135455202034,baseline,balanced_scenario:shift_in:move_to:ASSET_ROOM
2026-01-08T07:53:19,E000000150,BMS_SKIN_S_DOOR,BMS,SKIN,BLDG,SKIN_S_DOOR,alarm,valid,normal,benign,16.511551035282988,baseline,balanced_scenario:shift_in:exit_from:ROOM_SECURITY
2026-01-08T07:54:55,E000000161,BMS_SKIN_S_DOOR,BMS,SKIN,BLDG,SKIN_S_DOOR,alarm,valid,normal,benign,20.910275054193818,baseline,balanced_scenario:shift_in:exit_from:ROOM_ADMIN
2026-01-08T07:56:12,E000000471,ACS_S-AC,ACCESS_CTRL,PERIMETER,S-AC,TURNSTILE_S-AC,alarm,valid,normal,benign,8.819735472595164,baseline,balanced_scenario:shift_in:turnstile_entry
2026-01-08T07:56:50,E000000094,ACS_S-AC,ACCESS_CTRL,PERIMETER,S-AC,TURNSTILE_S-AC,alarm,valid,normal,benign,8.184024785758742,baseline,balanced_scenario:shift_in:turnstile_entry
2026-01-08T07:57:42,E000000097,PIR_ROOM_S_ENTRY,PIR,INTERIOR,BLDG,ROOM_S_ENTRY,alarm,valid,normal,benign,17.176159383085324,baseline,balanced_scenario:shift_in:move_to:ROOM_SECURITY
2026-01-08T08:06:42,E000000091,BMS_SKIN_S_DOOR,BMS,SKIN,BLDG,SKIN_S_DOOR,alarm,valid,normal,benign,17.831460257025817,baseline,balanced_scenario:shift_in:exit_from:ASSET_ROOM
2026-01-08T08:06:43,E000000338,ACS_S-AC,ACCESS_CTRL,PERIMETER,S-AC,TURNSTILE_S-AC,alarm,valid,normal,benign,9.276133374862503,baseline,balanced_scenario:shift_in:exit_from:ASSET_ROOM
2026-01-08T08:13:05,E000000131,BMS_SKIN_S_DOOR,BMS,SKIN,BLDG,SKIN_S_DOOR,alarm,valid,normal,benign,28.59018963213957,baseline,balanced_scenario:shift_in:exit_from:ROOM_SECURITY
2026-01-08T08:13:33,E000000198,PA_RADAR_S,RADAR,PROTECTED_AREA,S,PA_RADAR_S,alarm,valid,normal,benign,13.31738474823156,baseline,balanced_scenario:shift_in:exit_from:ROOM_ADMIN
2026-01-08T08:14:13,E000000199,ACS_S-AC,ACCESS_CTRL,PERIMETER,S-AC,TURNSTILE_S-AC,alarm,valid,normal,benign,15.839047831139638,baseline,balanced_scenario:shift_in:exit_from:ROOM_ADMIN
2026-01-08T08:17:46,E000000168,PIR_HALL_MAIN,PIR,INTERIOR,BLDG,HALL_MAIN,alarm,valid,normal,benign,23.30903591646795,baseline,balanced_scenario:shift_in:exit_from:ASSET_ROOM
2026-01-08T08:18:45,E000000172,ACS_S-AC,ACCESS_CTRL,PERIMETER,S-AC,TURNSTILE_S-AC,alarm,valid,normal,benign,8.39695255606046,baseline,balanced_scenario:shift_in:exit_from:ASSET_ROOM
2026-01-08T08:26:25,E000000418,PA_RADAR_S,RADAR,PROTECTED_AREA,S,PA_RADAR_S,alarm,valid,normal,benign,21.81690943394592,baseline,balanced_scenario:shift_in:move_to:ROOM_ADMIN
2026-01-08T08:27:17,E000000289,PA_RADAR_S,RADAR,PROTECTED_AREA,S,PA_RADAR_S,alarm,valid,normal,benign,13.089375362003457,baseline,balanced_scenario:shift_in:exit_from:ROOM_ADMIN
2026-01-08T08:28:49,E000000103,ACS_S-AC,ACCESS_CTRL,PERIMETER,S-AC,TURNSTILE_S-AC,alarm,valid,normal,benign,10.814588473649327,baseline,balanced_scenario:shift_in:exit_from:ROOM_SECURITY
2026-01-08T08:38:29,E000000062,PA_RADAR_S,RADAR,PROTECTED_AREA,S,PA_RADAR_S,alarm,valid,normal,benign,19.26742807242407,baseline,balanced_scenario:shift_in:move_to:ROOM_ADMIN
2026-01-08T09:07:07,E000000068,BMS_SKIN_S_DOOR,BMS,SKIN,BLDG,SKIN_S_DOOR,alarm,valid,normal,benign,4.778878897167468,baseline,balanced_scenario:shift_in:exit_from:ROOM_ADMIN
2026-01-08T11:09:14,E000001044,PA_RADAR_S,RADAR,PROTECTED_AREA,S,PA_RADAR_S,alarm,valid,normal,benign,7.397918836984198,baseline,balanced_scenario:meal_exit:move_to:ROOM_SECURITY
2026-01-08T11:10:28,E000001048,PIR_ROOM_SECURITY,PIR,INTERIOR,BLDG,ROOM_SECURITY,alarm,valid,normal,benign,16.257261120675032,baseline,balanced_scenario:meal_exit:move_to:ROOM_SECURITY
2026-01-08T11:18:40,E000001003,BMS_SKIN_S_DOOR,BMS,SKIN,BLDG,SKIN_S_DOOR,alarm,valid,normal,benign,24.23000127400285,baseline,balanced_scenario:meal_exit:move_to:ROOM_ADMIN
2026-01-08T11:28:29,E000001066,BMS_SKIN_S_DOOR,BMS,SKIN,BLDG,SKIN_S_DOOR,alarm,valid,normal,benign,32.30985243505597,baseline,balanced_scenario:meal_exit:move_to:ROOM_SECURITY
2026-01-08T11:29:53,E000001025,PIR_ROOM_S_ENTRY,PIR,INTERIOR,BLDG,ROOM_S_ENTRY,alarm,valid,normal,benign,21.552608552750748,baseline,balanced_scenario:meal_exit:move_to:ROOM_SECURITY
2026-01-08T11:32:22,E000000939,ACS_S-AC,ACCESS_CTRL,PERIMETER,S-AC,TURNSTILE_S-AC,alarm,valid,normal,benign,13.280469114932266,baseline,balanced_scenario:meal_exit:turnstile_entry
2026-01-08T11:33:19,E000001057,PIR_HALL_MAIN,PIR,INTERIOR,BLDG,HALL_MAIN,alarm,valid,normal,benign,20.98843410245461,baseline,balanced_scenario:meal_exit:move_to:ROOM_SECURITY
2026-01-08T11:33:19,E000001096,ACS_S-AC,ACCESS_CTRL,PERIMETER,S-AC,TURNSTILE_S-AC,alarm,valid,normal,benign,27.320332201578875,baseline,balanced_scenario:meal_exit:turnstile_entry
2026-01-08T11:33:53,E000001099,PIR_ROOM_S_ENTRY,PIR,INTERIOR,BLDG,ROOM_S_ENTRY,alarm,valid,normal,benign,13.730034641910356,baseline,balanced_scenario:meal_exit:move_to:ROOM_SECURITY
2026-01-08T11:34:10,E000001100,PIR_HALL_MAIN,PIR,INTERIOR,BLDG,HALL_MAIN,alarm,valid,normal,benign,16.291408907799855,baseline,balanced_scenario:meal_exit:move_to:ROOM_SECURITY
2026-01-08T11:40:12,E000000991,PA_RADAR_S,RADAR,PROTECTED_AREA,S,PA_RADAR_S,alarm,valid,normal,benign,9.36145612801461,baseline,balanced_scenario:meal_exit:move_to:ROOM_SECURITY
2026-01-08T11:42:25,E000000969,ACS_S-AC,ACCESS_CTRL,PERIMETER,S-AC,TURNSTILE_S-AC,alarm,valid,normal,benign,14.34442337277219,baseline,balanced_scenario:meal_exit:turnstile_entry
2026-01-08T11:58:45,E000001030,PA_RADAR_S,RADAR,PROTECTED_AREA,S,PA_RADAR_S,alarm,valid,normal,benign,16.283146954544748,baseline,balanced_scenario:meal_exit:exit_from:ROOM_SECURITY
2026-01-08T12:04:00,E000001104,BMS_SKIN_S_DOOR,BMS,SKIN,BLDG,SKIN_S_DOOR,alarm,valid,normal,benign,17.07961162951777,baseline,balanced_scenario:meal_exit:exit_from:ROOM_SECURITY
2026-01-08T12:07:13,E000001291,BMS_SKIN_S_DOOR,BMS,SKIN,BLDG,SKIN_S_DOOR,alarm,valid,normal,benign,17.891259891643593,baseline,balanced_scenario:meal_return:move_to:ROOM_SECURITY
2026-01-08T12:13:21,E000001190,PIR_ROOM_S_ENTRY,PIR,INTERIOR,BLDG,ROOM_S_ENTRY,alarm,valid,normal,benign,12.701781681890967,baseline,balanced_scenario:meal_return:move_to:ROOM_SECURITY
2026-01-08T12:25:13,E000001230,PIR_ROOM_S_ENTRY,PIR,INTERIOR,BLDG,ROOM_S_ENTRY,alarm,valid,normal,benign,17.1999477514525,baseline,balanced_scenario:meal_return:move_to:ROOM_SECURITY
2026-01-08T12:31:12,E000001299,ACS_S-AC,ACCESS_CTRL,PERIMETER,S-AC,TURNSTILE_S-AC,alarm,valid,normal,benign,12.433941333046295,baseline,balanced_scenario:meal_return:turnstile_entry
2026-01-08T12:34:11,E000001356,PIR_HALL_MAIN,PIR,INTERIOR,BLDG,HALL_MAIN,alarm,valid,normal,benign,14.67312095302606,baseline,balanced_scenario:straggler:exit_from:ROOM_SECURITY
2026-01-08T12:41:01,E000001211,PIR_ROOM_ADMIN,PIR,INTERIOR,BLDG,ROOM_ADMIN,alarm,valid,normal,benign,8.369351727132827,baseline,balanced_scenario:meal_return:move_to:ROOM_ADMIN
2026-01-08T12:47:09,E000001166,PA_RADAR_S,RADAR,PROTECTED_AREA,S,PA_RADAR_S,alarm,valid,normal,benign,10.583190347168106,baseline,balanced_scenario:meal_return:move_to:ROOM_ADMIN
2026-01-08T12:47:42,E000001168,PIR_ROOM_S_ENTRY,PIR,INTERIOR,BLDG,ROOM_S_ENTRY,alarm,valid,normal,benign,15.81336366907987,baseline,balanced_scenario:meal_return:move_to:ROOM_ADMIN
2026-01-08T12:47:43,E000001126,ACS_S-AC,ACCESS_CTRL,PERIMETER,S-AC,TURNSTILE_S-AC,alarm,valid,normal,benign,20.88121231605837,baseline,balanced_scenario:meal_return:turnstile_entry
2026-01-08T12:49:10,E000001235,BMS_SKIN_S_DOOR,BMS,SKIN,BLDG,SKIN_S_DOOR,alarm,valid,normal,benign,16.148455346232844,baseline,balanced_scenario:meal_return:exit_from:ROOM_SECURITY
2026-01-08T13:01:00,E000001148,ACS_S-AC,ACCESS_CTRL,PERIMETER,S-AC,TURNSTILE_S-AC,alarm,valid,normal,benign,7.496882375258124,baseline,balanced_scenario:meal_return:turnstile_entry
2026-01-08T13:04:55,E000001370,ACS_S-AC,ACCESS_CTRL,PERIMETER,S-AC,TURNSTILE_S-AC,alarm,valid,normal,benign,20.805816106320183,baseline,balanced_scenario:straggler:exit_from:ROOM_SECURITY
2026-01-08T14:02:02,E000000031,PIR_ROOM_W_ENTRY,PIR,INTERIOR,BLDG,ROOM_W_ENTRY,alarm,invalid,false_positive,false_positive,19.595842942020912,env,balanced_scenario
2026-01-08T14:02:02,E000000031,PIR_ROOM_W_ENTRY,PIR,INTERIOR,BLDG,ROOM_W_ENTRY,alarm,invalid,false_positive,false_positive,19.595842942020912,env,balanced_scenario
2026-01-08T14:02:02,E000000031,PIR_ROOM_W_ENTRY,PIR,INTERIOR,BLDG,ROOM_W_ENTRY,alarm,invalid,false_positive,false_positive,19.595842942020912,env,balanced_scenario
2026-01-08T14:02:02,E000000031,PIR_ROOM_W_ENTRY,PIR,INTERIOR,BLDG,ROOM_W_ENTRY,alarm,invalid,false_positive,false_positive,19.595842942020912,env,balanced_scenario
2026-01-08T14:02:02,E000000031,PIR_ROOM_W_ENTRY,PIR,INTERIOR,BLDG,ROOM_W_ENTRY,alarm,invalid,false_positive,false_positive,19.595842942020912,env,balanced_scenario
2026-01-08T14:02:02,E000000031,PIR_ROOM_W_ENTRY,PIR,INTERIOR,BLDG,ROOM_W_ENTRY,alarm,invalid,false_positive,false_positive,19.595842942020912,env,balanced_scenario
2026-01-08T14:02:02,E000000031,PIR_ROOM_W_ENTRY,PIR,INTERIOR,BLDG,ROOM_W_ENTRY,alarm,invalid,false_positive,false_positive,19.595842942020912,env,balanced_scenario
2026-01-08T14:02:02,E000000031,PIR_ROOM_W_ENTRY,PIR,INTERIOR,BLDG,ROOM_W_ENTRY,alarm,invalid,false_positive,false_positive,19.595842942020912,env,balanced_scenario
2026-01-08T14:02:02,E000000031,PIR_ROOM_W_ENTRY,PIR,INTERIOR,BLDG,ROOM_W_ENTRY,alarm,invalid,false_positive,false_positive,19.595842942020912,env,balanced_scenario
2026-01-08T14:02:02,E000000031,PIR_ROOM_W_ENTRY,PIR,INTERIOR,BLDG,ROOM_W_ENTRY,alarm,invalid,false_positive,false_positive,19.595842942020912,env,balanced_scenario
2026-01-08T14:02:02,E000000031,PIR_ROOM_W_ENTRY,PIR,INTERIOR,BLDG,ROOM_W_ENTRY,alarm,invalid,false_positive,false_positive,19.595842942020912,env,balanced_scenario
2026-01-08T14:02:02,E000000031,PIR_ROOM_W_ENTRY,PIR,INTERIOR,BLDG,ROOM_W_ENTRY,alarm,invalid,false_positive,false_positive,19.595842942020912,env,balanced_scenario
2026-01-08T14:43:40,E000001389,PA_RADAR_S,RADAR,PROTECTED_AREA,S,PA_RADAR_S,alarm,valid,normal,benign,12.713748507017534,baseline,balanced_scenario:straggler:exit_from:ROOM_SECURITY
2026-01-08T15:59:37,E000000552,PA_RADAR_S,RADAR,PROTECTED_AREA,S,PA_RADAR_S,alarm,valid,normal,benign,29.765971217672792,baseline,balanced_scenario:shift_out:move_to:ROOM_SECURITY
2026-01-08T16:01:41,E000000773,PIR_HALL_MAIN,PIR,INTERIOR,BLDG,HALL_MAIN,alarm,valid,normal,benign,19.036303459714496,baseline,balanced_scenario:shift_out:exit_from:ROOM_SECURITY
2026-01-08T16:03:31,E000001323,PIR_HALL_MAIN,PIR,INTERIOR,BLDG,HALL_MAIN,alarm,valid,normal,benign,12.375829650696195,baseline,balanced_scenario:straggler:move_to:ROOM_ADMIN
2026-01-08T16:03:53,E000001324,PIR_ROOM_ADMIN,PIR,INTERIOR,BLDG,ROOM_ADMIN,alarm,valid,normal,benign,3.489404466262279,baseline,balanced_scenario:straggler:move_to:ROOM_ADMIN
2026-01-08T16:05:45,E000000801,PIR_HALL_MAIN,PIR,INTERIOR,BLDG,HALL_MAIN,alarm,valid,normal,benign,15.40353862523159,baseline,balanced_scenario:shift_out:move_to:ROOM_SECURITY
2026-01-08T16:06:07,E000000802,PIR_ROOM_SECURITY,PIR,INTERIOR,BLDG,ROOM_SECURITY,alarm,valid,normal,benign,6.343002258238345,baseline,balanced_scenario:shift_out:move_to:ROOM_SECURITY
2026-01-08T16:10:41,E000000834,PIR_HALL_MAIN,PIR,INTERIOR,BLDG,HALL_MAIN,alarm,valid,normal,benign,9.948166776496354,baseline,balanced_scenario:shift_out:move_to:ROOM_SECURITY
2026-01-08T16:15:40,E000000544,PIR_ROOM_S_ENTRY,PIR,INTERIOR,BLDG,ROOM_S_ENTRY,alarm,valid,normal,benign,17.331868682998167,baseline,balanced_scenario:shift_out:move_to:ROOM_ADMIN
2026-01-08T16:16:12,E000001327,PA_RADAR_S,RADAR,PROTECTED_AREA,S,PA_RADAR_S,alarm,valid,normal,benign,11.060921511460183,baseline,balanced_scenario:straggler:exit_from:ROOM_ADMIN
2026-01-08T16:16:30,E000000545,PIR_ROOM_ADMIN,PIR,INTERIOR,BLDG,ROOM_ADMIN,alarm,valid,normal,benign,8.51922383338053,baseline,balanced_scenario:shift_out:move_to:ROOM_ADMIN
2026-01-08T16:17:16,E000000566,PIR_HALL_MAIN,PIR,INTERIOR,BLDG,HALL_MAIN,alarm,valid,normal,benign,1.0705490834341589,baseline,balanced_scenario:shift_out:move_to:ROOM_SECURITY
2026-01-08T16:17:36,E000000929,ACS_S-AC,ACCESS_CTRL,PERIMETER,S-AC,TURNSTILE_S-AC,alarm,valid,normal,benign,14.582767032122424,baseline,balanced_scenario:shift_out:turnstile_entry
2026-01-08T16:18:21,E000000931,BMS_SKIN_S_DOOR,BMS,SKIN,BLDG,SKIN_S_DOOR,alarm,valid,normal,benign,19.314787518670727,baseline,balanced_scenario:shift_out:move_to:ROOM_ADMIN
2026-01-08T16:20:17,E000000574,PA_RADAR_S,RADAR,PROTECTED_AREA,S,PA_RADAR_S,alarm,valid,normal,benign,15.066814771662015,baseline,balanced_scenario:shift_out:move_to:ROOM_ADMIN
2026-01-08T16:21:47,E000000596,PA_RADAR_S,RADAR,PROTECTED_AREA,S,PA_RADAR_S,alarm,valid,normal,benign,18.043664465032194,baseline,balanced_scenario:shift_out:move_to:ROOM_SECURITY
2026-01-08T16:26:11,E000000482,ACS_S-AC,ACCESS_CTRL,PERIMETER,S-AC,TURNSTILE_S-AC,alarm,valid,normal,benign,11.152820536656609,baseline,balanced_scenario:shift_out:turnstile_entry
2026-01-08T16:30:42,E000000839,PA_RADAR_S,RADAR,PROTECTED_AREA,S,PA_RADAR_S,alarm,valid,normal,benign,20.567743650643063,baseline,balanced_scenario:shift_out:exit_from:ROOM_SECURITY
2026-01-08T16:30:54,E000000678,PIR_ROOM_S_ENTRY,PIR,INTERIOR,BLDG,ROOM_S_ENTRY,alarm,valid,normal,benign,19.9273834725757,baseline,balanced_scenario:shift_out:move_to:ROOM_SECURITY
2026-01-08T16:35:50,E000000874,PIR_ROOM_S_ENTRY,PIR,INTERIOR,BLDG,ROOM_S_ENTRY,alarm,valid,normal,benign,13.744486932140937,baseline,balanced_scenario:shift_out:move_to:ROOM_ADMIN
2026-01-08T16:36:55,E000000644,PA_RADAR_S,RADAR,PROTECTED_AREA,S,PA_RADAR_S,alarm,valid,normal,benign,9.058081412664865,baseline,balanced_scenario:shift_out:move_to:ROOM_ADMIN
2026-01-08T16:37:23,E000000645,BMS_SKIN_S_DOOR,BMS,SKIN,BLDG,SKIN_S_DOOR,alarm,valid,normal,benign,6.35720165451335,baseline,balanced_scenario:shift_out:move_to:ROOM_ADMIN
2026-01-08T16:37:46,E000000580,PIR_ROOM_S_ENTRY,PIR,INTERIOR,BLDG,ROOM_S_ENTRY,alarm,valid,normal,benign,20.987271900142794,baseline,balanced_scenario:shift_out:exit_from:ROOM_ADMIN
2026-01-08T16:39:36,E000000698,PIR_HALL_MAIN,PIR,INTERIOR,BLDG,HALL_MAIN,alarm,valid,normal,benign,8.63293536532068,baseline,balanced_scenario:shift_out:move_to:ROOM_ADMIN
2026-01-08T16:40:27,E000000675,ACS_S-AC,ACCESS_CTRL,PERIMETER,S-AC,TURNSTILE_S-AC,alarm,valid,normal,benign,8.361513801418095,baseline,balanced_scenario:shift_out:exit_from:ASSET_ROOM
2026-01-08T16:42:01,E000000749,PIR_ROOM_S_ENTRY,PIR,INTERIOR,BLDG,ROOM_S_ENTRY,alarm,valid,normal,benign,14.128013767946825,baseline,balanced_scenario:shift_out:move_to:ROOM_ADMIN
2026-01-08T16:42:36,E000000751,PIR_ROOM_ADMIN,PIR,INTERIOR,BLDG,ROOM_ADMIN,alarm,valid,normal,benign,17.861668116690346,baseline,balanced_scenario:shift_out:move_to:ROOM_ADMIN
2026-01-08T16:45:02,E000000886,PIR_HALL_MAIN,PIR,INTERIOR,BLDG,HALL_MAIN,alarm,valid,normal,benign,23.129908231428356,baseline,balanced_scenario:shift_out:exit_from:ROOM_ADMIN
2026-01-08T16:51:21,E000000692,PA_RADAR_S,RADAR,PROTECTED_AREA,S,PA_RADAR_S,alarm,valid,normal,benign,15.378688383014046,baseline,balanced_scenario:shift_out:exit_from:ROOM_SECURITY
2026-01-08T16:59:31,E000000712,PIR_ROOM_S_ENTRY,PIR,INTERIOR,BLDG,ROOM_S_ENTRY,alarm,valid,normal,benign,14.575414183601866,baseline,balanced_scenario:shift_out:exit_from:ROOM_SECURITY
2026-01-08T16:59:55,E000000713,BMS_SKIN_S_DOOR,BMS,SKIN,BLDG,SKIN_S_DOOR,alarm,valid,normal,benign,18.32066038421472,baseline,balanced_scenario:shift_out:exit_from:ROOM_SECURITY
2026-01-08T17:02:24,E000000724,PA_RADAR_S,RADAR,PROTECTED_AREA,S,PA_RADAR_S,alarm,valid,normal,benign,1.5736179033375812,baseline,balanced_scenario:shift_out:exit_from:ROOM_SECURITY
2026-01-08T17:09:28,E000000785,BMS_SKIN_S_DOOR,BMS,SKIN,BLDG,SKIN_S_DOOR,alarm,valid,normal,benign,19.256433581716514,baseline,balanced_scenario:shift_out:exit_from:ROOM_ADMIN
2026-01-08T17:10:52,E000000609,PIR_HALL_MAIN,PIR,INTERIOR,BLDG,HALL_MAIN,alarm,valid,normal,benign,18.643782705157854,baseline,balanced_scenario:shift_out:exit_from:ROOM_ADMIN
2026-01-08T17:11:32,E000000611,BMS_SKIN_S_DOOR,BMS,SKIN,BLDG,SKIN_S_DOOR,alarm,valid,normal,benign,18.910825464597636,baseline,balanced_scenario:shift_out:exit_from:ROOM_ADMIN
2026-01-08T17:12:45,E000000735,ACS_S-AC,ACCESS_CTRL,PERIMETER,S-AC,TURNSTILE_S-AC,alarm,valid,normal,benign,8.651242645319853,baseline,balanced_scenario:shift_out:exit_from:ROOM_SECURITY
2026-01-08T17:14:48,E000000765,PA_RADAR_S,RADAR,PROTECTED_AREA,S,PA_RADAR_S,alarm,valid,normal,benign,7.177547179501418,baseline,balanced_scenario:shift_out:exit_from:ROOM_ADMIN
2026-01-08T17:15:16,E000000766,ACS_S-AC,ACCESS_CTRL,PERIMETER,S-AC,TURNSTILE_S-AC,alarm,valid,normal,benign,12.816012685713646,baseline,balanced_scenario:shift_out:exit_from:ROOM_ADMIN
2026-01-08T19:16:34,E000000006,FENCE_DISTURB_E-0,FENCE_DISTURB,PERIMETER,E-0,PERIM_E-0,alarm,valid,false_positive,false_positive,11.407918027326177,env,balanced_scenario
2026-01-08T19:16:34,E000000006,FENCE_DISTURB_E-0,FENCE_DISTURB,PERIMETER,E-0,PERIM_E-0,alarm,valid,false_positive,false_positive,11.407918027326177,env,balanced_scenario
2026-01-08T19:16:34,E000000006,FENCE_DISTURB_E-0,FENCE_DISTURB,PERIMETER,E-0,PERIM_E-0,alarm,valid,false_positive,false_positive,11.407918027326177,env,balanced_scenario
2026-01-08T19:16:34,E000000006,FENCE_DISTURB_E-0,FENCE_DISTURB,PERIMETER,E-0,PERIM_E-0,alarm,valid,false_positive,false_positive,11.407918027326177,env,balanced_scenario
2026-01-08T19:16:34,E000000006,FENCE_DISTURB_E-0,FENCE_DISTURB,PERIMETER,E-0,PERIM_E-0,alarm,valid,false_positive,false_positive,11.407918027326177,env,balanced_scenario
2026-01-08T19:16:34,E000000006,FENCE_DISTURB_E-0,FENCE_DISTURB,PERIMETER,E-0,PERIM_E-0,alarm,valid,false_positive,false_positive,11.407918027326177,env,balanced_scenario
2026-01-08T19:16:34,E000000006,FENCE_DISTURB_E-0,FENCE_DISTURB,PERIMETER,E-0,PERIM_E-0,alarm,valid,false_positive,false_positive,11.407918027326177,env,balanced_scenario
2026-01-08T19:16:34,E000000006,FENCE_DISTURB_E-0,FENCE_DISTURB,PERIMETER,E-0,PERIM_E-0,alarm,valid,false_positive,false_positive,11.407918027326177,env,balanced_scenario
2026-01-08T19:16:34,E000000006,FENCE_DISTURB_E-0,FENCE_DISTURB,PERIMETER,E-0,PERIM_E-0,alarm,valid,false_positive,false_positive,11.407918027326177,env,balanced_scenario
2026-01-08T19:16:34,E000000006,FENCE_DISTURB_E-0,FENCE_DISTURB,PERIMETER,E-0,PERIM_E-0,alarm,valid,false_positive,false_positive,11.407918027326177,env,balanced_scenario
2026-01-08T19:16:34,E000000006,FENCE_DISTURB_E-0,FENCE_DISTURB,PERIMETER,E-0,PERIM_E-0,alarm,valid,false_positive,false_positive,11.407918027326177,env,balanced_scenario
2026-01-08T19:16:34,E000000006,FENCE_DISTURB_E-0,FENCE_DISTURB,PERIMETER,E-0,PERIM_E-0,alarm,valid,false_positive,false_positive,11.407918027326177,env,balanced_scenario
2026-01-08T19:16:34,E000000006,FENCE_DISTURB_E-0,FENCE_DISTURB,PERIMETER,E-0,PERIM_E-0,alarm,valid,false_positive,false_positive,11.407918027326177,env,balanced_scenario
2026-01-08T19:16:34,E000000006,FENCE_DISTURB_E-0,FENCE_DISTURB,PERIMETER,E-0,PERIM_E-0,alarm,valid,false_positive,false_positive,11.407918027326177,env,balanced_scenario
2026-01-08T19:16:34,E000000006,FENCE_DISTURB_E-0,FENCE_DISTURB,PERIMETER,E-0,PERIM_E-0,alarm,valid,false_positive,false_positive,11.407918027326177,env,balanced_scenario
2026-01-08T19:16:34,E000000006,FENCE_DISTURB_E-0,FENCE_DISTURB,PERIMETER,E-0,PERIM_E-0,alarm,valid,false_positive,false_positive,11.407918027326177,env,balanced_scenario
2026-01-08T20:12:38,E000000019,PA_RADAR_N,RADAR,PROTECTED_AREA,N,PA_RADAR_N,alarm,invalid,false_positive,false_positive,14.927156698884644,env,balanced_scenario
2026-01-08T20:12:38,E000000019,PA_RADAR_N,RADAR,PROTECTED_AREA,N,PA_RADAR_N,alarm,invalid,false_positive,false_positive,14.927156698884644,env,balanced_scenario
2026-01-08T20:12:38,E000000019,PA_RADAR_N,RADAR,PROTECTED_AREA,N,PA_RADAR_N,alarm,invalid,false_positive,false_positive,14.927156698884644,env,balanced_scenario
2026-01-08T20:12:38,E000000019,PA_RADAR_N,RADAR,PROTECTED_AREA,N,PA_RADAR_N,alarm,invalid,false_positive,false_positive,14.927156698884644,env,balanced_scenario
2026-01-08T20:12:38,E000000019,PA_RADAR_N,RADAR,PROTECTED_AREA,N,PA_RADAR_N,alarm,invalid,false_positive,false_positive,14.927156698884644,env,balanced_scenario
2026-01-08T20:12:38,E000000019,PA_RADAR_N,RADAR,PROTECTED_AREA,N,PA_RADAR_N,alarm,invalid,false_positive,false_positive,14.927156698884644,env,balanced_scenario
2026-01-08T20:12:38,E000000019,PA_RADAR_N,RADAR,PROTECTED_AREA,N,PA_RADAR_N,alarm,invalid,false_positive,false_positive,14.927156698884644,env,balanced_scenario
2026-01-08T20:12:38,E000000019,PA_RADAR_N,RADAR,PROTECTED_AREA,N,PA_RADAR_N,alarm,invalid,false_positive,false_positive,14.927156698884644,env,balanced_scenario
2026-01-08T20:12:38,E000000019,PA_RADAR_N,RADAR,PROTECTED_AREA,N,PA_RADAR_N,alarm,invalid,false_positive,false_positive,14.927156698884644,env,balanced_scenario
2026-01-08T20:12:38,E000000019,PA_RADAR_N,RADAR,PROTECTED_AREA,N,PA_RADAR_N,alarm,invalid,false_positive,false_positive,14.927156698884644,env,balanced_scenario
2026-01-08T20:12:38,E000000019,PA_RADAR_N,RADAR,PROTECTED_AREA,N,PA_RADAR_N,alarm,invalid,false_positive,false_positive,14.927156698884644,env,balanced_scenario
2026-01-08T20:12:38,E000000019,PA_RADAR_N,RADAR,PROTECTED_AREA,N,PA_RADAR_N,alarm,invalid,false_positive,false_positive,14.927156698884644,env,balanced_scenario
2026-01-08T20:12:38,E000000019,PA_RADAR_N,RADAR,PROTECTED_AREA,N,PA_RADAR_N,alarm,invalid,false_positive,false_positive,14.927156698884644,env,balanced_scenario
2026-01-08T20:12:38,E000000019,PA_RADAR_N,RADAR,PROTECTED_AREA,N,PA_RADAR_N,alarm,invalid,false_positive,false_positive,14.927156698884644,env,balanced_scenario
2026-01-08T20:12:38,E000000019,PA_RADAR_N,RADAR,PROTECTED_AREA,N,PA_RADAR_N,alarm,invalid,false_positive,false_positive,14.927156698884644,env,balanced_scenario
2026-01-08T20:12:38,E000000019,PA_RADAR_N,RADAR,PROTECTED_AREA,N,PA_RADAR_N,alarm,invalid,false_positive,false_positive,14.927156698884644,env,balanced_scenario
2026-01-08T20:12:38,E000000019,PA_RADAR_N,RADAR,PROTECTED_AREA,N,PA_RADAR_N,alarm,invalid,false_positive,false_positive,14.927156698884644,env,balanced_scenario
2026-01-08T20:12:38,E000000019,PA_RADAR_N,RADAR,PROTECTED_AREA,N,PA_RADAR_N,alarm,invalid,false_positive,false_positive,14.927156698884644,env,balanced_scenario
2026-01-08T20:56:54,E000000018,PA_RADAR_N,RADAR,PROTECTED_AREA,N,PA_RADAR_N,alarm,invalid,false_positive,false_positive,16.354898449322675,env,balanced_scenario
2026-01-08T20:56:54,E000000018,PA_RADAR_N,RADAR,PROTECTED_AREA,N,PA_RADAR_N,alarm,invalid,false_positive,false_positive,16.354898449322675,env,balanced_scenario
2026-01-08T20:56:54,E000000018,PA_RADAR_N,RADAR,PROTECTED_AREA,N,PA_RADAR_N,alarm,invalid,false_positive,false_positive,16.354898449322675,env,balanced_scenario
2026-01-08T20:56:54,E000000018,PA_RADAR_N,RADAR,PROTECTED_AREA,N,PA_RADAR_N,alarm,invalid,false_positive,false_positive,16.354898449322675,env,balanced_scenario
2026-01-08T20:56:54,E000000018,PA_RADAR_N,RADAR,PROTECTED_AREA,N,PA_RADAR_N,alarm,invalid,false_positive,false_positive,16.354898449322675,env,balanced_scenario
2026-01-08T20:56:54,E000000018,PA_RADAR_N,RADAR,PROTECTED_AREA,N,PA_RADAR_N,alarm,invalid,false_positive,false_positive,16.354898449322675,env,balanced_scenario
2026-01-08T20:56:54,E000000018,PA_RADAR_N,RADAR,PROTECTED_AREA,N,PA_RADAR_N,alarm,invalid,false_positive,false_positive,16.354898449322675,env,balanced_scenario
2026-01-08T20:56:54,E000000018,PA_RADAR_N,RADAR,PROTECTED_AREA,N,PA_RADAR_N,alarm,invalid,false_positive,false_positive,16.354898449322675,env,balanced_scenario
2026-01-08T20:56:54,E000000018,PA_RADAR_N,RADAR,PROTECTED_AREA,N,PA_RADAR_N,alarm,invalid,false_positive,false_positive,16.354898449322675,env,balanced_scenario
2026-01-08T20:56:54,E000000018,PA_RADAR_N,RADAR,PROTECTED_AREA,N,PA_RADAR_N,alarm,invalid,false_positive,false_positive,16.354898449322675,env,balanced_scenario
2026-01-08T20:56:54,E000000018,PA_RADAR_N,RADAR,PROTECTED_AREA,N,PA_RADAR_N,alarm,invalid,false_positive,false_positive,16.354898449322675,env,balanced_scenario
2026-01-08T20:56:54,E000000018,PA_RADAR_N,RADAR,PROTECTED_AREA,N,PA_RADAR_N,alarm,invalid,false_positive,false_positive,16.354898449322675,env,balanced_scenario
2026-01-08T20:56:54,E000000018,PA_RADAR_N,RADAR,PROTECTED_AREA,N,PA_RADAR_N,alarm,invalid,false_positive,false_positive,16.354898449322675,env,balanced_scenario
2026-01-08T20:56:54,E000000018,PA_RADAR_N,RADAR,PROTECTED_AREA,N,PA_RADAR_N,alarm,invalid,false_positive,false_positive,16.354898449322675,env,balanced_scenario
2026-01-08T20:56:54,E000000018,PA_RADAR_N,RADAR,PROTECTED_AREA,N,PA_RADAR_N,alarm,invalid,false_positive,false_positive,16.354898449322675,env,balanced_scenario
2026-01-08T20:56:54,E000000018,PA_RADAR_N,RADAR,PROTECTED_AREA,N,PA_RADAR_N,alarm,invalid,false_positive,false_positive,16.354898449322675,env,balanced_scenario
2026-01-09T00:31:30,E000000029,BMS_SKIN_W_WIN1,BMS,SKIN,BLDG,SKIN_W_WIN1,alarm,invalid,false_positive,false_positive,20.813038323310277,env,balanced_scenario
2026-01-09T00:31:30,E000000029,BMS_SKIN_W_WIN1,BMS,SKIN,BLDG,SKIN_W_WIN1,alarm,invalid,false_positive,false_positive,20.813038323310277,env,balanced_scenario
2026-01-09T00:31:30,E000000029,BMS_SKIN_W_WIN1,BMS,SKIN,BLDG,SKIN_W_WIN1,alarm,invalid,false_positive,false_positive,20.813038323310277,env,balanced_scenario
2026-01-09T00:31:30,E000000029,BMS_SKIN_W_WIN1,BMS,SKIN,BLDG,SKIN_W_WIN1,alarm,invalid,false_positive,false_positive,20.813038323310277,env,balanced_scenario
2026-01-09T00:31:30,E000000029,BMS_SKIN_W_WIN1,BMS,SKIN,BLDG,SKIN_W_WIN1,alarm,invalid,false_positive,false_positive,20.813038323310277,env,balanced_scenario
2026-01-09T00:31:30,E000000029,BMS_SKIN_W_WIN1,BMS,SKIN,BLDG,SKIN_W_WIN1,alarm,invalid,false_positive,false_positive,20.813038323310277,env,balanced_scenario
2026-01-09T00:31:30,E000000029,BMS_SKIN_W_WIN1,BMS,SKIN,BLDG,SKIN_W_WIN1,alarm,invalid,false_positive,false_positive,20.813038323310277,env,balanced_scenario
2026-01-09T00:31:30,E000000029,BMS_SKIN_W_WIN1,BMS,SKIN,BLDG,SKIN_W_WIN1,alarm,invalid,false_positive,false_positive,20.813038323310277,env,balanced_scenario
2026-01-09T00:31:30,E000000029,BMS_SKIN_W_WIN1,BMS,SKIN,BLDG,SKIN_W_WIN1,alarm,invalid,false_positive,false_positive,20.813038323310277,env,balanced_scenario
2026-01-09T00:31:30,E000000029,BMS_SKIN_W_WIN1,BMS,SKIN,BLDG,SKIN_W_WIN1,alarm,invalid,false_positive,false_positive,20.813038323310277,env,balanced_scenario
2026-01-09T00:31:30,E000000029,BMS_SKIN_W_WIN1,BMS,SKIN,BLDG,SKIN_W_WIN1,alarm,invalid,false_positive,false_positive,20.813038323310277,env,balanced_scenario
2026-01-09T00:31:30,E000000029,BMS_SKIN_W_WIN1,BMS,SKIN,BLDG,SKIN_W_WIN1,alarm,invalid,false_positive,false_positive,20.813038323310277,env,balanced_scenario
2026-01-09T06:54:41,E000001716,BMS_SKIN_S_DOOR,BMS,SKIN,BLDG,SKIN_S_DOOR,alarm,valid,normal,benign,0.0,baseline,balanced_scenario:shift_in:move_to:ROOM_ADMIN
2026-01-09T07:08:58,E000001774,PA_RADAR_S,RADAR,PROTECTED_AREA,S,PA_RADAR_S,alarm,valid,normal,benign,23.19416623291654,baseline,balanced_scenario:shift_in:move_to:ROOM_SECURITY
2026-01-09T07:09:28,E000001703,ACS_S-AC,ACCESS_CTRL,PERIMETER,S-AC,TURNSTILE_S-AC,alarm,valid,normal,benign,14.238191156438582,baseline,balanced_scenario:shift_in:turnstile_entry
2026-01-09T07:17:26,E000001807,PIR_ROOM_S_ENTRY,PIR,INTERIOR,BLDG,ROOM_S_ENTRY,alarm,valid,normal,benign,16.094410595397548,baseline,balanced_scenario:shift_in:move_to:ROOM_SECURITY
2026-01-09T07:17:54,E000001649,BMS_SKIN_S_DOOR,BMS,SKIN,BLDG,SKIN_S_DOOR,alarm,valid,normal,benign,20.99065920419943,baseline,balanced_scenario:shift_in:exit_from:ASSET_ROOM
2026-01-09T07:19:51,E000001431,ACS_S-AC,ACCESS_CTRL,PERIMETER,S-AC,TURNSTILE_S-AC,alarm,valid,normal,benign,14.280963240863567,baseline,balanced_scenario:shift_in:turnstile_entry
2026-01-09T07:21:06,E000001607,ACS_S-AC,ACCESS_CTRL,PERIMETER,S-AC,TURNSTILE_S-AC,alarm,valid,normal,benign,23.943131906487736,baseline,balanced_scenario:shift_in:exit_from:ASSET_ROOM
2026-01-09T07:21:14,E000001434,PIR_ROOM_SECURITY,PIR,INTERIOR,BLDG,ROOM_SECURITY,alarm,valid,normal,benign,14.018722317299769,baseline,balanced_scenario:shift_in:move_to:ROOM_SECURITY
2026-01-09T07:21:44,E000001663,BMS_SKIN_S_DOOR,BMS,SKIN,BLDG,SKIN_S_DOOR,alarm,valid,normal,benign,16.8360918421257,baseline,balanced_scenario:shift_in:move_to:ROOM_ADMIN
2026-01-09T07:21:45,E000001619,ACS_S-AC,ACCESS_CTRL,PERIMETER,S-AC,TURNSTILE_S-AC,alarm,valid,normal,benign,11.601331837438517,baseline,balanced_scenario:shift_in:turnstile_entry
2026-01-09T07:22:50,E000001672,ACS_S-AC,ACCESS_CTRL,PERIMETER,S-AC,TURNSTILE_S-AC,alarm,valid,normal,benign,22.312271541335768,baseline,balanced_scenario:shift_in:turnstile_entry
2026-01-09T07:22:55,E000001622,PIR_ROOM_S_ENTRY,PIR,INTERIOR,BLDG,ROOM_S_ENTRY,alarm,valid,normal,benign,14.05780705385061,baseline,balanced_scenario:shift_in:move_to:ROOM_ADMIN
2026-01-09T07:23:01,E000001673,PA_RADAR_S,RADAR,PROTECTED_AREA,S,PA_RADAR_S,alarm,valid,normal,benign,20.234880801261237,baseline,balanced_scenario:shift_in:move_to:ROOM_SECURITY
2026-01-09T07:26:54,E000001724,ACS_S-AC,ACCESS_CTRL,PERIMETER,S-AC,TURNSTILE_S-AC,alarm,valid,normal,benign,14.889634492161798,baseline,balanced_scenario:shift_in:turnstile_entry
2026-01-09T07:27:11,E000001625,PIR_HALL_MAIN,PIR,INTERIOR,BLDG,HALL_MAIN,alarm,valid,normal,benign,9.993630376418766,baseline,balanced_scenario:shift_in:exit_from:ROOM_ADMIN
2026-01-09T07:27:26,E000001837,ACS_S-AC,ACCESS_CTRL,PERIMETER,S-AC,TURNSTILE_S-AC,alarm,valid,normal,benign,19.854110726277142,baseline,balanced_scenario:shift_in:turnstile_entry
2026-01-09T07:27:27,E000001726,PIR_ROOM_S_ENTRY,PIR,INTERIOR,BLDG,ROOM_S_ENTRY,alarm,valid,normal,benign,17.89911479940247,baseline,balanced_scenario:shift_in:move_to:ROOM_ADMIN
2026-01-09T07:28:14,E000001427,PIR_ROOM_S_ENTRY,PIR,INTERIOR,BLDG,ROOM_S_ENTRY,alarm,valid,normal,benign,15.860177623857595,baseline,balanced_scenario:shift_in:exit_from:ROOM_SECURITY
2026-01-09T07:28:58,E000001842,PIR_ROOM_SECURITY,PIR,INTERIOR,BLDG,ROOM_SECURITY,alarm,valid,normal,benign,15.091454591439499,baseline,balanced_scenario:shift_in:move_to:ROOM_SECURITY
2026-01-09T07:30:15,E000001850,PIR_HALL_MAIN,PIR,INTERIOR,BLDG,HALL_MAIN,alarm,valid,normal,benign,18.83447985889305,baseline,balanced_scenario:shift_in:move_to:ROOM_ADMIN
2026-01-09T07:30:40,E000001681,PA_RADAR_S,RADAR,PROTECTED_AREA,S,PA_RADAR_S,alarm,valid,normal,benign,20.33711848206027,baseline,balanced_scenario:shift_in:exit_from:ROOM_SECURITY
2026-01-09T07:30:41,E000001810,PIR_HALL_MAIN,PIR,INTERIOR,BLDG,HALL_MAIN,alarm,valid,normal,benign,20.493246841772446,baseline,balanced_scenario:shift_in:exit_from:ROOM_SECURITY
2026-01-09T07:31:06,E000001682,ACS_S-AC,ACCESS_CTRL,PERIMETER,S-AC,TURNSTILE_S-AC,alarm,valid,normal,benign,9.351964428750485,baseline,balanced_scenario:shift_in:exit_from:ROOM_SECURITY
2026-01-09T07:35:29,E000001461,ACS_S-AC,ACCESS_CTRL,PERIMETER,S-AC,TURNSTILE_S-AC,alarm,valid,normal,benign,20.610241531359225,baseline,balanced_scenario:shift_in:turnstile_entry
2026-01-09T07:36:44,E000001409,BMS_SKIN_S_DOOR,BMS,SKIN,BLDG,SKIN_S_DOOR,alarm,valid,normal,benign,20.70797087492923,baseline,balanced_scenario:shift_in:exit_from:ROOM_SECURITY
2026-01-09T07:37:30,E000001530,PIR_HALL_MAIN,PIR,INTERIOR,BLDG,HALL_MAIN,alarm,valid,normal,benign,10.588892649127537,baseline,balanced_scenario:shift_in:move_to:ASSET_ROOM
2026-01-09T07:37:34,E000001508,PIR_ROOM_S_ENTRY,PIR,INTERIOR,BLDG,ROOM_S_ENTRY,alarm,invalid,normal,benign,9.337657482267108,baseline,balanced_scenario:shift_in:move_to:ROOM_SECURITY
2026-01-09T07:39:21,E000001536,PA_RADAR_S,RADAR,PROTECTED_AREA,S,PA_RADAR_S,alarm,valid,normal,benign,15.698503937462418,baseline,balanced_scenario:shift_in:exit_from:ASSET_ROOM
2026-01-09T07:43:43,E000001816,PA_RADAR_S,RADAR,PROTECTED_AREA,S,PA_RADAR_S,alarm,valid,normal,benign,9.953684434117523,baseline,balanced_scenario:shift_in:move_to:ROOM_SECURITY
2026-01-09T07:45:17,E000001617,PA_RADAR_S,RADAR,PROTECTED_AREA,S,PA_RADAR_S,alarm,valid,normal,benign,11.81090997661423,baseline,balanced_scenario:shift_in:exit_from:ROOM_ADMIN
2026-01-09T07:47:47,E000001853,BMS_SKIN_S_DOOR,BMS,SKIN,BLDG,SKIN_S_DOOR,alarm,valid,normal,benign,25.606043271681422,baseline,balanced_scenario:shift_in:exit_from:ROOM_ADMIN
2026-01-09T07:48:45,E000001551,PIR_HALL_MAIN,PIR,INTERIOR,BLDG,HALL_MAIN,alarm,valid,normal,benign,28.06106291995929,baseline,balanced_scenario:shift_in:exit_from:ROOM_ADMIN
2026-01-09T07:50:23,E000001554,ACS_S-AC,ACCESS_CTRL,PERIMETER,S-AC,TURNSTILE_S-AC,alarm,valid,normal,benign,10.600504355667566,baseline,balanced_scenario:shift_in:exit_from:ROOM_ADMIN
2026-01-09T07:51:01,E000001742,ACS_S-AC,ACCESS_CTRL,PERIMETER,S-AC,TURNSTILE_S-AC,alarm,valid,normal,benign,10.671959178273383,baseline,balanced_scenario:shift_in:turnstile_entry
2026-01-09T07:51:21,E000001835,PA_RADAR_S,RADAR,PROTECTED_AREA,S,PA_RADAR_S,alarm,valid,normal,benign,28.068931228990984,baseline,balanced_scenario:shift_in:exit_from:ROOM_ADMIN
2026-01-09T08:00:20,E000001476,BMS_ASSET_DOOR,BMS,ASSET,BLDG,ASSET_ROOM,alarm,valid,normal,benign,25.524545851674745,baseline,balanced_scenario:shift_in:move_to:ASSET_ROOM
2026-01-09T08:01:05,E000001446,PIR_HALL_MAIN,PIR,INTERIOR,BLDG,HALL_MAIN,alarm,valid,normal,benign,11.148356054537391,baseline,balanced_scenario:shift_in:exit_from:ROOM_SECURITY
2026-01-09T08:02:24,E000001447,BMS_SKIN_S_DOOR,BMS,SKIN,BLDG,SKIN_S_DOOR,alarm,valid,normal,benign,29.448778502904467,baseline,balanced_scenario:shift_in:exit_from:ROOM_SECURITY
2026-01-09T08:03:05,E000001469,PIR_ROOM_S_ENTRY,PIR,INTERIOR,BLDG,ROOM_S_ENTRY,alarm,valid,normal,benign,14.986980222279799,baseline,balanced_scenario:shift_in:exit_from:ASSET_ROOM
2026-01-09T11:21:28,E000002474,PA_RADAR_S,RADAR,PROTECTED_AREA,S,PA_RADAR_S,alarm,valid,normal,benign,15.18891979166904,baseline,balanced_scenario:meal_exit:move_to:ROOM_ADMIN
2026-01-09T11:26:34,E000002426,BMS_SKIN_S_DOOR,BMS,SKIN,BLDG,SKIN_S_DOOR,alarm,valid,normal,benign,31.0773313653836,baseline,balanced_scenario:meal_exit:move_to:ROOM_ADMIN
2026-01-09T11:27:00,E000002316,ACS_S-AC,ACCESS_CTRL,PERIMETER,S-AC,TURNSTILE_S-AC,alarm,valid,normal,benign,14.213841532866692,baseline,balanced_scenario:meal_exit:turnstile_entry
2026-01-09T11:33:02,E000002454,PA_RADAR_S,RADAR,PROTECTED_AREA,S,PA_RADAR_S,alarm,valid,normal,benign,12.084823586222896,baseline,balanced_scenario:meal_exit:move_to:ROOM_SECURITY
2026-01-09T11:33:36,E000002465,BMS_SKIN_S_DOOR,BMS,SKIN,BLDG,SKIN_S_DOOR,alarm,valid,normal,benign,14.158216617520072,baseline,balanced_scenario:meal_exit:move_to:ROOM_ADMIN
2026-01-09T11:34:19,E000002446,PIR_HALL_MAIN,PIR,INTERIOR,BLDG,HALL_MAIN,alarm,valid,normal,benign,18.649451225069345,baseline,balanced_scenario:meal_exit:move_to:ROOM_ADMIN
2026-01-09T11:35:12,E000002418,PIR_ROOM_SECURITY,PIR,INTERIOR,BLDG,ROOM_SECURITY,alarm,valid,normal,benign,6.230667858148898,baseline,balanced_scenario:meal_exit:move_to:ROOM_SECURITY
2026-01-09T11:39:58,E000002353,PIR_HALL_MAIN,PIR,INTERIOR,BLDG,HALL_MAIN,alarm,valid,normal,benign,17.362071518418137,baseline,balanced_scenario:meal_exit:exit_from:ROOM_SECURITY
2026-01-09T11:42:08,E000002459,PIR_ROOM_S_ENTRY,PIR,INTERIOR,BLDG,ROOM_S_ENTRY,alarm,valid,normal,benign,15.720920142000162,baseline,balanced_scenario:meal_exit:exit_from:ROOM_SECURITY
2026-01-09T11:47:12,E000002310,PIR_HALL_MAIN,PIR,INTERIOR,BLDG,HALL_MAIN,alarm,valid,normal,benign,10.992172209787483,baseline,balanced_scenario:meal_exit:move_to:ROOM_SECURITY
2026-01-09T11:49:35,E000002332,PIR_HALL_MAIN,PIR,INTERIOR,BLDG,HALL_MAIN,alarm,valid,normal,benign,14.216391023457195,baseline,balanced_scenario:meal_exit:exit_from:ROOM_SECURITY
2026-01-09T11:49:52,E000002408,PIR_ROOM_SECURITY,PIR,INTERIOR,BLDG,ROOM_SECURITY,alarm,valid,normal,benign,10.01031557649606,baseline,balanced_scenario:meal_exit:move_to:ROOM_SECURITY
2026-01-09T11:50:46,E000002334,BMS_SKIN_S_DOOR,BMS,SKIN,BLDG,SKIN_S_DOOR,alarm,valid,normal,benign,8.957891241055252,baseline,balanced_scenario:meal_exit:exit_from:ROOM_SECURITY
2026-01-09T11:51:30,E000002322,PIR_ROOM_S_ENTRY,PIR,INTERIOR,BLDG,ROOM_S_ENTRY,alarm,valid,normal,benign,22.871488038436333,baseline,balanced_scenario:meal_exit:exit_from:ROOM_SECURITY
2026-01-09T11:54:06,E000002419,PIR_HALL_MAIN,PIR,INTERIOR,BLDG,HALL_MAIN,alarm,valid,normal,benign,6.911087126845699,baseline,balanced_scenario:meal_exit:exit_from:ROOM_SECURITY
2026-01-09T11:56:45,E000002473,ACS_S-AC,ACCESS_CTRL,PERIMETER,S-AC,TURNSTILE_S-AC,alarm,valid,normal,benign,21.057026777266888,baseline,balanced_scenario:meal_exit:exit_from:ROOM_ADMIN
2026-01-09T11:59:52,E000002411,BMS_SKIN_S_DOOR,BMS,SKIN,BLDG,SKIN_S_DOOR,alarm,valid,normal,benign,19.64581978498576,baseline,balanced_scenario:meal_exit:exit_from:ROOM_SECURITY
2026-01-09T11:59:55,E000002449,PIR_ROOM_S_ENTRY,PIR,INTERIOR,BLDG,ROOM_S_ENTRY,alarm,valid,normal,benign,15.087938609457582,baseline,balanced_scenario:meal_exit:exit_from:ROOM_ADMIN
2026-01-09T12:02:57,E000002315,ACS_S-AC,ACCESS_CTRL,PERIMETER,S-AC,TURNSTILE_S-AC,alarm,valid,normal,benign,9.144204828414663,baseline,balanced_scenario:meal_exit:exit_from:ROOM_SECURITY
2026-01-09T12:03:35,E000002360,PIR_HALL_MAIN,PIR,INTERIOR,BLDG,HALL_MAIN,alarm,valid,normal,benign,19.7474166730523,baseline,balanced_scenario:meal_exit:exit_from:ROOM_SECURITY
2026-01-09T12:18:10,E000002541,PA_RADAR_S,RADAR,PROTECTED_AREA,S,PA_RADAR_S,alarm,valid,normal,benign,16.42849974309544,baseline,balanced_scenario:meal_return:exit_from:ROOM_ADMIN
2026-01-09T12:23:06,E000002600,PIR_HALL_MAIN,PIR,INTERIOR,BLDG,HALL_MAIN,alarm,valid,normal,benign,15.410418023497586,baseline,balanced_scenario:meal_return:move_to:ASSET_ROOM
2026-01-09T12:27:58,E000002568,PIR_HALL_MAIN,PIR,INTERIOR,BLDG,HALL_MAIN,alarm,valid,normal,benign,6.90890292358268,baseline,balanced_scenario:meal_return:move_to:ROOM_SECURITY
2026-01-09T12:29:23,E000002643,PIR_ROOM_S_ENTRY,PIR,INTERIOR,BLDG,ROOM_S_ENTRY,alarm,valid,normal,benign,4.436929115865544,baseline,balanced_scenario:meal_return:move_to:ROOM_SECURITY
2026-01-09T12:38:43,E000002654,PIR_ROOM_S_ENTRY,PIR,INTERIOR,BLDG,ROOM_S_ENTRY,alarm,valid,normal,benign,4.39705125198245,baseline,balanced_scenario:meal_return:move_to:ROOM_SECURITY
2026-01-09T12:38:56,E000002488,PIR_ROOM_S_ENTRY,PIR,INTERIOR,BLDG,ROOM_S_ENTRY,alarm,valid,normal,benign,20.36786616858805,baseline,balanced_scenario:meal_return:exit_from:ROOM_SECURITY
2026-01-09T12:39:37,E000002514,BMS_SKIN_S_DOOR,BMS,SKIN,BLDG,SKIN_S_DOOR,alarm,valid,normal,benign,16.687941189527457,baseline,balanced_scenario:meal_return:move_to:ROOM_SECURITY
2026-01-09T12:39:59,E000002490,PA_RADAR_S,RADAR,PROTECTED_AREA,S,PA_RADAR_S,alarm,valid,normal,benign,24.562146470199277,baseline,balanced_scenario:meal_return:exit_from:ROOM_SECURITY
2026-01-09T12:40:02,E000002648,BMS_SKIN_S_DOOR,BMS,SKIN,BLDG,SKIN_S_DOOR,alarm,valid,normal,benign,17.40568512456004,baseline,balanced_scenario:meal_return:exit_from:ROOM_SECURITY
2026-01-09T12:40:14,E000002627,PA_RADAR_S,RADAR,PROTECTED_AREA,S,PA_RADAR_S,alarm,valid,normal,benign,11.40536989619247,baseline,balanced_scenario:meal_return:exit_from:ROOM_SECURITY
2026-01-09T12:44:30,E000002637,BMS_SKIN_S_DOOR,BMS,SKIN,BLDG,SKIN_S_DOOR,alarm,valid,normal,benign,11.209666827873225,baseline,balanced_scenario:meal_return:exit_from:ROOM_SECURITY
2026-01-09T12:46:13,E000002586,PA_RADAR_S,RADAR,PROTECTED_AREA,S,PA_RADAR_S,alarm,valid,normal,benign,10.709192935504328,baseline,balanced_scenario:meal_return:move_to:ROOM_ADMIN
2026-01-09T12:48:38,E000002658,PIR_ROOM_S_ENTRY,PIR,INTERIOR,BLDG,ROOM_S_ENTRY,alarm,valid,normal,benign,25.735421577410122,baseline,balanced_scenario:meal_return:exit_from:ROOM_SECURITY
2026-01-09T12:56:26,E000002561,BMS_SKIN_S_DOOR,BMS,SKIN,BLDG,SKIN_S_DOOR,alarm,valid,normal,benign,16.167698917616672,baseline,balanced_scenario:meal_return:exit_from:ROOM_SECURITY
2026-01-09T12:57:51,E000002609,BMS_SKIN_S_DOOR,BMS,SKIN,BLDG,SKIN_S_DOOR,alarm,valid,normal,benign,13.16073614087615,baseline,balanced_scenario:meal_return:move_to:ROOM_SECURITY
2026-01-09T13:09:56,E000002592,PIR_ROOM_S_ENTRY,PIR,INTERIOR,BLDG,ROOM_S_ENTRY,alarm,valid,normal,benign,14.731694545472939,baseline,balanced_scenario:meal_return:exit_from:ROOM_ADMIN
2026-01-09T13:10:46,E000002594,PA_RADAR_S,RADAR,PROTECTED_AREA,S,PA_RADAR_S,alarm,valid,normal,benign,28.40845563413179,baseline,balanced_scenario:meal_return:exit_from:ROOM_ADMIN
2026-01-09T13:12:41,E000000028,BMS_SKIN_S_WIN1,BMS,SKIN,BLDG,SKIN_S_WIN1,alarm,invalid,false_positive,false_positive,4.537032059818106,env,balanced_scenario
2026-01-09T13:12:41,E000000028,BMS_SKIN_S_WIN1,BMS,SKIN,BLDG,SKIN_S_WIN1,alarm,invalid,false_positive,false_positive,4.537032059818106,env,balanced_scenario
2026-01-09T13:12:41,E000000028,BMS_SKIN_S_WIN1,BMS,SKIN,BLDG,SKIN_S_WIN1,alarm,invalid,false_positive,false_positive,4.537032059818106,env,balanced_scenario
2026-01-09T13:12:41,E000000028,BMS_SKIN_S_WIN1,BMS,SKIN,BLDG,SKIN_S_WIN1,alarm,invalid,false_positive,false_positive,4.537032059818106,env,balanced_scenario
2026-01-09T13:12:41,E000000028,BMS_SKIN_S_WIN1,BMS,SKIN,BLDG,SKIN_S_WIN1,alarm,invalid,false_positive,false_positive,4.537032059818106,env,balanced_scenario
2026-01-09T13:12:41,E000000028,BMS_SKIN_S_WIN1,BMS,SKIN,BLDG,SKIN_S_WIN1,alarm,invalid,false_positive,false_positive,4.537032059818106,env,balanced_scenario
2026-01-09T13:12:41,E000000028,BMS_SKIN_S_WIN1,BMS,SKIN,BLDG,SKIN_S_WIN1,alarm,invalid,false_positive,false_positive,4.537032059818106,env,balanced_scenario
2026-01-09T13:12:41,E000000028,BMS_SKIN_S_WIN1,BMS,SKIN,BLDG,SKIN_S_WIN1,alarm,invalid,false_positive,false_positive,4.537032059818106,env,balanced_scenario
2026-01-09T13:12:41,E000000028,BMS_SKIN_S_WIN1,BMS,SKIN,BLDG,SKIN_S_WIN1,alarm,invalid,false_positive,false_positive,4.537032059818106,env,balanced_scenario
2026-01-09T13:12:41,E000000028,BMS_SKIN_S_WIN1,BMS,SKIN,BLDG,SKIN_S_WIN1,alarm,invalid,false_positive,false_positive,4.537032059818106,env,balanced_scenario
2026-01-09T13:12:41,E000000028,BMS_SKIN_S_WIN1,BMS,SKIN,BLDG,SKIN_S_WIN1,alarm,invalid,false_positive,false_positive,4.537032059818106,env,balanced_scenario
2026-01-09T13:13:49,E000002616,PA_RADAR_S,RADAR,PROTECTED_AREA,S,PA_RADAR_S,alarm,valid,normal,benign,14.681133138672882,baseline,balanced_scenario:meal_return:exit_from:ROOM_SECURITY
2026-01-09T13:14:07,E000002617,ACS_S-AC,ACCESS_CTRL,PERIMETER,S-AC,TURNSTILE_S-AC,alarm,valid,normal,benign,24.572739618308955,baseline,balanced_scenario:meal_return:exit_from:ROOM_SECURITY
2026-01-09T14:12:45,E000000013,FENCE_DISTURB_S-0,FENCE_DISTURB,PERIMETER,S-0,PERIM_S-0,alarm,invalid,false_positive,false_positive,22.89053250634234,env,balanced_scenario
2026-01-09T14:12:45,E000000013,FENCE_DISTURB_S-0,FENCE_DISTURB,PERIMETER,S-0,PERIM_S-0,alarm,invalid,false_positive,false_positive,22.89053250634234,env,balanced_scenario
2026-01-09T14:12:45,E000000013,FENCE_DISTURB_S-0,FENCE_DISTURB,PERIMETER,S-0,PERIM_S-0,alarm,invalid,false_positive,false_positive,22.89053250634234,env,balanced_scenario
2026-01-09T14:12:45,E000000013,FENCE_DISTURB_S-0,FENCE_DISTURB,PERIMETER,S-0,PERIM_S-0,alarm,invalid,false_positive,false_positive,22.89053250634234,env,balanced_scenario
2026-01-09T14:12:45,E000000013,FENCE_DISTURB_S-0,FENCE_DISTURB,PERIMETER,S-0,PERIM_S-0,alarm,invalid,false_positive,false_positive,22.89053250634234,env,balanced_scenario
2026-01-09T14:12:45,E000000013,FENCE_DISTURB_S-0,FENCE_DISTURB,PERIMETER,S-0,PERIM_S-0,alarm,invalid,false_positive,false_positive,22.89053250634234,env,balanced_scenario
2026-01-09T14:12:45,E000000013,FENCE_DISTURB_S-0,FENCE_DISTURB,PERIMETER,S-0,PERIM_S-0,alarm,invalid,false_positive,false_positive,22.89053250634234,env,balanced_scenario
2026-01-09T14:12:45,E000000013,FENCE_DISTURB_S-0,FENCE_DISTURB,PERIMETER,S-0,PERIM_S-0,alarm,invalid,false_positive,false_positive,22.89053250634234,env,balanced_scenario
2026-01-09T14:12:45,E000000013,FENCE_DISTURB_S-0,FENCE_DISTURB,PERIMETER,S-0,PERIM_S-0,alarm,invalid,false_positive,false_positive,22.89053250634234,env,balanced_scenario
2026-01-09T14:12:45,E000000013,FENCE_DISTURB_S-0,FENCE_DISTURB,PERIMETER,S-0,PERIM_S-0,alarm,invalid,false_positive,false_positive,22.89053250634234,env,balanced_scenario
2026-01-09T14:12:45,E000000013,FENCE_DISTURB_S-0,FENCE_DISTURB,PERIMETER,S-0,PERIM_S-0,alarm,invalid,false_positive,false_positive,22.89053250634234,env,balanced_scenario
2026-01-09T14:12:45,E000000013,FENCE_DISTURB_S-0,FENCE_DISTURB,PERIMETER,S-0,PERIM_S-0,alarm,invalid,false_positive,false_positive,22.89053250634234,env,balanced_scenario
2026-01-09T14:12:45,E000000013,FENCE_DISTURB_S-0,FENCE_DISTURB,PERIMETER,S-0,PERIM_S-0,alarm,invalid,false_positive,false_positive,22.89053250634234,env,balanced_scenario
2026-01-09T14:12:45,E000000013,FENCE_DISTURB_S-0,FENCE_DISTURB,PERIMETER,S-0,PERIM_S-0,alarm,invalid,false_positive,false_positive,22.89053250634234,env,balanced_scenario
2026-01-09T14:12:45,E000000013,FENCE_DISTURB_S-0,FENCE_DISTURB,PERIMETER,S-0,PERIM_S-0,alarm,invalid,false_positive,false_positive,22.89053250634234,env,balanced_scenario
2026-01-09T14:12:45,E000000013,FENCE_DISTURB_S-0,FENCE_DISTURB,PERIMETER,S-0,PERIM_S-0,alarm,invalid,false_positive,false_positive,22.89053250634234,env,balanced_scenario
2026-01-09T14:12:45,E000000013,FENCE_DISTURB_S-0,FENCE_DISTURB,PERIMETER,S-0,PERIM_S-0,alarm,invalid,false_positive,false_positive,22.89053250634234,env,balanced_scenario
2026-01-09T15:38:34,E000006834,RADAR_S-1,RADAR,PERIMETER,S-1,PERIM_S-1,alarm,valid,intrusion:attack_07:step_00:PERIM_S-1,intrusion,11.332207229624597,adversary,balanced_scenario:attack
2026-01-09T15:38:34,E000006834,RADAR_S-1,RADAR,PERIMETER,S-1,PERIM_S-1,alarm,valid,intrusion:attack_07:step_00:PERIM_S-1,intrusion,11.332207229624597,adversary,balanced_scenario:attack
2026-01-09T15:38:34,E000006835,FENCE_DISTURB_S-1,FENCE_DISTURB,PERIMETER,S-1,PERIM_S-1,alarm,intrusion,intrusion:attack_07:step_00:PERIM_S-1,intrusion,24.635031457280185,adversary,balanced_scenario:attack
2026-01-09T15:38:34,E000006835,FENCE_DISTURB_S-1,FENCE_DISTURB,PERIMETER,S-1,PERIM_S-1,alarm,intrusion,intrusion:attack_07:step_00:PERIM_S-1,intrusion,24.635031457280185,adversary,balanced_scenario:attack
2026-01-09T15:38:34,E000006834,RADAR_S-1,RADAR,PERIMETER,S-1,PERIM_S-1,alarm,valid,intrusion:attack_07:step_00:PERIM_S-1,intrusion,11.332207229624597,adversary,balanced_scenario:attack
2026-01-09T15:38:34,E000006834,RADAR_S-1,RADAR,PERIMETER,S-1,PERIM_S-1,alarm,valid,intrusion:attack_07:step_00:PERIM_S-1,intrusion,11.332207229624597,adversary,balanced_scenario:attack
2026-01-09T15:38:34,E000006834,RADAR_S-1,RADAR,PERIMETER,S-1,PERIM_S-1,alarm,valid,intrusion:attack_07:step_00:PERIM_S-1,intrusion,11.332207229624597,adversary,balanced_scenario:attack
2026-01-09T15:38:34,E000006834,RADAR_S-1,RADAR,PERIMETER,S-1,PERIM_S-1,alarm,valid,intrusion:attack_07:step_00:PERIM_S-1,intrusion,11.332207229624597,adversary,balanced_scenario:attack
2026-01-09T15:38:34,E000006834,RADAR_S-1,RADAR,PERIMETER,S-1,PERIM_S-1,alarm,valid,intrusion:attack_07:step_00:PERIM_S-1,intrusion,11.332207229624597,adversary,balanced_scenario:attack
2026-01-09T15:38:34,E000006834,RADAR_S-1,RADAR,PERIMETER,S-1,PERIM_S-1,alarm,valid,intrusion:attack_07:step_00:PERIM_S-1,intrusion,11.332207229624597,adversary,balanced_scenario:attack
2026-01-09T15:38:34,E000006834,RADAR_S-1,RADAR,PERIMETER,S-1,PERIM_S-1,alarm,valid,intrusion:attack_07:step_00:PERIM_S-1,intrusion,11.332207229624597,adversary,balanced_scenario:attack
2026-01-09T15:38:34,E000006834,RADAR_S-1,RADAR,PERIMETER,S-1,PERIM_S-1,alarm,valid,intrusion:attack_07:step_00:PERIM_S-1,intrusion,11.332207229624597,adversary,balanced_scenario:attack
2026-01-09T15:38:34,E000006835,FENCE_DISTURB_S-1,FENCE_DISTURB,PERIMETER,S-1,PERIM_S-1,alarm,intrusion,intrusion:attack_07:step_00:PERIM_S-1,intrusion,24.635031457280185,adversary,balanced_scenario:attack
2026-01-09T15:38:34,E000006834,RADAR_S-1,RADAR,PERIMETER,S-1,PERIM_S-1,alarm,valid,intrusion:attack_07:step_00:PERIM_S-1,intrusion,11.332207229624597,adversary,balanced_scenario:attack
2026-01-09T15:38:34,E000006834,RADAR_S-1,RADAR,PERIMETER,S-1,PERIM_S-1,alarm,valid,intrusion:attack_07:step_00:PERIM_S-1,intrusion,11.332207229624597,adversary,balanced_scenario:attack
2026-01-09T15:38:34,E000006834,RADAR_S-1,RADAR,PERIMETER,S-1,PERIM_S-1,alarm,valid,intrusion:attack_07:step_00:PERIM_S-1,intrusion,11.332207229624597,adversary,balanced_scenario:attack
2026-01-09T15:38:34,E000006835,FENCE_DISTURB_S-1,FENCE_DISTURB,PERIMETER,S-1,PERIM_S-1,alarm,intrusion,intrusion:attack_07:step_00:PERIM_S-1,intrusion,24.635031457280185,adversary,balanced_scenario:attack
2026-01-09T15:38:34,E000006835,FENCE_DISTURB_S-1,FENCE_DISTURB,PERIMETER,S-1,PERIM_S-1,alarm,intrusion,intrusion:attack_07:step_00:PERIM_S-1,intrusion,24.635031457280185,adversary,balanced_scenario:attack
2026-01-09T15:38:34,E000006835,FENCE_DISTURB_S-1,FENCE_DISTURB,PERIMETER,S-1,PERIM_S-1,alarm,intrusion,intrusion:attack_07:step_00:PERIM_S-1,intrusion,24.635031457280185,adversary,balanced_scenario:attack
2026-01-09T15:38:34,E000006835,FENCE_DISTURB_S-1,FENCE_DISTURB,PERIMETER,S-1,PERIM_S-1,alarm,intrusion,intrusion:attack_07:step_00:PERIM_S-1,intrusion,24.635031457280185,adversary,balanced_scenario:attack
2026-01-09T15:38:34,E000006835,FENCE_DISTURB_S-1,FENCE_DISTURB,PERIMETER,S-1,PERIM_S-1,alarm,intrusion,intrusion:attack_07:step_00:PERIM_S-1,intrusion,24.635031457280185,adversary,balanced_scenario:attack
2026-01-09T15:38:34,E000006835,FENCE_DISTURB_S-1,FENCE_DISTURB,PERIMETER,S-1,PERIM_S-1,alarm,intrusion,intrusion:attack_07:step_00:PERIM_S-1,intrusion,24.635031457280185,adversary,balanced_scenario:attack
2026-01-09T15:38:34,E000006834,RADAR_S-1,RADAR,PERIMETER,S-1,PERIM_S-1,alarm,valid,intrusion:attack_07:step_00:PERIM_S-1,intrusion,11.332207229624597,adversary,balanced_scenario:attack
2026-01-09T15:38:34,E000006834,RADAR_S-1,RADAR,PERIMETER,S-1,PERIM_S-1,alarm,valid,intrusion:attack_07:step_00:PERIM_S-1,intrusion,11.332207229624597,adversary,balanced_scenario:attack
2026-01-09T15:38:34,E000006835,FENCE_DISTURB_S-1,FENCE_DISTURB,PERIMETER,S-1,PERIM_S-1,alarm,intrusion,intrusion:attack_07:step_00:PERIM_S-1,intrusion,24.635031457280185,adversary,balanced_scenario:attack
2026-01-09T15:38:34,E000006835,FENCE_DISTURB_S-1,FENCE_DISTURB,PERIMETER,S-1,PERIM_S-1,alarm,intrusion,intrusion:attack_07:step_00:PERIM_S-1,intrusion,24.635031457280185,adversary,balanced_scenario:attack
2026-01-09T15:38:34,E000006834,RADAR_S-1,RADAR,PERIMETER,S-1,PERIM_S-1,alarm,valid,intrusion:attack_07:step_00:PERIM_S-1,intrusion,11.332207229624597,adversary,balanced_scenario:attack
2026-01-09T15:38:34,E000006835,FENCE_DISTURB_S-1,FENCE_DISTURB,PERIMETER,S-1,PERIM_S-1,alarm,intrusion,intrusion:attack_07:step_00:PERIM_S-1,intrusion,24.635031457280185,adversary,balanced_scenario:attack
2026-01-09T15:38:34,E000006834,RADAR_S-1,RADAR,PERIMETER,S-1,PERIM_S-1,alarm,valid,intrusion:attack_07:step_00:PERIM_S-1,intrusion,11.332207229624597,adversary,balanced_scenario:attack
2026-01-09T15:38:34,E000006835,FENCE_DISTURB_S-1,FENCE_DISTURB,PERIMETER,S-1,PERIM_S-1,alarm,intrusion,intrusion:attack_07:step_00:PERIM_S-1,intrusion,24.635031457280185,adversary,balanced_scenario:attack
2026-01-09T15:38:34,E000006835,FENCE_DISTURB_S-1,FENCE_DISTURB,PERIMETER,S-1,PERIM_S-1,alarm,intrusion,intrusion:attack_07:step_00:PERIM_S-1,intrusion,24.635031457280185,adversary,balanced_scenario:attack
2026-01-09T15:38:34,E000006834,RADAR_S-1,RADAR,PERIMETER,S-1,PERIM_S-1,alarm,valid,intrusion:attack_07:step_00:PERIM_S-1,intrusion,11.332207229624597,adversary,balanced_scenario:attack
2026-01-09T15:38:34,E000006835,FENCE_DISTURB_S-1,FENCE_DISTURB,PERIMETER,S-1,PERIM_S-1,alarm,intrusion,intrusion:attack_07:step_00:PERIM_S-1,intrusion,24.635031457280185,adversary,balanced_scenario:attack
2026-01-09T15:38:34,E000006834,RADAR_S-1,RADAR,PERIMETER,S-1,PERIM_S-1,alarm,valid,intrusion:attack_07:step_00:PERIM_S-1,intrusion,11.332207229624597,adversary,balanced_scenario:attack
2026-01-09T15:38:34,E000006835,FENCE_DISTURB_S-1,FENCE_DISTURB,PERIMETER,S-1,PERIM_S-1,alarm,intrusion,intrusion:attack_07:step_00:PERIM_S-1,intrusion,24.635031457280185,adversary,balanced_scenario:attack
2026-01-09T15:38:34,E000006834,RADAR_S-1,RADAR,PERIMETER,S-1,PERIM_S-1,alarm,valid,intrusion:attack_07:step_00:PERIM_S-1,intrusion,11.332207229624597,adversary,balanced_scenario:attack
2026-01-09T15:38:34,E000006835,FENCE_DISTURB_S-1,FENCE_DISTURB,PERIMETER,S-1,PERIM_S-1,alarm,intrusion,intrusion:attack_07:step_00:PERIM_S-1,intrusion,24.635031457280185,adversary,balanced_scenario:attack
2026-01-09T15:38:34,E000006835,FENCE_DISTURB_S-1,FENCE_DISTURB,PERIMETER,S-1,PERIM_S-1,alarm,intrusion,intrusion:attack_07:step_00:PERIM_S-1,intrusion,24.635031457280185,adversary,balanced_scenario:attack
2026-01-09T15:38:34,E000006834,RADAR_S-1,RADAR,PERIMETER,S-1,PERIM_S-1,alarm,valid,intrusion:attack_07:step_00:PERIM_S-1,intrusion,11.332207229624597,adversary,balanced_scenario:attack
2026-01-09T15:38:34,E000006835,FENCE_DISTURB_S-1,FENCE_DISTURB,PERIMETER,S-1,PERIM_S-1,alarm,intrusion,intrusion:attack_07:step_00:PERIM_S-1,intrusion,24.635031457280185,adversary,balanced_scenario:attack
2026-01-09T15:38:34,E000006834,RADAR_S-1,RADAR,PERIMETER,S-1,PERIM_S-1,alarm,valid,intrusion:attack_07:step_00:PERIM_S-1,intrusion,11.332207229624597,adversary,balanced_scenario:attack
2026-01-09T15:38:34,E000006834,RADAR_S-1,RADAR,PERIMETER,S-1,PERIM_S-1,alarm,valid,intrusion:attack_07:step_00:PERIM_S-1,intrusion,11.332207229624597,adversary,balanced_scenario:attack
2026-01-09T15:38:34,E000006834,RADAR_S-1,RADAR,PERIMETER,S-1,PERIM_S-1,alarm,valid,intrusion:attack_07:step_00:PERIM_S-1,intrusion,11.332207229624597,adversary,balanced_scenario:attack
2026-01-09T15:38:34,E000006834,RADAR_S-1,RADAR,PERIMETER,S-1,PERIM_S-1,alarm,valid,intrusion:attack_07:step_00:PERIM_S-1,intrusion,11.332207229624597,adversary,balanced_scenario:attack
2026-01-09T15:38:34,E000006835,FENCE_DISTURB_S-1,FENCE_DISTURB,PERIMETER,S-1,PERIM_S-1,alarm,intrusion,intrusion:attack_07:step_00:PERIM_S-1,intrusion,24.635031457280185,adversary,balanced_scenario:attack
2026-01-09T15:38:34,E000006835,FENCE_DISTURB_S-1,FENCE_DISTURB,PERIMETER,S-1,PERIM_S-1,alarm,intrusion,intrusion:attack_07:step_00:PERIM_S-1,intrusion,24.635031457280185,adversary,balanced_scenario:attack
2026-01-09T15:38:34,E000006834,RADAR_S-1,RADAR,PERIMETER,S-1,PERIM_S-1,alarm,valid,intrusion:attack_07:step_00:PERIM_S-1,intrusion,11.332207229624597,adversary,balanced_scenario:attack
2026-01-09T15:38:34,E000006835,FENCE_DISTURB_S-1,FENCE_DISTURB,PERIMETER,S-1,PERIM_S-1,alarm,intrusion,intrusion:attack_07:step_00:PERIM_S-1,intrusion,24.635031457280185,adversary,balanced_scenario:attack
2026-01-09T15:38:34,E000006834,RADAR_S-1,RADAR,PERIMETER,S-1,PERIM_S-1,alarm,valid,intrusion:attack_07:step_00:PERIM_S-1,intrusion,11.332207229624597,adversary,balanced_scenario:attack
2026-01-09T15:38:34,E000006835,FENCE_DISTURB_S-1,FENCE_DISTURB,PERIMETER,S-1,PERIM_S-1,alarm,intrusion,intrusion:attack_07:step_00:PERIM_S-1,intrusion,24.635031457280185,adversary,balanced_scenario:attack
2026-01-09T15:38:34,E000006835,FENCE_DISTURB_S-1,FENCE_DISTURB,PERIMETER,S-1,PERIM_S-1,alarm,intrusion,intrusion:attack_07:step_00:PERIM_S-1,intrusion,24.635031457280185,adversary,balanced_scenario:attack
2026-01-09T15:38:34,E000006834,RADAR_S-1,RADAR,PERIMETER,S-1,PERIM_S-1,alarm,valid,intrusion:attack_07:step_00:PERIM_S-1,intrusion,11.332207229624597,adversary,balanced_scenario:attack
2026-01-09T15:38:34,E000006835,FENCE_DISTURB_S-1,FENCE_DISTURB,PERIMETER,S-1,PERIM_S-1,alarm,intrusion,intrusion:attack_07:step_00:PERIM_S-1,intrusion,24.635031457280185,adversary,balanced_scenario:attack
2026-01-09T15:38:34,E000006835,FENCE_DISTURB_S-1,FENCE_DISTURB,PERIMETER,S-1,PERIM_S-1,alarm,intrusion,intrusion:attack_07:step_00:PERIM_S-1,intrusion,24.635031457280185,adversary,balanced_scenario:attack
2026-01-09T15:38:34,E000006834,RADAR_S-1,RADAR,PERIMETER,S-1,PERIM_S-1,alarm,valid,intrusion:attack_07:step_00:PERIM_S-1,intrusion,11.332207229624597,adversary,balanced_scenario:attack
2026-01-09T15:38:34,E000006834,RADAR_S-1,RADAR,PERIMETER,S-1,PERIM_S-1,alarm,valid,intrusion:attack_07:step_00:PERIM_S-1,intrusion,11.332207229624597,adversary,balanced_scenario:attack
2026-01-09T15:38:34,E000006835,FENCE_DISTURB_S-1,FENCE_DISTURB,PERIMETER,S-1,PERIM_S-1,alarm,intrusion,intrusion:attack_07:step_00:PERIM_S-1,intrusion,24.635031457280185,adversary,balanced_scenario:attack
2026-01-09T15:38:34,E000006835,FENCE_DISTURB_S-1,FENCE_DISTURB,PERIMETER,S-1,PERIM_S-1,alarm,intrusion,intrusion:attack_07:step_00:PERIM_S-1,intrusion,24.635031457280185,adversary,balanced_scenario:attack
2026-01-09T15:38:34,E000006834,RADAR_S-1,RADAR,PERIMETER,S-1,PERIM_S-1,alarm,valid,intrusion:attack_07:step_00:PERIM_S-1,intrusion,11.332207229624597,adversary,balanced_scenario:attack
2026-01-09T15:38:34,E000006834,RADAR_S-1,RADAR,PERIMETER,S-1,PERIM_S-1,alarm,valid,intrusion:attack_07:step_00:PERIM_S-1,intrusion,11.332207229624597,adversary,balanced_scenario:attack
2026-01-09T15:38:34,E000006834,RADAR_S-1,RADAR,PERIMETER,S-1,PERIM_S-1,alarm,valid,intrusion:attack_07:step_00:PERIM_S-1,intrusion,11.332207229624597,adversary,balanced_scenario:attack
2026-01-09T15:38:34,E000006835,FENCE_DISTURB_S-1,FENCE_DISTURB,PERIMETER,S-1,PERIM_S-1,alarm,intrusion,intrusion:attack_07:step_00:PERIM_S-1,intrusion,24.635031457280185,adversary,balanced_scenario:attack
2026-01-09T15:39:09,E000006836,PA_RADAR_S,RADAR,PROTECTED_AREA,S,PA_RADAR_S,alarm,intrusion,intrusion:attack_07:step_01:PA_RADAR_S,intrusion,15.325956868999095,adversary,balanced_scenario:attack
2026-01-09T15:39:09,E000006836,PA_RADAR_S,RADAR,PROTECTED_AREA,S,PA_RADAR_S,alarm,intrusion,intrusion:attack_07:step_01:PA_RADAR_S,intrusion,15.325956868999095,adversary,balanced_scenario:attack
2026-01-09T15:39:09,E000006836,PA_RADAR_S,RADAR,PROTECTED_AREA,S,PA_RADAR_S,alarm,intrusion,intrusion:attack_07:step_01:PA_RADAR_S,intrusion,15.325956868999095,adversary,balanced_scenario:attack
2026-01-09T15:39:09,E000006836,PA_RADAR_S,RADAR,PROTECTED_AREA,S,PA_RADAR_S,alarm,intrusion,intrusion:attack_07:step_01:PA_RADAR_S,intrusion,15.325956868999095,adversary,balanced_scenario:attack
2026-01-09T15:39:09,E000006836,PA_RADAR_S,RADAR,PROTECTED_AREA,S,PA_RADAR_S,alarm,intrusion,intrusion:attack_07:step_01:PA_RADAR_S,intrusion,15.325956868999095,adversary,balanced_scenario:attack
2026-01-09T15:39:09,E000006836,PA_RADAR_S,RADAR,PROTECTED_AREA,S,PA_RADAR_S,alarm,intrusion,intrusion:attack_07:step_01:PA_RADAR_S,intrusion,15.325956868999095,adversary,balanced_scenario:attack
2026-01-09T15:39:09,E000006836,PA_RADAR_S,RADAR,PROTECTED_AREA,S,PA_RADAR_S,alarm,intrusion,intrusion:attack_07:step_01:PA_RADAR_S,intrusion,15.325956868999095,adversary,balanced_scenario:attack
2026-01-09T15:39:09,E000006836,PA_RADAR_S,RADAR,PROTECTED_AREA,S,PA_RADAR_S,alarm,intrusion,intrusion:attack_07:step_01:PA_RADAR_S,intrusion,15.325956868999095,adversary,balanced_scenario:attack
2026-01-09T15:39:09,E000006836,PA_RADAR_S,RADAR,PROTECTED_AREA,S,PA_RADAR_S,alarm,intrusion,intrusion:attack_07:step_01:PA_RADAR_S,intrusion,15.325956868999095,adversary,balanced_scenario:attack
2026-01-09T15:39:09,E000006836,PA_RADAR_S,RADAR,PROTECTED_AREA,S,PA_RADAR_S,alarm,intrusion,intrusion:attack_07:step_01:PA_RADAR_S,intrusion,15.325956868999095,adversary,balanced_scenario:attack
2026-01-09T15:39:09,E000006836,PA_RADAR_S,RADAR,PROTECTED_AREA,S,PA_RADAR_S,alarm,intrusion,intrusion:attack_07:step_01:PA_RADAR_S,intrusion,15.325956868999095,adversary,balanced_scenario:attack
2026-01-09T15:39:09,E000006836,PA_RADAR_S,RADAR,PROTECTED_AREA,S,PA_RADAR_S,alarm,intrusion,intrusion:attack_07:step_01:PA_RADAR_S,intrusion,15.325956868999095,adversary,balanced_scenario:attack
2026-01-09T15:39:09,E000006836,PA_RADAR_S,RADAR,PROTECTED_AREA,S,PA_RADAR_S,alarm,intrusion,intrusion:attack_07:step_01:PA_RADAR_S,intrusion,15.325956868999095,adversary,balanced_scenario:attack
2026-01-09T15:39:09,E000006836,PA_RADAR_S,RADAR,PROTECTED_AREA,S,PA_RADAR_S,alarm,intrusion,intrusion:attack_07:step_01:PA_RADAR_S,intrusion,15.325956868999095,adversary,balanced_scenario:attack
2026-01-09T15:39:09,E000006836,PA_RADAR_S,RADAR,PROTECTED_AREA,S,PA_RADAR_S,alarm,intrusion,intrusion:attack_07:step_01:PA_RADAR_S,intrusion,15.325956868999095,adversary,balanced_scenario:attack
2026-01-09T15:39:09,E000006836,PA_RADAR_S,RADAR,PROTECTED_AREA,S,PA_RADAR_S,alarm,intrusion,intrusion:attack_07:step_01:PA_RADAR_S,intrusion,15.325956868999095,adversary,balanced_scenario:attack
2026-01-09T15:39:09,E000006836,PA_RADAR_S,RADAR,PROTECTED_AREA,S,PA_RADAR_S,alarm,intrusion,intrusion:attack_07:step_01:PA_RADAR_S,intrusion,15.325956868999095,adversary,balanced_scenario:attack
2026-01-09T15:39:09,E000006836,PA_RADAR_S,RADAR,PROTECTED_AREA,S,PA_RADAR_S,alarm,intrusion,intrusion:attack_07:step_01:PA_RADAR_S,intrusion,15.325956868999095,adversary,balanced_scenario:attack
2026-01-09T15:39:09,E000006836,PA_RADAR_S,RADAR,PROTECTED_AREA,S,PA_RADAR_S,alarm,intrusion,intrusion:attack_07:step_01:PA_RADAR_S,intrusion,15.325956868999095,adversary,balanced_scenario:attack
2026-01-09T15:39:09,E000006836,PA_RADAR_S,RADAR,PROTECTED_AREA,S,PA_RADAR_S,alarm,intrusion,intrusion:attack_07:step_01:PA_RADAR_S,intrusion,15.325956868999095,adversary,balanced_scenario:attack
2026-01-09T15:39:09,E000006836,PA_RADAR_S,RADAR,PROTECTED_AREA,S,PA_RADAR_S,alarm,intrusion,intrusion:attack_07:step_01:PA_RADAR_S,intrusion,15.325956868999095,adversary,balanced_scenario:attack
2026-01-09T15:39:09,E000006836,PA_RADAR_S,RADAR,PROTECTED_AREA,S,PA_RADAR_S,alarm,intrusion,intrusion:attack_07:step_01:PA_RADAR_S,intrusion,15.325956868999095,adversary,balanced_scenario:attack
2026-01-09T15:39:09,E000006836,PA_RADAR_S,RADAR,PROTECTED_AREA,S,PA_RADAR_S,alarm,intrusion,intrusion:attack_07:step_01:PA_RADAR_S,intrusion,15.325956868999095,adversary,balanced_scenario:attack
2026-01-09T15:55:01,E000002198,PIR_ROOM_S_ENTRY,PIR,INTERIOR,BLDG,ROOM_S_ENTRY,alarm,valid,normal,benign,19.365025456805018,baseline,balanced_scenario:shift_out:move_to:ROOM_ADMIN
2026-01-09T15:58:32,E000002676,PIR_ASSET_ROOM,PIR,ASSET,BLDG,ASSET_ROOM,alarm,valid,normal,benign,13.097830829922849,baseline,balanced_scenario:straggler:move_to:ASSET_ROOM
2026-01-09T16:00:33,E000002680,PA_RADAR_S,RADAR,PROTECTED_AREA,S,PA_RADAR_S,alarm,valid,normal,benign,22.179325319184457,baseline,balanced_scenario:straggler:exit_from:ASSET_ROOM
2026-01-09T16:01:48,E000002224,ACS_S-AC,ACCESS_CTRL,PERIMETER,S-AC,TURNSTILE_S-AC,alarm,valid,normal,benign,16.432800786463588,baseline,balanced_scenario:shift_out:exit_from:ROOM_ADMIN
2026-01-09T16:02:30,E000002002,PIR_ROOM_SECURITY,PIR,INTERIOR,BLDG,ROOM_SECURITY,alarm,valid,normal,benign,12.34235078776518,baseline,balanced_scenario:shift_out:move_to:ROOM_SECURITY
2026-01-09T16:03:48,E000002258,PIR_ROOM_S_ENTRY,PIR,INTERIOR,BLDG,ROOM_S_ENTRY,alarm,valid,normal,benign,9.725177786760838,baseline,balanced_scenario:shift_out:move_to:ASSET_ROOM
2026-01-09T16:05:09,E000000005,FENCE_DISTURB_E-0,FENCE_DISTURB,PERIMETER,E-0,PERIM_E-0,alarm,invalid,false_positive,false_positive,10.050770073495103,env,balanced_scenario
2026-01-09T16:05:09,E000000005,FENCE_DISTURB_E-0,FENCE_DISTURB,PERIMETER,E-0,PERIM_E-0,alarm,invalid,false_positive,false_positive,10.050770073495103,env,balanced_scenario
2026-01-09T16:05:09,E000000005,FENCE_DISTURB_E-0,FENCE_DISTURB,PERIMETER,E-0,PERIM_E-0,alarm,invalid,false_positive,false_positive,10.050770073495103,env,balanced_scenario
2026-01-09T16:05:09,E000000005,FENCE_DISTURB_E-0,FENCE_DISTURB,PERIMETER,E-0,PERIM_E-0,alarm,invalid,false_positive,false_positive,10.050770073495103,env,balanced_scenario
2026-01-09T16:05:09,E000000005,FENCE_DISTURB_E-0,FENCE_DISTURB,PERIMETER,E-0,PERIM_E-0,alarm,invalid,false_positive,false_positive,10.050770073495103,env,balanced_scenario
2026-01-09T16:05:09,E000000005,FENCE_DISTURB_E-0,FENCE_DISTURB,PERIMETER,E-0,PERIM_E-0,alarm,invalid,false_positive,false_positive,10.050770073495103,env,balanced_scenario
2026-01-09T16:05:09,E000000005,FENCE_DISTURB_E-0,FENCE_DISTURB,PERIMETER,E-0,PERIM_E-0,alarm,invalid,false_positive,false_positive,10.050770073495103,env,balanced_scenario
2026-01-09T16:05:09,E000000005,FENCE_DISTURB_E-0,FENCE_DISTURB,PERIMETER,E-0,PERIM_E-0,alarm,invalid,false_positive,false_positive,10.050770073495103,env,balanced_scenario
2026-01-09T16:05:09,E000000005,FENCE_DISTURB_E-0,FENCE_DISTURB,PERIMETER,E-0,PERIM_E-0,alarm,invalid,false_positive,false_positive,10.050770073495103,env,balanced_scenario
2026-01-09T16:05:09,E000000005,FENCE_DISTURB_E-0,FENCE_DISTURB,PERIMETER,E-0,PERIM_E-0,alarm,invalid,false_positive,false_positive,10.050770073495103,env,balanced_scenario
2026-01-09T16:05:09,E000000005,FENCE_DISTURB_E-0,FENCE_DISTURB,PERIMETER,E-0,PERIM_E-0,alarm,invalid,false_positive,false_positive,10.050770073495103,env,balanced_scenario
2026-01-09T16:05:09,E000000005,FENCE_DISTURB_E-0,FENCE_DISTURB,PERIMETER,E-0,PERIM_E-0,alarm,invalid,false_positive,false_positive,10.050770073495103,env,balanced_scenario
2026-01-09T16:05:09,E000000005,FENCE_DISTURB_E-0,FENCE_DISTURB,PERIMETER,E-0,PERIM_E-0,alarm,invalid,false_positive,false_positive,10.050770073495103,env,balanced_scenario
2026-01-09T16:05:09,E000000005,FENCE_DISTURB_E-0,FENCE_DISTURB,PERIMETER,E-0,PERIM_E-0,alarm,invalid,false_positive,false_positive,10.050770073495103,env,balanced_scenario
2026-01-09T16:05:09,E000000005,FENCE_DISTURB_E-0,FENCE_DISTURB,PERIMETER,E-0,PERIM_E-0,alarm,invalid,false_positive,false_positive,10.050770073495103,env,balanced_scenario
2026-01-09T16:05:09,E000000005,FENCE_DISTURB_E-0,FENCE_DISTURB,PERIMETER,E-0,PERIM_E-0,alarm,invalid,false_positive,false_positive,10.050770073495103,env,balanced_scenario
2026-01-09T16:07:39,E000002150,PIR_HALL_MAIN,PIR,INTERIOR,BLDG,HALL_MAIN,alarm,valid,normal,benign,21.925705461799655,baseline,balanced_scenario:shift_out:move_to:ROOM_ADMIN
2026-01-09T16:12:17,E000001901,PIR_ROOM_S_ENTRY,PIR,INTERIOR,BLDG,ROOM_S_ENTRY,alarm,valid,normal,benign,18.249570648630787,baseline,balanced_scenario:shift_out:move_to:ROOM_ADMIN
2026-01-09T16:12:28,E000001902,PIR_HALL_MAIN,PIR,INTERIOR,BLDG,HALL_MAIN,alarm,valid,normal,benign,13.79376603580831,baseline,balanced_scenario:shift_out:move_to:ROOM_ADMIN
2026-01-09T16:16:37,E000002129,BMS_SKIN_S_DOOR,BMS,SKIN,BLDG,SKIN_S_DOOR,alarm,valid,normal,benign,13.117371533336627,baseline,balanced_scenario:shift_out:move_to:ROOM_ADMIN
2026-01-09T16:23:07,E000001908,ACS_S-AC,ACCESS_CTRL,PERIMETER,S-AC,TURNSTILE_S-AC,alarm,valid,normal,benign,18.60614487389288,baseline,balanced_scenario:shift_out:exit_from:ROOM_ADMIN
2026-01-09T16:29:37,E000001877,ACS_S-AC,ACCESS_CTRL,PERIMETER,S-AC,TURNSTILE_S-AC,alarm,valid,normal,benign,12.795933011266705,baseline,balanced_scenario:shift_out:turnstile_entry
2026-01-09T16:30:04,E000002094,PIR_ROOM_S_ENTRY,PIR,INTERIOR,BLDG,ROOM_S_ENTRY,alarm,valid,normal,benign,14.477237223378316,baseline,balanced_scenario:shift_out:exit_from:ROOM_SECURITY
2026-01-09T16:34:46,E000002073,PIR_ROOM_S_ENTRY,PIR,INTERIOR,BLDG,ROOM_S_ENTRY,alarm,valid,normal,benign,10.147693038002167,baseline,balanced_scenario:shift_out:exit_from:ROOM_SECURITY
2026-01-09T16:34:48,E000002262,PIR_HALL_MAIN,PIR,INTERIOR,BLDG,HALL_MAIN,alarm,valid,normal,benign,26.529188321563133,baseline,balanced_scenario:shift_out:exit_from:ASSET_ROOM
2026-01-09T16:38:13,E000002118,PA_RADAR_S,RADAR,PROTECTED_AREA,S,PA_RADAR_S,alarm,valid,normal,benign,3.6033151779987094,baseline,balanced_scenario:shift_out:move_to:ASSET_ROOM
2026-01-09T16:38:38,E000002142,PIR_ROOM_ADMIN,PIR,INTERIOR,BLDG,ROOM_ADMIN,alarm,valid,normal,benign,26.2880500597117,baseline,balanced_scenario:shift_out:move_to:ROOM_ADMIN
2026-01-09T16:40:02,E000002178,PA_RADAR_S,RADAR,PROTECTED_AREA,S,PA_RADAR_S,alarm,valid,normal,benign,21.325567035308055,baseline,balanced_scenario:shift_out:move_to:ROOM_SECURITY
2026-01-09T16:45:32,E000001960,ACS_S-AC,ACCESS_CTRL,PERIMETER,S-AC,TURNSTILE_S-AC,alarm,valid,normal,benign,6.827582887779755,baseline,balanced_scenario:shift_out:turnstile_entry
2026-01-09T16:45:45,E000001961,PA_RADAR_S,RADAR,PROTECTED_AREA,S,PA_RADAR_S,alarm,valid,normal,benign,13.422371641845592,baseline,balanced_scenario:shift_out:move_to:ROOM_ADMIN
2026-01-09T16:47:14,E000002021,PIR_HALL_MAIN,PIR,INTERIOR,BLDG,HALL_MAIN,alarm,valid,normal,benign,16.530940899303037,baseline,balanced_scenario:shift_out:exit_from:ROOM_ADMIN
2026-01-09T16:47:20,E000002036,PA_RADAR_S,RADAR,PROTECTED_AREA,S,PA_RADAR_S,alarm,valid,normal,benign,20.6941477858596,baseline,balanced_scenario:shift_out:move_to:ROOM_ADMIN
2026-01-09T16:48:26,E000002023,BMS_SKIN_S_DOOR,BMS,SKIN,BLDG,SKIN_S_DOOR,alarm,valid,normal,benign,22.008545204386294,baseline,balanced_scenario:shift_out:exit_from:ROOM_ADMIN
2026-01-09T16:49:21,E000002194,ACS_S-AC,ACCESS_CTRL,PERIMETER,S-AC,TURNSTILE_S-AC,alarm,valid,normal,benign,7.113673184630743,baseline,balanced_scenario:shift_out:exit_from:ROOM_ADMIN
2026-01-09T16:56:57,E000001954,PIR_ROOM_SECURITY,PIR,INTERIOR,BLDG,ROOM_SECURITY,alarm,valid,normal,benign,13.582376364587708,baseline,balanced_scenario:shift_out:move_to:ROOM_SECURITY
2026-01-09T16:58:21,E000001940,PA_RADAR_S,RADAR,PROTECTED_AREA,S,PA_RADAR_S,alarm,valid,normal,benign,8.948331710689319,baseline,balanced_scenario:shift_out:move_to:ROOM_ADMIN
2026-01-09T17:01:19,E000001933,PIR_ROOM_ADMIN,PIR,INTERIOR,BLDG,ROOM_ADMIN,alarm,valid,normal,benign,15.233236900951027,baseline,balanced_scenario:shift_out:move_to:ROOM_ADMIN
2026-01-09T17:02:13,E000002182,PIR_HALL_MAIN,PIR,INTERIOR,BLDG,HALL_MAIN,alarm,valid,normal,benign,17.551488417785986,baseline,balanced_scenario:shift_out:exit_from:ROOM_SECURITY
2026-01-09T17:05:56,E000001945,PIR_HALL_MAIN,PIR,INTERIOR,BLDG,HALL_MAIN,alarm,valid,normal,benign,10.450887776665361,baseline,balanced_scenario:shift_out:exit_from:ROOM_ADMIN
2026-01-09T17:13:56,E000002041,PIR_HALL_MAIN,PIR,INTERIOR,BLDG,HALL_MAIN,alarm,valid,normal,benign,10.1970908386808,baseline,balanced_scenario:shift_out:exit_from:ROOM_ADMIN
2026-01-09T17:17:01,E000002214,ACS_S-AC,ACCESS_CTRL,PERIMETER,S-AC,TURNSTILE_S-AC,alarm,valid,normal,benign,13.8155198688069,baseline,balanced_scenario:shift_out:exit_from:ROOM_ADMIN
2026-01-09T17:52:13,E000000010,RADAR_E-1,RADAR,PERIMETER,E-1,PERIM_E-1,alarm,invalid,false_positive,false_positive,14.3514076093578,env,balanced_scenario
2026-01-09T17:52:13,E000000010,RADAR_E-1,RADAR,PERIMETER,E-1,PERIM_E-1,alarm,invalid,false_positive,false_positive,14.3514076093578,env,balanced_scenario
2026-01-09T17:52:13,E000000010,RADAR_E-1,RADAR,PERIMETER,E-1,PERIM_E-1,alarm,invalid,false_positive,false_positive,14.3514076093578,env,balanced_scenario
2026-01-09T17:52:13,E000000010,RADAR_E-1,RADAR,PERIMETER,E-1,PERIM_E-1,alarm,invalid,false_positive,false_positive,14.3514076093578,env,balanced_scenario
2026-01-09T17:52:13,E000000010,RADAR_E-1,RADAR,PERIMETER,E-1,PERIM_E-1,alarm,invalid,false_positive,false_positive,14.3514076093578,env,balanced_scenario
2026-01-09T17:52:13,E000000010,RADAR_E-1,RADAR,PERIMETER,E-1,PERIM_E-1,alarm,invalid,false_positive,false_positive,14.3514076093578,env,balanced_scenario
2026-01-09T17:52:13,E000000010,RADAR_E-1,RADAR,PERIMETER,E-1,PERIM_E-1,alarm,invalid,false_positive,false_positive,14.3514076093578,env,balanced_scenario
2026-01-09T17:52:13,E000000010,RADAR_E-1,RADAR,PERIMETER,E-1,PERIM_E-1,alarm,invalid,false_positive,false_positive,14.3514076093578,env,balanced_scenario
2026-01-09T17:52:13,E000000010,RADAR_E-1,RADAR,PERIMETER,E-1,PERIM_E-1,alarm,invalid,false_positive,false_positive,14.3514076093578,env,balanced_scenario
2026-01-09T17:52:13,E000000010,RADAR_E-1,RADAR,PERIMETER,E-1,PERIM_E-1,alarm,invalid,false_positive,false_positive,14.3514076093578,env,balanced_scenario
2026-01-09T17:52:13,E000000010,RADAR_E-1,RADAR,PERIMETER,E-1,PERIM_E-1,alarm,invalid,false_positive,false_positive,14.3514076093578,env,balanced_scenario
2026-01-09T17:52:13,E000000010,RADAR_E-1,RADAR,PERIMETER,E-1,PERIM_E-1,alarm,invalid,false_positive,false_positive,14.3514076093578,env,balanced_scenario
2026-01-09T17:52:13,E000000010,RADAR_E-1,RADAR,PERIMETER,E-1,PERIM_E-1,alarm,invalid,false_positive,false_positive,14.3514076093578,env,balanced_scenario
2026-01-09T17:52:13,E000000010,RADAR_E-1,RADAR,PERIMETER,E-1,PERIM_E-1,alarm,invalid,false_positive,false_positive,14.3514076093578,env,balanced_scenario
2026-01-09T17:52:13,E000000010,RADAR_E-1,RADAR,PERIMETER,E-1,PERIM_E-1,alarm,invalid,false_positive,false_positive,14.3514076093578,env,balanced_scenario
2026-01-09T17:52:13,E000000010,RADAR_E-1,RADAR,PERIMETER,E-1,PERIM_E-1,alarm,invalid,false_positive,false_positive,14.3514076093578,env,balanced_scenario
2026-01-09T18:49:33,E000000022,PA_RADAR_S,RADAR,PROTECTED_AREA,S,PA_RADAR_S,alarm,invalid,false_positive,false_positive,20.95663871677775,env,balanced_scenario
2026-01-09T18:49:33,E000000022,PA_RADAR_S,RADAR,PROTECTED_AREA,S,PA_RADAR_S,alarm,invalid,false_positive,false_positive,20.95663871677775,env,balanced_scenario
2026-01-09T18:49:33,E000000022,PA_RADAR_S,RADAR,PROTECTED_AREA,S,PA_RADAR_S,alarm,invalid,false_positive,false_positive,20.95663871677775,env,balanced_scenario
2026-01-09T18:49:33,E000000022,PA_RADAR_S,RADAR,PROTECTED_AREA,S,PA_RADAR_S,alarm,invalid,false_positive,false_positive,20.95663871677775,env,balanced_scenario
2026-01-09T18:49:33,E000000022,PA_RADAR_S,RADAR,PROTECTED_AREA,S,PA_RADAR_S,alarm,invalid,false_positive,false_positive,20.95663871677775,env,balanced_scenario
2026-01-09T18:49:33,E000000022,PA_RADAR_S,RADAR,PROTECTED_AREA,S,PA_RADAR_S,alarm,invalid,false_positive,false_positive,20.95663871677775,env,balanced_scenario
2026-01-09T18:49:33,E000000022,PA_RADAR_S,RADAR,PROTECTED_AREA,S,PA_RADAR_S,alarm,invalid,false_positive,false_positive,20.95663871677775,env,balanced_scenario
2026-01-09T18:49:33,E000000022,PA_RADAR_S,RADAR,PROTECTED_AREA,S,PA_RADAR_S,alarm,invalid,false_positive,false_positive,20.95663871677775,env,balanced_scenario
2026-01-09T18:49:33,E000000022,PA_RADAR_S,RADAR,PROTECTED_AREA,S,PA_RADAR_S,alarm,invalid,false_positive,false_positive,20.95663871677775,env,balanced_scenario
2026-01-09T18:49:33,E000000022,PA_RADAR_S,RADAR,PROTECTED_AREA,S,PA_RADAR_S,alarm,invalid,false_positive,false_positive,20.95663871677775,env,balanced_scenario
2026-01-09T18:49:33,E000000022,PA_RADAR_S,RADAR,PROTECTED_AREA,S,PA_RADAR_S,alarm,invalid,false_positive,false_positive,20.95663871677775,env,balanced_scenario
2026-01-09T18:49:33,E000000022,PA_RADAR_S,RADAR,PROTECTED_AREA,S,PA_RADAR_S,alarm,invalid,false_positive,false_positive,20.95663871677775,env,balanced_scenario
2026-01-09T18:49:33,E000000022,PA_RADAR_S,RADAR,PROTECTED_AREA,S,PA_RADAR_S,alarm,invalid,false_positive,false_positive,20.95663871677775,env,balanced_scenario
2026-01-09T18:49:33,E000000022,PA_RADAR_S,RADAR,PROTECTED_AREA,S,PA_RADAR_S,alarm,invalid,false_positive,false_positive,20.95663871677775,env,balanced_scenario
2026-01-09T19:34:03,E000000001,FENCE_DISTURB_N-1,FENCE_DISTURB,PERIMETER,N-1,PERIM_N-1,alarm,invalid,false_positive,false_positive,13.216145137066253,env,balanced_scenario
2026-01-09T19:34:03,E000000001,FENCE_DISTURB_N-1,FENCE_DISTURB,PERIMETER,N-1,PERIM_N-1,alarm,invalid,false_positive,false_positive,13.216145137066253,env,balanced_scenario
2026-01-09T19:34:03,E000000001,FENCE_DISTURB_N-1,FENCE_DISTURB,PERIMETER,N-1,PERIM_N-1,alarm,invalid,false_positive,false_positive,13.216145137066253,env,balanced_scenario
2026-01-09T19:34:03,E000000001,FENCE_DISTURB_N-1,FENCE_DISTURB,PERIMETER,N-1,PERIM_N-1,alarm,invalid,false_positive,false_positive,13.216145137066253,env,balanced_scenario
2026-01-09T19:34:03,E000000001,FENCE_DISTURB_N-1,FENCE_DISTURB,PERIMETER,N-1,PERIM_N-1,alarm,invalid,false_positive,false_positive,13.216145137066253,env,balanced_scenario
2026-01-09T19:34:03,E000000001,FENCE_DISTURB_N-1,FENCE_DISTURB,PERIMETER,N-1,PERIM_N-1,alarm,invalid,false_positive,false_positive,13.216145137066253,env,balanced_scenario
2026-01-09T19:34:03,E000000001,FENCE_DISTURB_N-1,FENCE_DISTURB,PERIMETER,N-1,PERIM_N-1,alarm,invalid,false_positive,false_positive,13.216145137066253,env,balanced_scenario
2026-01-09T19:34:03,E000000001,FENCE_DISTURB_N-1,FENCE_DISTURB,PERIMETER,N-1,PERIM_N-1,alarm,invalid,false_positive,false_positive,13.216145137066253,env,balanced_scenario
2026-01-09T19:34:03,E000000001,FENCE_DISTURB_N-1,FENCE_DISTURB,PERIMETER,N-1,PERIM_N-1,alarm,invalid,false_positive,false_positive,13.216145137066253,env,balanced_scenario
2026-01-09T19:34:03,E000000001,FENCE_DISTURB_N-1,FENCE_DISTURB,PERIMETER,N-1,PERIM_N-1,alarm,invalid,false_positive,false_positive,13.216145137066253,env,balanced_scenario
2026-01-09T19:34:03,E000000001,FENCE_DISTURB_N-1,FENCE_DISTURB,PERIMETER,N-1,PERIM_N-1,alarm,invalid,false_positive,false_positive,13.216145137066253,env,balanced_scenario
2026-01-09T19:34:03,E000000001,FENCE_DISTURB_N-1,FENCE_DISTURB,PERIMETER,N-1,PERIM_N-1,alarm,invalid,false_positive,false_positive,13.216145137066253,env,balanced_scenario
2026-01-09T19:34:03,E000000001,FENCE_DISTURB_N-1,FENCE_DISTURB,PERIMETER,N-1,PERIM_N-1,alarm,invalid,false_positive,false_positive,13.216145137066253,env,balanced_scenario
2026-01-09T19:34:03,E000000001,FENCE_DISTURB_N-1,FENCE_DISTURB,PERIMETER,N-1,PERIM_N-1,alarm,invalid,false_positive,false_positive,13.216145137066253,env,balanced_scenario
2026-01-09T19:34:03,E000000001,FENCE_DISTURB_N-1,FENCE_DISTURB,PERIMETER,N-1,PERIM_N-1,alarm,invalid,false_positive,false_positive,13.216145137066253,env,balanced_scenario
2026-01-09T19:34:03,E000000001,FENCE_DISTURB_N-1,FENCE_DISTURB,PERIMETER,N-1,PERIM_N-1,alarm,invalid,false_positive,false_positive,13.216145137066253,env,balanced_scenario
2026-01-09T19:34:03,E000000001,FENCE_DISTURB_N-1,FENCE_DISTURB,PERIMETER,N-1,PERIM_N-1,alarm,invalid,false_positive,false_positive,13.216145137066253,env,balanced_scenario
2026-01-09T19:34:03,E000000001,FENCE_DISTURB_N-1,FENCE_DISTURB,PERIMETER,N-1,PERIM_N-1,alarm,invalid,false_positive,false_positive,13.216145137066253,env,balanced_scenario
2026-01-09T19:34:03,E000000001,FENCE_DISTURB_N-1,FENCE_DISTURB,PERIMETER,N-1,PERIM_N-1,alarm,invalid,false_positive,false_positive,13.216145137066253,env,balanced_scenario
2026-01-09T19:34:03,E000000001,FENCE_DISTURB_N-1,FENCE_DISTURB,PERIMETER,N-1,PERIM_N-1,alarm,invalid,false_positive,false_positive,13.216145137066253,env,balanced_scenario
2026-01-09T20:40:22,E000000024,PA_RADAR_S,RADAR,PROTECTED_AREA,S,PA_RADAR_S,alarm,valid,false_positive,false_positive,32.895903028363406,env,balanced_scenario
2026-01-09T20:40:22,E000000024,PA_RADAR_S,RADAR,PROTECTED_AREA,S,PA_RADAR_S,alarm,valid,false_positive,false_positive,32.895903028363406,env,balanced_scenario
2026-01-09T20:40:22,E000000024,PA_RADAR_S,RADAR,PROTECTED_AREA,S,PA_RADAR_S,alarm,valid,false_positive,false_positive,32.895903028363406,env,balanced_scenario
2026-01-09T20:40:22,E000000024,PA_RADAR_S,RADAR,PROTECTED_AREA,S,PA_RADAR_S,alarm,valid,false_positive,false_positive,32.895903028363406,env,balanced_scenario
2026-01-09T20:40:22,E000000024,PA_RADAR_S,RADAR,PROTECTED_AREA,S,PA_RADAR_S,alarm,valid,false_positive,false_positive,32.895903028363406,env,balanced_scenario
2026-01-09T20:40:22,E000000024,PA_RADAR_S,RADAR,PROTECTED_AREA,S,PA_RADAR_S,alarm,valid,false_positive,false_positive,32.895903028363406,env,balanced_scenario
2026-01-09T20:40:22,E000000024,PA_RADAR_S,RADAR,PROTECTED_AREA,S,PA_RADAR_S,alarm,valid,false_positive,false_positive,32.895903028363406,env,balanced_scenario
2026-01-09T20:40:22,E000000024,PA_RADAR_S,RADAR,PROTECTED_AREA,S,PA_RADAR_S,alarm,valid,false_positive,false_positive,32.895903028363406,env,balanced_scenario
2026-01-09T20:40:22,E000000024,PA_RADAR_S,RADAR,PROTECTED_AREA,S,PA_RADAR_S,alarm,valid,false_positive,false_positive,32.895903028363406,env,balanced_scenario
2026-01-09T20:40:22,E000000024,PA_RADAR_S,RADAR,PROTECTED_AREA,S,PA_RADAR_S,alarm,valid,false_positive,false_positive,32.895903028363406,env,balanced_scenario
2026-01-09T20:40:22,E000000024,PA_RADAR_S,RADAR,PROTECTED_AREA,S,PA_RADAR_S,alarm,valid,false_positive,false_positive,32.895903028363406,env,balanced_scenario
2026-01-09T21:14:37,E000000026,PA_RADAR_W,RADAR,PROTECTED_AREA,W,PA_RADAR_W,alarm,invalid,false_positive,false_positive,9.126500505888275,env,balanced_scenario
2026-01-09T21:14:37,E000000026,PA_RADAR_W,RADAR,PROTECTED_AREA,W,PA_RADAR_W,alarm,invalid,false_positive,false_positive,9.126500505888275,env,balanced_scenario
2026-01-09T21:14:37,E000000026,PA_RADAR_W,RADAR,PROTECTED_AREA,W,PA_RADAR_W,alarm,invalid,false_positive,false_positive,9.126500505888275,env,balanced_scenario
2026-01-09T21:14:37,E000000026,PA_RADAR_W,RADAR,PROTECTED_AREA,W,PA_RADAR_W,alarm,invalid,false_positive,false_positive,9.126500505888275,env,balanced_scenario
2026-01-09T21:14:37,E000000026,PA_RADAR_W,RADAR,PROTECTED_AREA,W,PA_RADAR_W,alarm,invalid,false_positive,false_positive,9.126500505888275,env,balanced_scenario
2026-01-09T21:14:37,E000000026,PA_RADAR_W,RADAR,PROTECTED_AREA,W,PA_RADAR_W,alarm,invalid,false_positive,false_positive,9.126500505888275,env,balanced_scenario
2026-01-09T21:14:37,E000000026,PA_RADAR_W,RADAR,PROTECTED_AREA,W,PA_RADAR_W,alarm,invalid,false_positive,false_positive,9.126500505888275,env,balanced_scenario
2026-01-09T21:14:37,E000000026,PA_RADAR_W,RADAR,PROTECTED_AREA,W,PA_RADAR_W,alarm,invalid,false_positive,false_positive,9.126500505888275,env,balanced_scenario
2026-01-09T21:14:37,E000000026,PA_RADAR_W,RADAR,PROTECTED_AREA,W,PA_RADAR_W,alarm,invalid,false_positive,false_positive,9.126500505888275,env,balanced_scenario
2026-01-09T21:14:37,E000000026,PA_RADAR_W,RADAR,PROTECTED_AREA,W,PA_RADAR_W,alarm,invalid,false_positive,false_positive,9.126500505888275,env,balanced_scenario
2026-01-09T21:14:37,E000000026,PA_RADAR_W,RADAR,PROTECTED_AREA,W,PA_RADAR_W,alarm,invalid,false_positive,false_positive,9.126500505888275,env,balanced_scenario
2026-01-09T21:14:37,E000000026,PA_RADAR_W,RADAR,PROTECTED_AREA,W,PA_RADAR_W,alarm,invalid,false_positive,false_positive,9.126500505888275,env,balanced_scenario
2026-01-09T21:14:37,E000000026,PA_RADAR_W,RADAR,PROTECTED_AREA,W,PA_RADAR_W,alarm,invalid,false_positive,false_positive,9.126500505888275,env,balanced_scenario
2026-01-09T21:14:37,E000000026,PA_RADAR_W,RADAR,PROTECTED_AREA,W,PA_RADAR_W,alarm,invalid,false_positive,false_positive,9.126500505888275,env,balanced_scenario
2026-01-09T21:14:37,E000000026,PA_RADAR_W,RADAR,PROTECTED_AREA,W,PA_RADAR_W,alarm,invalid,false_positive,false_positive,9.126500505888275,env,balanced_scenario
2026-01-09T23:22:58,E000000015,FENCE_DISTURB_W-0,FENCE_DISTURB,PERIMETER,W-0,PERIM_W-0,alarm,invalid,false_positive,false_positive,17.410691633574878,env,balanced_scenario
2026-01-09T23:22:58,E000000015,FENCE_DISTURB_W-0,FENCE_DISTURB,PERIMETER,W-0,PERIM_W-0,alarm,invalid,false_positive,false_positive,17.410691633574878,env,balanced_scenario
2026-01-09T23:22:58,E000000015,FENCE_DISTURB_W-0,FENCE_DISTURB,PERIMETER,W-0,PERIM_W-0,alarm,invalid,false_positive,false_positive,17.410691633574878,env,balanced_scenario
2026-01-09T23:22:58,E000000015,FENCE_DISTURB_W-0,FENCE_DISTURB,PERIMETER,W-0,PERIM_W-0,alarm,invalid,false_positive,false_positive,17.410691633574878,env,balanced_scenario
2026-01-09T23:22:58,E000000015,FENCE_DISTURB_W-0,FENCE_DISTURB,PERIMETER,W-0,PERIM_W-0,alarm,invalid,false_positive,false_positive,17.410691633574878,env,balanced_scenario
2026-01-09T23:22:58,E000000015,FENCE_DISTURB_W-0,FENCE_DISTURB,PERIMETER,W-0,PERIM_W-0,alarm,invalid,false_positive,false_positive,17.410691633574878,env,balanced_scenario
2026-01-09T23:22:58,E000000015,FENCE_DISTURB_W-0,FENCE_DISTURB,PERIMETER,W-0,PERIM_W-0,alarm,invalid,false_positive,false_positive,17.410691633574878,env,balanced_scenario
2026-01-09T23:22:58,E000000015,FENCE_DISTURB_W-0,FENCE_DISTURB,PERIMETER,W-0,PERIM_W-0,alarm,invalid,false_positive,false_positive,17.410691633574878,env,balanced_scenario
2026-01-09T23:22:58,E000000015,FENCE_DISTURB_W-0,FENCE_DISTURB,PERIMETER,W-0,PERIM_W-0,alarm,invalid,false_positive,false_positive,17.410691633574878,env,balanced_scenario
2026-01-09T23:22:58,E000000015,FENCE_DISTURB_W-0,FENCE_DISTURB,PERIMETER,W-0,PERIM_W-0,alarm,invalid,false_positive,false_positive,17.410691633574878,env,balanced_scenario
2026-01-09T23:22:58,E000000015,FENCE_DISTURB_W-0,FENCE_DISTURB,PERIMETER,W-0,PERIM_W-0,alarm,invalid,false_positive,false_positive,17.410691633574878,env,balanced_scenario
2026-01-10T04:41:48,E000006827,FENCE_DISTURB_S-1,FENCE_DISTURB,PERIMETER,S-1,PERIM_S-1,alarm,intrusion,intrusion:attack_03:step_00:PERIM_S-1,intrusion,16.965437336428785,adversary,balanced_scenario:attack
2026-01-10T04:41:48,E000006827,FENCE_DISTURB_S-1,FENCE_DISTURB,PERIMETER,S-1,PERIM_S-1,alarm,intrusion,intrusion:attack_03:step_00:PERIM_S-1,intrusion,16.965437336428785,adversary,balanced_scenario:attack
2026-01-10T04:41:48,E000006827,FENCE_DISTURB_S-1,FENCE_DISTURB,PERIMETER,S-1,PERIM_S-1,alarm,intrusion,intrusion:attack_03:step_00:PERIM_S-1,intrusion,16.965437336428785,adversary,balanced_scenario:attack
2026-01-10T04:41:48,E000006828,RADAR_S-1,RADAR,PERIMETER,S-1,PERIM_S-1,alarm,intrusion,intrusion:attack_03:step_00:PERIM_S-1,intrusion,16.246283193546567,adversary,balanced_scenario:attack
2026-01-10T04:41:48,E000006827,FENCE_DISTURB_S-1,FENCE_DISTURB,PERIMETER,S-1,PERIM_S-1,alarm,intrusion,intrusion:attack_03:step_00:PERIM_S-1,intrusion,16.965437336428785,adversary,balanced_scenario:attack
2026-01-10T04:41:48,E000006828,RADAR_S-1,RADAR,PERIMETER,S-1,PERIM_S-1,alarm,intrusion,intrusion:attack_03:step_00:PERIM_S-1,intrusion,16.246283193546567,adversary,balanced_scenario:attack
2026-01-10T04:41:48,E000006827,FENCE_DISTURB_S-1,FENCE_DISTURB,PERIMETER,S-1,PERIM_S-1,alarm,intrusion,intrusion:attack_03:step_00:PERIM_S-1,intrusion,16.965437336428785,adversary,balanced_scenario:attack
2026-01-10T04:41:48,E000006827,FENCE_DISTURB_S-1,FENCE_DISTURB,PERIMETER,S-1,PERIM_S-1,alarm,intrusion,intrusion:attack_03:step_00:PERIM_S-1,intrusion,16.965437336428785,adversary,balanced_scenario:attack
2026-01-10T04:41:48,E000006827,FENCE_DISTURB_S-1,FENCE_DISTURB,PERIMETER,S-1,PERIM_S-1,alarm,intrusion,intrusion:attack_03:step_00:PERIM_S-1,intrusion,16.965437336428785,adversary,balanced_scenario:attack
2026-01-10T04:41:48,E000006827,FENCE_DISTURB_S-1,FENCE_DISTURB,PERIMETER,S-1,PERIM_S-1,alarm,intrusion,intrusion:attack_03:step_00:PERIM_S-1,intrusion,16.965437336428785,adversary,balanced_scenario:attack
2026-01-10T04:41:48,E000006828,RADAR_S-1,RADAR,PERIMETER,S-1,PERIM_S-1,alarm,intrusion,intrusion:attack_03:step_00:PERIM_S-1,intrusion,16.246283193546567,adversary,balanced_scenario:attack
2026-01-10T04:41:48,E000006827,FENCE_DISTURB_S-1,FENCE_DISTURB,PERIMETER,S-1,PERIM_S-1,alarm,intrusion,intrusion:attack_03:step_00:PERIM_S-1,intrusion,16.965437336428785,adversary,balanced_scenario:attack
2026-01-10T04:41:48,E000006828,RADAR_S-1,RADAR,PERIMETER,S-1,PERIM_S-1,alarm,intrusion,intrusion:attack_03:step_00:PERIM_S-1,intrusion,16.246283193546567,adversary,balanced_scenario:attack
2026-01-10T04:41:48,E000006827,FENCE_DISTURB_S-1,FENCE_DISTURB,PERIMETER,S-1,PERIM_S-1,alarm,intrusion,intrusion:attack_03:step_00:PERIM_S-1,intrusion,16.965437336428785,adversary,balanced_scenario:attack
2026-01-10T04:41:48,E000006827,FENCE_DISTURB_S-1,FENCE_DISTURB,PERIMETER,S-1,PERIM_S-1,alarm,intrusion,intrusion:attack_03:step_00:PERIM_S-1,intrusion,16.965437336428785,adversary,balanced_scenario:attack
2026-01-10T04:41:48,E000006827,FENCE_DISTURB_S-1,FENCE_DISTURB,PERIMETER,S-1,PERIM_S-1,alarm,intrusion,intrusion:attack_03:step_00:PERIM_S-1,intrusion,16.965437336428785,adversary,balanced_scenario:attack
2026-01-10T04:41:48,E000006827,FENCE_DISTURB_S-1,FENCE_DISTURB,PERIMETER,S-1,PERIM_S-1,alarm,intrusion,intrusion:attack_03:step_00:PERIM_S-1,intrusion,16.965437336428785,adversary,balanced_scenario:attack
2026-01-10T04:41:48,E000006827,FENCE_DISTURB_S-1,FENCE_DISTURB,PERIMETER,S-1,PERIM_S-1,alarm,intrusion,intrusion:attack_03:step_00:PERIM_S-1,intrusion,16.965437336428785,adversary,balanced_scenario:attack
2026-01-10T04:41:48,E000006827,FENCE_DISTURB_S-1,FENCE_DISTURB,PERIMETER,S-1,PERIM_S-1,alarm,intrusion,intrusion:attack_03:step_00:PERIM_S-1,intrusion,16.965437336428785,adversary,balanced_scenario:attack
2026-01-10T04:41:48,E000006827,FENCE_DISTURB_S-1,FENCE_DISTURB,PERIMETER,S-1,PERIM_S-1,alarm,intrusion,intrusion:attack_03:step_00:PERIM_S-1,intrusion,16.965437336428785,adversary,balanced_scenario:attack
2026-01-10T04:41:48,E000006828,RADAR_S-1,RADAR,PERIMETER,S-1,PERIM_S-1,alarm,intrusion,intrusion:attack_03:step_00:PERIM_S-1,intrusion,16.246283193546567,adversary,balanced_scenario:attack
2026-01-10T04:41:48,E000006828,RADAR_S-1,RADAR,PERIMETER,S-1,PERIM_S-1,alarm,intrusion,intrusion:attack_03:step_00:PERIM_S-1,intrusion,16.246283193546567,adversary,balanced_scenario:attack
2026-01-10T04:41:48,E000006828,RADAR_S-1,RADAR,PERIMETER,S-1,PERIM_S-1,alarm,intrusion,intrusion:attack_03:step_00:PERIM_S-1,intrusion,16.246283193546567,adversary,balanced_scenario:attack
2026-01-10T04:41:48,E000006827,FENCE_DISTURB_S-1,FENCE_DISTURB,PERIMETER,S-1,PERIM_S-1,alarm,intrusion,intrusion:attack_03:step_00:PERIM_S-1,intrusion,16.965437336428785,adversary,balanced_scenario:attack
2026-01-10T04:41:48,E000006827,FENCE_DISTURB_S-1,FENCE_DISTURB,PERIMETER,S-1,PERIM_S-1,alarm,intrusion,intrusion:attack_03:step_00:PERIM_S-1,intrusion,16.965437336428785,adversary,balanced_scenario:attack
2026-01-10T04:41:48,E000006828,RADAR_S-1,RADAR,PERIMETER,S-1,PERIM_S-1,alarm,intrusion,intrusion:attack_03:step_00:PERIM_S-1,intrusion,16.246283193546567,adversary,balanced_scenario:attack
2026-01-10T04:41:48,E000006827,FENCE_DISTURB_S-1,FENCE_DISTURB,PERIMETER,S-1,PERIM_S-1,alarm,intrusion,intrusion:attack_03:step_00:PERIM_S-1,intrusion,16.965437336428785,adversary,balanced_scenario:attack
2026-01-10T04:41:48,E000006827,FENCE_DISTURB_S-1,FENCE_DISTURB,PERIMETER,S-1,PERIM_S-1,alarm,intrusion,intrusion:attack_03:step_00:PERIM_S-1,intrusion,16.965437336428785,adversary,balanced_scenario:attack
2026-01-10T04:41:48,E000006828,RADAR_S-1,RADAR,PERIMETER,S-1,PERIM_S-1,alarm,intrusion,intrusion:attack_03:step_00:PERIM_S-1,intrusion,16.246283193546567,adversary,balanced_scenario:attack
2026-01-10T04:41:48,E000006828,RADAR_S-1,RADAR,PERIMETER,S-1,PERIM_S-1,alarm,intrusion,intrusion:attack_03:step_00:PERIM_S-1,intrusion,16.246283193546567,adversary,balanced_scenario:attack
2026-01-10T04:41:48,E000006828,RADAR_S-1,RADAR,PERIMETER,S-1,PERIM_S-1,alarm,intrusion,intrusion:attack_03:step_00:PERIM_S-1,intrusion,16.246283193546567,adversary,balanced_scenario:attack
2026-01-10T04:41:48,E000006828,RADAR_S-1,RADAR,PERIMETER,S-1,PERIM_S-1,alarm,intrusion,intrusion:attack_03:step_00:PERIM_S-1,intrusion,16.246283193546567,adversary,balanced_scenario:attack
2026-01-10T04:41:48,E000006827,FENCE_DISTURB_S-1,FENCE_DISTURB,PERIMETER,S-1,PERIM_S-1,alarm,intrusion,intrusion:attack_03:step_00:PERIM_S-1,intrusion,16.965437336428785,adversary,balanced_scenario:attack
2026-01-10T04:41:48,E000006827,FENCE_DISTURB_S-1,FENCE_DISTURB,PERIMETER,S-1,PERIM_S-1,alarm,intrusion,intrusion:attack_03:step_00:PERIM_S-1,intrusion,16.965437336428785,adversary,balanced_scenario:attack
2026-01-10T04:41:48,E000006828,RADAR_S-1,RADAR,PERIMETER,S-1,PERIM_S-1,alarm,intrusion,intrusion:attack_03:step_00:PERIM_S-1,intrusion,16.246283193546567,adversary,balanced_scenario:attack
2026-01-10T04:41:48,E000006828,RADAR_S-1,RADAR,PERIMETER,S-1,PERIM_S-1,alarm,intrusion,intrusion:attack_03:step_00:PERIM_S-1,intrusion,16.246283193546567,adversary,balanced_scenario:attack
2026-01-10T04:41:48,E000006827,FENCE_DISTURB_S-1,FENCE_DISTURB,PERIMETER,S-1,PERIM_S-1,alarm,intrusion,intrusion:attack_03:step_00:PERIM_S-1,intrusion,16.965437336428785,adversary,balanced_scenario:attack
2026-01-10T04:41:48,E000006828,RADAR_S-1,RADAR,PERIMETER,S-1,PERIM_S-1,alarm,intrusion,intrusion:attack_03:step_00:PERIM_S-1,intrusion,16.246283193546567,adversary,balanced_scenario:attack
2026-01-10T04:41:48,E000006828,RADAR_S-1,RADAR,PERIMETER,S-1,PERIM_S-1,alarm,intrusion,intrusion:attack_03:step_00:PERIM_S-1,intrusion,16.246283193546567,adversary,balanced_scenario:attack
2026-01-10T04:41:48,E000006827,FENCE_DISTURB_S-1,FENCE_DISTURB,PERIMETER,S-1,PERIM_S-1,alarm,intrusion,intrusion:attack_03:step_00:PERIM_S-1,intrusion,16.965437336428785,adversary,balanced_scenario:attack
2026-01-10T04:41:48,E000006827,FENCE_DISTURB_S-1,FENCE_DISTURB,PERIMETER,S-1,PERIM_S-1,alarm,intrusion,intrusion:attack_03:step_00:PERIM_S-1,intrusion,16.965437336428785,adversary,balanced_scenario:attack
2026-01-10T04:41:48,E000006828,RADAR_S-1,RADAR,PERIMETER,S-1,PERIM_S-1,alarm,intrusion,intrusion:attack_03:step_00:PERIM_S-1,intrusion,16.246283193546567,adversary,balanced_scenario:attack
2026-01-10T04:41:48,E000006827,FENCE_DISTURB_S-1,FENCE_DISTURB,PERIMETER,S-1,PERIM_S-1,alarm,intrusion,intrusion:attack_03:step_00:PERIM_S-1,intrusion,16.965437336428785,adversary,balanced_scenario:attack
2026-01-10T04:41:48,E000006828,RADAR_S-1,RADAR,PERIMETER,S-1,PERIM_S-1,alarm,intrusion,intrusion:attack_03:step_00:PERIM_S-1,intrusion,16.246283193546567,adversary,balanced_scenario:attack
2026-01-10T04:41:48,E000006827,FENCE_DISTURB_S-1,FENCE_DISTURB,PERIMETER,S-1,PERIM_S-1,alarm,intrusion,intrusion:attack_03:step_00:PERIM_S-1,intrusion,16.965437336428785,adversary,balanced_scenario:attack
2026-01-10T04:41:48,E000006828,RADAR_S-1,RADAR,PERIMETER,S-1,PERIM_S-1,alarm,intrusion,intrusion:attack_03:step_00:PERIM_S-1,intrusion,16.246283193546567,adversary,balanced_scenario:attack
2026-01-10T04:41:48,E000006828,RADAR_S-1,RADAR,PERIMETER,S-1,PERIM_S-1,alarm,intrusion,intrusion:attack_03:step_00:PERIM_S-1,intrusion,16.246283193546567,adversary,balanced_scenario:attack
2026-01-10T04:41:48,E000006827,FENCE_DISTURB_S-1,FENCE_DISTURB,PERIMETER,S-1,PERIM_S-1,alarm,intrusion,intrusion:attack_03:step_00:PERIM_S-1,intrusion,16.965437336428785,adversary,balanced_scenario:attack
2026-01-10T04:41:48,E000006827,FENCE_DISTURB_S-1,FENCE_DISTURB,PERIMETER,S-1,PERIM_S-1,alarm,intrusion,intrusion:attack_03:step_00:PERIM_S-1,intrusion,16.965437336428785,adversary,balanced_scenario:attack
2026-01-10T04:41:48,E000006827,FENCE_DISTURB_S-1,FENCE_DISTURB,PERIMETER,S-1,PERIM_S-1,alarm,intrusion,intrusion:attack_03:step_00:PERIM_S-1,intrusion,16.965437336428785,adversary,balanced_scenario:attack
2026-01-10T04:41:48,E000006827,FENCE_DISTURB_S-1,FENCE_DISTURB,PERIMETER,S-1,PERIM_S-1,alarm,intrusion,intrusion:attack_03:step_00:PERIM_S-1,intrusion,16.965437336428785,adversary,balanced_scenario:attack
2026-01-10T04:41:48,E000006827,FENCE_DISTURB_S-1,FENCE_DISTURB,PERIMETER,S-1,PERIM_S-1,alarm,intrusion,intrusion:attack_03:step_00:PERIM_S-1,intrusion,16.965437336428785,adversary,balanced_scenario:attack
2026-01-10T04:41:48,E000006827,FENCE_DISTURB_S-1,FENCE_DISTURB,PERIMETER,S-1,PERIM_S-1,alarm,intrusion,intrusion:attack_03:step_00:PERIM_S-1,intrusion,16.965437336428785,adversary,balanced_scenario:attack
2026-01-10T04:41:48,E000006828,RADAR_S-1,RADAR,PERIMETER,S-1,PERIM_S-1,alarm,intrusion,intrusion:attack_03:step_00:PERIM_S-1,intrusion,16.246283193546567,adversary,balanced_scenario:attack
2026-01-10T04:42:41,E000006829,PA_RADAR_S,RADAR,PROTECTED_AREA,S,PA_RADAR_S,alarm,intrusion,intrusion:attack_03:step_01:PA_RADAR_S,intrusion,0.0,adversary,balanced_scenario:attack
2026-01-10T04:42:41,E000006829,PA_RADAR_S,RADAR,PROTECTED_AREA,S,PA_RADAR_S,alarm,intrusion,intrusion:attack_03:step_01:PA_RADAR_S,intrusion,0.0,adversary,balanced_scenario:attack
2026-01-10T04:42:41,E000006829,PA_RADAR_S,RADAR,PROTECTED_AREA,S,PA_RADAR_S,alarm,intrusion,intrusion:attack_03:step_01:PA_RADAR_S,intrusion,0.0,adversary,balanced_scenario:attack
2026-01-10T04:42:41,E000006829,PA_RADAR_S,RADAR,PROTECTED_AREA,S,PA_RADAR_S,alarm,intrusion,intrusion:attack_03:step_01:PA_RADAR_S,intrusion,0.0,adversary,balanced_scenario:attack
2026-01-10T04:42:41,E000006829,PA_RADAR_S,RADAR,PROTECTED_AREA,S,PA_RADAR_S,alarm,intrusion,intrusion:attack_03:step_01:PA_RADAR_S,intrusion,0.0,adversary,balanced_scenario:attack
2026-01-10T04:42:41,E000006829,PA_RADAR_S,RADAR,PROTECTED_AREA,S,PA_RADAR_S,alarm,intrusion,intrusion:attack_03:step_01:PA_RADAR_S,intrusion,0.0,adversary,balanced_scenario:attack
2026-01-10T04:42:41,E000006829,PA_RADAR_S,RADAR,PROTECTED_AREA,S,PA_RADAR_S,alarm,intrusion,intrusion:attack_03:step_01:PA_RADAR_S,intrusion,0.0,adversary,balanced_scenario:attack
2026-01-10T04:42:41,E000006829,PA_RADAR_S,RADAR,PROTECTED_AREA,S,PA_RADAR_S,alarm,intrusion,intrusion:attack_03:step_01:PA_RADAR_S,intrusion,0.0,adversary,balanced_scenario:attack
2026-01-10T04:42:41,E000006829,PA_RADAR_S,RADAR,PROTECTED_AREA,S,PA_RADAR_S,alarm,intrusion,intrusion:attack_03:step_01:PA_RADAR_S,intrusion,0.0,adversary,balanced_scenario:attack
2026-01-10T04:42:41,E000006829,PA_RADAR_S,RADAR,PROTECTED_AREA,S,PA_RADAR_S,alarm,intrusion,intrusion:attack_03:step_01:PA_RADAR_S,intrusion,0.0,adversary,balanced_scenario:attack
2026-01-10T04:42:41,E000006829,PA_RADAR_S,RADAR,PROTECTED_AREA,S,PA_RADAR_S,alarm,intrusion,intrusion:attack_03:step_01:PA_RADAR_S,intrusion,0.0,adversary,balanced_scenario:attack
2026-01-10T04:42:41,E000006829,PA_RADAR_S,RADAR,PROTECTED_AREA,S,PA_RADAR_S,alarm,intrusion,intrusion:attack_03:step_01:PA_RADAR_S,intrusion,0.0,adversary,balanced_scenario:attack
2026-01-10T04:42:41,E000006829,PA_RADAR_S,RADAR,PROTECTED_AREA,S,PA_RADAR_S,alarm,intrusion,intrusion:attack_03:step_01:PA_RADAR_S,intrusion,0.0,adversary,balanced_scenario:attack
2026-01-10T04:42:41,E000006829,PA_RADAR_S,RADAR,PROTECTED_AREA,S,PA_RADAR_S,alarm,intrusion,intrusion:attack_03:step_01:PA_RADAR_S,intrusion,0.0,adversary,balanced_scenario:attack
2026-01-10T04:42:41,E000006829,PA_RADAR_S,RADAR,PROTECTED_AREA,S,PA_RADAR_S,alarm,intrusion,intrusion:attack_03:step_01:PA_RADAR_S,intrusion,0.0,adversary,balanced_scenario:attack
2026-01-10T04:42:41,E000006829,PA_RADAR_S,RADAR,PROTECTED_AREA,S,PA_RADAR_S,alarm,intrusion,intrusion:attack_03:step_01:PA_RADAR_S,intrusion,0.0,adversary,balanced_scenario:attack
2026-01-10T04:42:41,E000006829,PA_RADAR_S,RADAR,PROTECTED_AREA,S,PA_RADAR_S,alarm,intrusion,intrusion:attack_03:step_01:PA_RADAR_S,intrusion,0.0,adversary,balanced_scenario:attack
2026-01-10T04:42:41,E000006829,PA_RADAR_S,RADAR,PROTECTED_AREA,S,PA_RADAR_S,alarm,intrusion,intrusion:attack_03:step_01:PA_RADAR_S,intrusion,0.0,adversary,balanced_scenario:attack
2026-01-10T04:42:41,E000006829,PA_RADAR_S,RADAR,PROTECTED_AREA,S,PA_RADAR_S,alarm,intrusion,intrusion:attack_03:step_01:PA_RADAR_S,intrusion,0.0,adversary,balanced_scenario:attack
2026-01-10T04:42:41,E000006829,PA_RADAR_S,RADAR,PROTECTED_AREA,S,PA_RADAR_S,alarm,intrusion,intrusion:attack_03:step_01:PA_RADAR_S,intrusion,0.0,adversary,balanced_scenario:attack
2026-01-10T04:42:41,E000006829,PA_RADAR_S,RADAR,PROTECTED_AREA,S,PA_RADAR_S,alarm,intrusion,intrusion:attack_03:step_01:PA_RADAR_S,intrusion,0.0,adversary,balanced_scenario:attack
2026-01-10T04:42:41,E000006829,PA_RADAR_S,RADAR,PROTECTED_AREA,S,PA_RADAR_S,alarm,intrusion,intrusion:attack_03:step_01:PA_RADAR_S,intrusion,0.0,adversary,balanced_scenario:attack
2026-01-10T04:42:41,E000006829,PA_RADAR_S,RADAR,PROTECTED_AREA,S,PA_RADAR_S,alarm,intrusion,intrusion:attack_03:step_01:PA_RADAR_S,intrusion,0.0,adversary,balanced_scenario:attack
2026-01-10T04:42:41,E000006829,PA_RADAR_S,RADAR,PROTECTED_AREA,S,PA_RADAR_S,alarm,intrusion,intrusion:attack_03:step_01:PA_RADAR_S,intrusion,0.0,adversary,balanced_scenario:attack
2026-01-10T04:42:41,E000006829,PA_RADAR_S,RADAR,PROTECTED_AREA,S,PA_RADAR_S,alarm,intrusion,intrusion:attack_03:step_01:PA_RADAR_S,intrusion,0.0,adversary,balanced_scenario:attack
2026-01-10T04:42:41,E000006829,PA_RADAR_S,RADAR,PROTECTED_AREA,S,PA_RADAR_S,alarm,intrusion,intrusion:attack_03:step_01:PA_RADAR_S,intrusion,0.0,adversary,balanced_scenario:attack
2026-01-10T04:42:41,E000006829,PA_RADAR_S,RADAR,PROTECTED_AREA,S,PA_RADAR_S,alarm,intrusion,intrusion:attack_03:step_01:PA_RADAR_S,intrusion,0.0,adversary,balanced_scenario:attack
2026-01-10T04:42:41,E000006829,PA_RADAR_S,RADAR,PROTECTED_AREA,S,PA_RADAR_S,alarm,intrusion,intrusion:attack_03:step_01:PA_RADAR_S,intrusion,0.0,adversary,balanced_scenario:attack
2026-01-10T06:24:37,E000000003,RADAR_N-1,RADAR,PERIMETER,N-1,PERIM_N-1,alarm,invalid,false_positive,false_positive,6.311533088401271,env,balanced_scenario
2026-01-10T06:24:37,E000000003,RADAR_N-1,RADAR,PERIMETER,N-1,PERIM_N-1,alarm,invalid,false_positive,false_positive,6.311533088401271,env,balanced_scenario
2026-01-10T06:24:37,E000000003,RADAR_N-1,RADAR,PERIMETER,N-1,PERIM_N-1,alarm,invalid,false_positive,false_positive,6.311533088401271,env,balanced_scenario
2026-01-10T06:24:37,E000000003,RADAR_N-1,RADAR,PERIMETER,N-1,PERIM_N-1,alarm,invalid,false_positive,false_positive,6.311533088401271,env,balanced_scenario
2026-01-10T06:24:37,E000000003,RADAR_N-1,RADAR,PERIMETER,N-1,PERIM_N-1,alarm,invalid,false_positive,false_positive,6.311533088401271,env,balanced_scenario
2026-01-10T06:24:37,E000000003,RADAR_N-1,RADAR,PERIMETER,N-1,PERIM_N-1,alarm,invalid,false_positive,false_positive,6.311533088401271,env,balanced_scenario
2026-01-10T06:24:37,E000000003,RADAR_N-1,RADAR,PERIMETER,N-1,PERIM_N-1,alarm,invalid,false_positive,false_positive,6.311533088401271,env,balanced_scenario
2026-01-10T06:24:37,E000000003,RADAR_N-1,RADAR,PERIMETER,N-1,PERIM_N-1,alarm,invalid,false_positive,false_positive,6.311533088401271,env,balanced_scenario
2026-01-10T06:24:37,E000000003,RADAR_N-1,RADAR,PERIMETER,N-1,PERIM_N-1,alarm,invalid,false_positive,false_positive,6.311533088401271,env,balanced_scenario
2026-01-10T06:49:51,E000002996,ACS_S-AC,ACCESS_CTRL,PERIMETER,S-AC,TURNSTILE_S-AC,alarm,valid,normal,benign,12.362889939866463,baseline,balanced_scenario:shift_in:turnstile_entry
2026-01-10T06:50:03,E000002997,PA_RADAR_S,RADAR,PROTECTED_AREA,S,PA_RADAR_S,alarm,valid,normal,benign,13.576391846532353,baseline,balanced_scenario:shift_in:move_to:ASSET_ROOM
2026-01-10T07:00:53,E000000016,RADAR_W-1,RADAR,PERIMETER,W-1,PERIM_W-1,alarm,invalid,false_positive,false_positive,13.587942051181678,env,balanced_scenario
2026-01-10T07:00:53,E000000016,RADAR_W-1,RADAR,PERIMETER,W-1,PERIM_W-1,alarm,invalid,false_positive,false_positive,13.587942051181678,env,balanced_scenario
2026-01-10T07:00:53,E000000016,RADAR_W-1,RADAR,PERIMETER,W-1,PERIM_W-1,alarm,invalid,false_positive,false_positive,13.587942051181678,env,balanced_scenario
2026-01-10T07:00:53,E000000016,RADAR_W-1,RADAR,PERIMETER,W-1,PERIM_W-1,alarm,invalid,false_positive,false_positive,13.587942051181678,env,balanced_scenario
2026-01-10T07:00:53,E000000016,RADAR_W-1,RADAR,PERIMETER,W-1,PERIM_W-1,alarm,invalid,false_positive,false_positive,13.587942051181678,env,balanced_scenario
2026-01-10T07:00:53,E000000016,RADAR_W-1,RADAR,PERIMETER,W-1,PERIM_W-1,alarm,invalid,false_positive,false_positive,13.587942051181678,env,balanced_scenario
2026-01-10T07:00:53,E000000016,RADAR_W-1,RADAR,PERIMETER,W-1,PERIM_W-1,alarm,invalid,false_positive,false_positive,13.587942051181678,env,balanced_scenario
2026-01-10T07:00:53,E000000016,RADAR_W-1,RADAR,PERIMETER,W-1,PERIM_W-1,alarm,invalid,false_positive,false_positive,13.587942051181678,env,balanced_scenario
2026-01-10T07:00:53,E000000016,RADAR_W-1,RADAR,PERIMETER,W-1,PERIM_W-1,alarm,invalid,false_positive,false_positive,13.587942051181678,env,balanced_scenario
2026-01-10T07:00:53,E000000016,RADAR_W-1,RADAR,PERIMETER,W-1,PERIM_W-1,alarm,invalid,false_positive,false_positive,13.587942051181678,env,balanced_scenario
2026-01-10T07:00:53,E000000016,RADAR_W-1,RADAR,PERIMETER,W-1,PERIM_W-1,alarm,invalid,false_positive,false_positive,13.587942051181678,env,balanced_scenario
2026-01-10T07:00:53,E000000016,RADAR_W-1,RADAR,PERIMETER,W-1,PERIM_W-1,alarm,invalid,false_positive,false_positive,13.587942051181678,env,balanced_scenario
2026-01-10T07:00:53,E000000016,RADAR_W-1,RADAR,PERIMETER,W-1,PERIM_W-1,alarm,invalid,false_positive,false_positive,13.587942051181678,env,balanced_scenario
2026-01-10T07:00:53,E000000016,RADAR_W-1,RADAR,PERIMETER,W-1,PERIM_W-1,alarm,invalid,false_positive,false_positive,13.587942051181678,env,balanced_scenario
2026-01-10T07:00:53,E000000016,RADAR_W-1,RADAR,PERIMETER,W-1,PERIM_W-1,alarm,invalid,false_positive,false_positive,13.587942051181678,env,balanced_scenario
2026-01-10T07:00:53,E000000016,RADAR_W-1,RADAR,PERIMETER,W-1,PERIM_W-1,alarm,invalid,false_positive,false_positive,13.587942051181678,env,balanced_scenario
2026-01-10T07:00:53,E000000016,RADAR_W-1,RADAR,PERIMETER,W-1,PERIM_W-1,alarm,invalid,false_positive,false_positive,13.587942051181678,env,balanced_scenario
2026-01-10T07:11:18,E000002759,PIR_ROOM_S_ENTRY,PIR,INTERIOR,BLDG,ROOM_S_ENTRY,alarm,valid,normal,benign,5.441884881102613,baseline,balanced_scenario:shift_in:move_to:ROOM_ADMIN
2026-01-10T07:15:42,E000003049,PIR_ROOM_S_ENTRY,PIR,INTERIOR,BLDG,ROOM_S_ENTRY,alarm,valid,normal,benign,18.716564287402516,baseline,balanced_scenario:shift_in:move_to:ASSET_ROOM
2026-01-10T07:18:02,E000002824,PIR_ROOM_S_ENTRY,PIR,INTERIOR,BLDG,ROOM_S_ENTRY,alarm,valid,normal,benign,23.382410651708017,baseline,balanced_scenario:shift_in:move_to:ROOM_SECURITY
2026-01-10T07:19:51,E000002908,PIR_ROOM_ADMIN,PIR,INTERIOR,BLDG,ROOM_ADMIN,alarm,valid,normal,benign,16.029300818062175,baseline,balanced_scenario:shift_in:move_to:ROOM_ADMIN
2026-01-10T07:21:37,E000003076,ACS_S-AC,ACCESS_CTRL,PERIMETER,S-AC,TURNSTILE_S-AC,alarm,valid,normal,benign,12.51940165918714,baseline,balanced_scenario:shift_in:turnstile_entry
2026-01-10T07:23:22,E000002802,PIR_HALL_MAIN,PIR,INTERIOR,BLDG,HALL_MAIN,alarm,valid,normal,benign,14.343998450764449,baseline,balanced_scenario:shift_in:move_to:ROOM_SECURITY
2026-01-10T07:23:26,E000002867,PIR_HALL_MAIN,PIR,INTERIOR,BLDG,HALL_MAIN,alarm,valid,normal,benign,9.835019407457409,baseline,balanced_scenario:shift_in:move_to:ROOM_ADMIN
2026-01-10T07:24:59,E000003036,ACS_S-AC,ACCESS_CTRL,PERIMETER,S-AC,TURNSTILE_S-AC,alarm,valid,normal,benign,10.54377822930476,baseline,balanced_scenario:shift_in:turnstile_entry
2026-01-10T07:25:32,E000003039,PIR_ROOM_S_ENTRY,PIR,INTERIOR,BLDG,ROOM_S_ENTRY,alarm,valid,normal,benign,20.211480320293365,baseline,balanced_scenario:shift_in:move_to:ROOM_ADMIN
2026-01-10T07:27:28,E000003098,PIR_HALL_MAIN,PIR,INTERIOR,BLDG,HALL_MAIN,alarm,valid,normal,benign,11.691060506118793,baseline,balanced_scenario:shift_in:exit_from:ROOM_ADMIN
2026-01-10T07:31:00,E000003059,PIR_HALL_MAIN,PIR,INTERIOR,BLDG,HALL_MAIN,alarm,valid,normal,benign,12.143706716737345,baseline,balanced_scenario:shift_in:move_to:ROOM_ADMIN
2026-01-10T07:31:40,E000002926,PA_RADAR_S,RADAR,PROTECTED_AREA,S,PA_RADAR_S,alarm,valid,normal,benign,14.324545072016388,baseline,balanced_scenario:shift_in:move_to:ASSET_ROOM
2026-01-10T07:32:44,E000002885,PIR_ROOM_S_ENTRY,PIR,INTERIOR,BLDG,ROOM_S_ENTRY,alarm,valid,normal,benign,11.29696671962759,baseline,balanced_scenario:shift_in:move_to:ROOM_ADMIN
2026-01-10T07:33:51,E000003140,ACS_S-AC,ACCESS_CTRL,PERIMETER,S-AC,TURNSTILE_S-AC,alarm,valid,normal,benign,20.687290697858298,baseline,balanced_scenario:shift_in:turnstile_entry
2026-01-10T07:35:04,E000003184,PIR_ROOM_S_ENTRY,PIR,INTERIOR,BLDG,ROOM_S_ENTRY,alarm,valid,normal,benign,18.644378668437863,baseline,balanced_scenario:shift_in:move_to:ASSET_ROOM
2026-01-10T07:36:19,E000003124,BMS_ASSET_DOOR,BMS,ASSET,BLDG,ASSET_ROOM,alarm,valid,normal,benign,17.84100562155164,baseline,balanced_scenario:shift_in:move_to:ASSET_ROOM
2026-01-10T07:37:19,E000002797,ACS_S-AC,ACCESS_CTRL,PERIMETER,S-AC,TURNSTILE_S-AC,alarm,valid,normal,benign,20.988791667120804,baseline,balanced_scenario:shift_in:exit_from:ROOM_ADMIN
2026-01-10T07:38:22,E000003115,PIR_HALL_MAIN,PIR,INTERIOR,BLDG,HALL_MAIN,alarm,valid,normal,benign,30.745525331771102,baseline,balanced_scenario:shift_in:exit_from:ROOM_ADMIN
2026-01-10T07:38:58,E000002967,ACS_S-AC,ACCESS_CTRL,PERIMETER,S-AC,TURNSTILE_S-AC,alarm,valid,normal,benign,15.007120877759299,baseline,balanced_scenario:shift_in:turnstile_entry
2026-01-10T07:39:23,E000003155,PIR_HALL_MAIN,PIR,INTERIOR,BLDG,HALL_MAIN,alarm,valid,normal,benign,28.375143949677735,baseline,balanced_scenario:shift_in:exit_from:ROOM_ADMIN
2026-01-10T07:40:16,E000002858,PIR_ROOM_SECURITY,PIR,INTERIOR,BLDG,ROOM_SECURITY,alarm,valid,normal,benign,15.815667176185688,baseline,balanced_scenario:shift_in:move_to:ROOM_SECURITY
2026-01-10T07:43:22,E000002933,BMS_SKIN_S_DOOR,BMS,SKIN,BLDG,SKIN_S_DOOR,alarm,valid,normal,benign,12.7683353479571,baseline,balanced_scenario:shift_in:exit_from:ASSET_ROOM
2026-01-10T07:44:00,E000003070,PIR_ROOM_ADMIN,PIR,INTERIOR,BLDG,ROOM_ADMIN,alarm,valid,normal,benign,16.945199587487224,baseline,balanced_scenario:shift_in:move_to:ROOM_ADMIN
2026-01-10T07:44:01,E000002950,PIR_HALL_MAIN,PIR,INTERIOR,BLDG,HALL_MAIN,alarm,valid,normal,benign,7.778307648694874,baseline,balanced_scenario:shift_in:move_to:ROOM_ADMIN
2026-01-10T07:57:20,E000003062,PIR_ROOM_S_ENTRY,PIR,INTERIOR,BLDG,ROOM_S_ENTRY,alarm,valid,normal,benign,24.394894042165543,baseline,balanced_scenario:shift_in:exit_from:ROOM_ADMIN
2026-01-10T07:58:29,E000003136,PIR_ROOM_S_ENTRY,PIR,INTERIOR,BLDG,ROOM_S_ENTRY,alarm,valid,normal,benign,3.4529765243676636,baseline,balanced_scenario:shift_in:exit_from:ROOM_SECURITY
2026-01-10T07:59:23,E000003138,PA_RADAR_S,RADAR,PROTECTED_AREA,S,PA_RADAR_S,alarm,valid,normal,benign,19.505710637073708,baseline,balanced_scenario:shift_in:exit_from:ROOM_SECURITY
2026-01-10T08:00:05,E000003146,PIR_ROOM_S_ENTRY,PIR,INTERIOR,BLDG,ROOM_S_ENTRY,alarm,valid,normal,benign,11.481183597650261,baseline,balanced_scenario:shift_in:exit_from:ROOM_SECURITY
2026-01-10T08:01:16,E000002892,ACS_S-AC,ACCESS_CTRL,PERIMETER,S-AC,TURNSTILE_S-AC,alarm,valid,normal,benign,8.220081250271223,baseline,balanced_scenario:shift_in:exit_from:ROOM_ADMIN
2026-01-10T08:01:53,E000002983,BMS_SKIN_S_DOOR,BMS,SKIN,BLDG,SKIN_S_DOOR,alarm,valid,normal,benign,13.574801666115073,baseline,balanced_scenario:shift_in:exit_from:ROOM_ADMIN
2026-01-10T08:04:16,E000002993,BMS_SKIN_S_DOOR,BMS,SKIN,BLDG,SKIN_S_DOOR,alarm,valid,normal,benign,13.106884873739222,baseline,balanced_scenario:shift_in:exit_from:ROOM_SECURITY
2026-01-10T08:08:13,E000002973,PIR_HALL_MAIN,PIR,INTERIOR,BLDG,HALL_MAIN,alarm,valid,normal,benign,15.416953189832954,baseline,balanced_scenario:shift_in:exit_from:ROOM_SECURITY
2026-01-10T08:08:18,E000003010,PIR_ROOM_S_ENTRY,PIR,INTERIOR,BLDG,ROOM_S_ENTRY,alarm,valid,normal,benign,17.19860545918342,baseline,balanced_scenario:shift_in:move_to:ASSET_ROOM
2026-01-10T08:09:05,E000003012,BMS_ASSET_DOOR,BMS,ASSET,BLDG,ASSET_ROOM,alarm,valid,normal,benign,5.879232259366173,baseline,balanced_scenario:shift_in:move_to:ASSET_ROOM
2026-01-10T08:10:56,E000003034,BMS_SKIN_S_DOOR,BMS,SKIN,BLDG,SKIN_S_DOOR,alarm,valid,normal,benign,4.088029010794276,baseline,balanced_scenario:shift_in:exit_from:ROOM_SECURITY
2026-01-10T08:29:46,E000003168,PA_RADAR_S,RADAR,PROTECTED_AREA,S,PA_RADAR_S,alarm,valid,normal,benign,22.479510413148873,baseline,balanced_scenario:shift_in:exit_from:ROOM_SECURITY
2026-01-10T11:22:26,E000003818,PIR_ROOM_ADMIN,PIR,INTERIOR,BLDG,ROOM_ADMIN,alarm,valid,normal,benign,11.0390644788252,baseline,balanced_scenario:meal_exit:move_to:ROOM_ADMIN
2026-01-10T11:24:26,E000003764,PIR_ROOM_S_ENTRY,PIR,INTERIOR,BLDG,ROOM_S_ENTRY,alarm,valid,normal,benign,16.737338325204394,baseline,balanced_scenario:meal_exit:move_to:ROOM_ADMIN
2026-01-10T11:27:26,E000003794,PA_RADAR_S,RADAR,PROTECTED_AREA,S,PA_RADAR_S,alarm,invalid,normal,benign,15.974554488662186,baseline,balanced_scenario:meal_exit:move_to:ROOM_ADMIN
2026-01-10T11:33:00,E000003773,PA_RADAR_S,RADAR,PROTECTED_AREA,S,PA_RADAR_S,alarm,valid,normal,benign,14.841446382623728,baseline,balanced_scenario:meal_exit:move_to:ROOM_ADMIN
2026-01-10T11:33:07,E000003774,BMS_SKIN_S_DOOR,BMS,SKIN,BLDG,SKIN_S_DOOR,alarm,valid,normal,benign,13.541299777485607,baseline,balanced_scenario:meal_exit:move_to:ROOM_ADMIN
2026-01-10T11:35:09,E000003779,PIR_ROOM_S_ENTRY,PIR,INTERIOR,BLDG,ROOM_S_ENTRY,alarm,valid,normal,benign,8.391316160277025,baseline,balanced_scenario:meal_exit:exit_from:ROOM_ADMIN
2026-01-10T11:38:22,E000003728,BMS_SKIN_S_DOOR,BMS,SKIN,BLDG,SKIN_S_DOOR,alarm,valid,normal,benign,8.422207534723468,baseline,balanced_scenario:meal_exit:exit_from:ROOM_SECURITY
2026-01-10T11:40:21,E000003760,ACS_S-AC,ACCESS_CTRL,PERIMETER,S-AC,TURNSTILE_S-AC,alarm,valid,normal,benign,11.057141268645992,baseline,balanced_scenario:meal_exit:exit_from:ROOM_ADMIN
2026-01-10T11:44:20,E000003705,PA_RADAR_S,RADAR,PROTECTED_AREA,S,PA_RADAR_S,alarm,valid,normal,benign,24.69612996127264,baseline,balanced_scenario:meal_exit:move_to:ROOM_ADMIN
2026-01-10T11:54:48,E000003738,PIR_ROOM_S_ENTRY,PIR,INTERIOR,BLDG,ROOM_S_ENTRY,alarm,valid,normal,benign,17.736648301164855,baseline,balanced_scenario:meal_exit:exit_from:ROOM_ADMIN
2026-01-10T11:54:50,E000003664,BMS_SKIN_S_DOOR,BMS,SKIN,BLDG,SKIN_S_DOOR,alarm,valid,normal,benign,22.896720303992893,baseline,balanced_scenario:meal_exit:exit_from:ROOM_ADMIN
2026-01-10T11:59:57,E000003750,PA_RADAR_S,RADAR,PROTECTED_AREA,S,PA_RADAR_S,alarm,valid,normal,benign,15.1712292793525,baseline,balanced_scenario:meal_exit:exit_from:ROOM_SECURITY
2026-01-10T12:04:24,E000004009,PIR_ROOM_S_ENTRY,PIR,INTERIOR,BLDG,ROOM_S_ENTRY,alarm,valid,normal,benign,11.98955158053731,baseline,balanced_scenario:meal_return:move_to:ROOM_ADMIN
2026-01-10T12:09:45,E000003957,ACS_S-AC,ACCESS_CTRL,PERIMETER,S-AC,TURNSTILE_S-AC,alarm,valid,normal,benign,17.10664972089593,baseline,balanced_scenario:meal_return:turnstile_entry
2026-01-10T12:18:08,E000003880,PIR_HALL_MAIN,PIR,INTERIOR,BLDG,HALL_MAIN,alarm,valid,normal,benign,24.431372624157625,baseline,balanced_scenario:meal_return:move_to:ROOM_ADMIN
2026-01-10T12:18:51,E000003836,BMS_SKIN_S_DOOR,BMS,SKIN,BLDG,SKIN_S_DOOR,alarm,valid,normal,benign,20.81797563900595,baseline,balanced_scenario:meal_return:move_to:ROOM_SECURITY
2026-01-10T12:30:10,E000003988,ACS_S-AC,ACCESS_CTRL,PERIMETER,S-AC,TURNSTILE_S-AC,alarm,valid,normal,benign,24.902057315565344,baseline,balanced_scenario:meal_return:turnstile_entry
2026-01-10T12:32:51,E000003906,PA_RADAR_S,RADAR,PROTECTED_AREA,S,PA_RADAR_S,alarm,valid,normal,benign,18.4884875066777,baseline,balanced_scenario:meal_return:move_to:ROOM_SECURITY
2026-01-10T12:38:43,E000003863,BMS_SKIN_S_DOOR,BMS,SKIN,BLDG,SKIN_S_DOOR,alarm,valid,normal,benign,21.820988922487942,baseline,balanced_scenario:meal_return:exit_from:ROOM_SECURITY
2026-01-10T12:41:38,E000003875,PA_RADAR_S,RADAR,PROTECTED_AREA,S,PA_RADAR_S,alarm,valid,normal,benign,11.245909821654156,baseline,balanced_scenario:meal_return:exit_from:ROOM_SECURITY
2026-01-10T12:44:38,E000003893,ACS_S-AC,ACCESS_CTRL,PERIMETER,S-AC,TURNSTILE_S-AC,alarm,valid,normal,benign,15.683440720862745,baseline,balanced_scenario:meal_return:exit_from:ROOM_ADMIN
2026-01-10T12:45:01,E000003966,ACS_S-AC,ACCESS_CTRL,PERIMETER,S-AC,TURNSTILE_S-AC,alarm,valid,normal,benign,8.18078414543253,baseline,balanced_scenario:meal_return:exit_from:ROOM_ADMIN
2026-01-10T12:54:45,E000004019,BMS_SKIN_S_DOOR,BMS,SKIN,BLDG,SKIN_S_DOOR,alarm,valid,normal,benign,13.908640334275896,baseline,balanced_scenario:straggler:move_to:ASSET_ROOM
2026-01-10T12:55:28,E000004021,PIR_HALL_MAIN,PIR,INTERIOR,BLDG,HALL_MAIN,alarm,valid,normal,benign,17.60461718006613,baseline,balanced_scenario:straggler:move_to:ASSET_ROOM
2026-01-10T13:00:17,E000003975,PA_RADAR_S,RADAR,PROTECTED_AREA,S,PA_RADAR_S,alarm,valid,normal,benign,25.603015009352262,baseline,balanced_scenario:meal_return:exit_from:ROOM_ADMIN
2026-01-10T13:00:42,E000003902,BMS_SKIN_S_DOOR,BMS,SKIN,BLDG,SKIN_S_DOOR,alarm,valid,normal,benign,19.372057327018112,baseline,balanced_scenario:meal_return:exit_from:ROOM_SECURITY
2026-01-10T13:01:12,E000003903,PA_RADAR_S,RADAR,PROTECTED_AREA,S,PA_RADAR_S,alarm,valid,normal,benign,13.53707087702128,baseline,balanced_scenario:meal_return:exit_from:ROOM_SECURITY
2026-01-10T15:43:57,E000004046,ACS_S-AC,ACCESS_CTRL,PERIMETER,S-AC,TURNSTILE_S-AC,alarm,valid,normal,benign,16.941729319612826,baseline,balanced_scenario:straggler:exit_from:ROOM_ADMIN
2026-01-10T16:06:54,E000003236,PIR_ROOM_ADMIN,PIR,INTERIOR,BLDG,ROOM_ADMIN,alarm,valid,normal,benign,17.121507911409022,baseline,balanced_scenario:shift_out:move_to:ROOM_ADMIN
2026-01-10T16:07:36,E000003471,PIR_ROOM_ADMIN,PIR,INTERIOR,BLDG,ROOM_ADMIN,alarm,valid,normal,benign,24.04951654861515,baseline,balanced_scenario:shift_out:move_to:ROOM_ADMIN
2026-01-10T16:08:40,E000003519,PA_RADAR_S,RADAR,PROTECTED_AREA,S,PA_RADAR_S,alarm,valid,normal,benign,16.41251052217187,baseline,balanced_scenario:shift_out:move_to:ROOM_SECURITY
2026-01-10T16:10:29,E000003310,BMS_SKIN_S_DOOR,BMS,SKIN,BLDG,SKIN_S_DOOR,alarm,valid,normal,benign,16.333253370302256,baseline,balanced_scenario:shift_out:move_to:ROOM_SECURITY
2026-01-10T16:11:05,E000003214,PIR_ROOM_S_ENTRY,PIR,INTERIOR,BLDG,ROOM_S_ENTRY,alarm,valid,normal,benign,9.916941792749917,baseline,balanced_scenario:shift_out:move_to:ROOM_SECURITY
2026-01-10T16:14:02,E000003636,PA_RADAR_S,RADAR,PROTECTED_AREA,S,PA_RADAR_S,alarm,valid,normal,benign,16.921388635084227,baseline,balanced_scenario:shift_out:move_to:ROOM_ADMIN
2026-01-10T16:17:19,E000003250,ACS_S-AC,ACCESS_CTRL,PERIMETER,S-AC,TURNSTILE_S-AC,alarm,valid,normal,benign,7.582068457522042,baseline,balanced_scenario:shift_out:turnstile_entry
2026-01-10T16:19:11,E000003441,BMS_SKIN_S_DOOR,BMS,SKIN,BLDG,SKIN_S_DOOR,alarm,valid,normal,benign,19.826949561486693,baseline,balanced_scenario:shift_out:move_to:ROOM_SECURITY
2026-01-10T16:19:53,E000000032,PIR_ROOM_ADMIN,PIR,INTERIOR,BLDG,ROOM_ADMIN,alarm,invalid,false_positive,false_positive,10.294596145345498,env,balanced_scenario
2026-01-10T16:19:53,E000000032,PIR_ROOM_ADMIN,PIR,INTERIOR,BLDG,ROOM_ADMIN,alarm,invalid,false_positive,false_positive,10.294596145345498,env,balanced_scenario
2026-01-10T16:19:53,E000000032,PIR_ROOM_ADMIN,PIR,INTERIOR,BLDG,ROOM_ADMIN,alarm,invalid,false_positive,false_positive,10.294596145345498,env,balanced_scenario
2026-01-10T16:19:53,E000000032,PIR_ROOM_ADMIN,PIR,INTERIOR,BLDG,ROOM_ADMIN,alarm,invalid,false_positive,false_positive,10.294596145345498,env,balanced_scenario
2026-01-10T16:19:53,E000000032,PIR_ROOM_ADMIN,PIR,INTERIOR,BLDG,ROOM_ADMIN,alarm,invalid,false_positive,false_positive,10.294596145345498,env,balanced_scenario
2026-01-10T16:19:53,E000000032,PIR_ROOM_ADMIN,PIR,INTERIOR,BLDG,ROOM_ADMIN,alarm,invalid,false_positive,false_positive,10.294596145345498,env,balanced_scenario
2026-01-10T16:19:53,E000000032,PIR_ROOM_ADMIN,PIR,INTERIOR,BLDG,ROOM_ADMIN,alarm,invalid,false_positive,false_positive,10.294596145345498,env,balanced_scenario
2026-01-10T16:19:53,E000000032,PIR_ROOM_ADMIN,PIR,INTERIOR,BLDG,ROOM_ADMIN,alarm,invalid,false_positive,false_positive,10.294596145345498,env,balanced_scenario
2026-01-10T16:19:53,E000000032,PIR_ROOM_ADMIN,PIR,INTERIOR,BLDG,ROOM_ADMIN,alarm,invalid,false_positive,false_positive,10.294596145345498,env,balanced_scenario
2026-01-10T16:19:53,E000000032,PIR_ROOM_ADMIN,PIR,INTERIOR,BLDG,ROOM_ADMIN,alarm,invalid,false_positive,false_positive,10.294596145345498,env,balanced_scenario
2026-01-10T16:19:53,E000000032,PIR_ROOM_ADMIN,PIR,INTERIOR,BLDG,ROOM_ADMIN,alarm,invalid,false_positive,false_positive,10.294596145345498,env,balanced_scenario
2026-01-10T16:19:53,E000000032,PIR_ROOM_ADMIN,PIR,INTERIOR,BLDG,ROOM_ADMIN,alarm,invalid,false_positive,false_positive,10.294596145345498,env,balanced_scenario
2026-01-10T16:19:53,E000000032,PIR_ROOM_ADMIN,PIR,INTERIOR,BLDG,ROOM_ADMIN,alarm,invalid,false_positive,false_positive,10.294596145345498,env,balanced_scenario
2026-01-10T16:19:53,E000000032,PIR_ROOM_ADMIN,PIR,INTERIOR,BLDG,ROOM_ADMIN,alarm,invalid,false_positive,false_positive,10.294596145345498,env,balanced_scenario
2026-01-10T16:19:53,E000000032,PIR_ROOM_ADMIN,PIR,INTERIOR,BLDG,ROOM_ADMIN,alarm,invalid,false_positive,false_positive,10.294596145345498,env,balanced_scenario
2026-01-10T16:19:53,E000000032,PIR_ROOM_ADMIN,PIR,INTERIOR,BLDG,ROOM_ADMIN,alarm,invalid,false_positive,false_positive,10.294596145345498,env,balanced_scenario
2026-01-10T16:20:02,E000003318,ACS_S-AC,ACCESS_CTRL,PERIMETER,S-AC,TURNSTILE_S-AC,alarm,valid,normal,benign,18.526915483460222,baseline,balanced_scenario:shift_out:exit_from:ROOM_SECURITY
2026-01-10T16:20:19,E000003603,BMS_SKIN_S_DOOR,BMS,SKIN,BLDG,SKIN_S_DOOR,alarm,valid,normal,benign,8.98457227401411,baseline,balanced_scenario:shift_out:exit_from:ROOM_SECURITY
2026-01-10T16:23:07,E000003269,ACS_S-AC,ACCESS_CTRL,PERIMETER,S-AC,TURNSTILE_S-AC,alarm,valid,normal,benign,23.405022328577488,baseline,balanced_scenario:shift_out:turnstile_entry
2026-01-10T16:24:37,E000003486,ACS_S-AC,ACCESS_CTRL,PERIMETER,S-AC,TURNSTILE_S-AC,alarm,valid,normal,benign,25.31139675385649,baseline,balanced_scenario:shift_out:exit_from:ROOM_SECURITY
2026-01-10T16:24:50,E000003473,BMS_SKIN_S_DOOR,BMS,SKIN,BLDG,SKIN_S_DOOR,alarm,valid,normal,benign,11.45423643504902,baseline,balanced_scenario:shift_out:exit_from:ROOM_ADMIN
2026-01-10T16:34:08,E000003488,PA_RADAR_S,RADAR,PROTECTED_AREA,S,PA_RADAR_S,alarm,valid,normal,benign,18.65848279729884,baseline,balanced_scenario:shift_out:move_to:ROOM_ADMIN
2026-01-10T16:34:23,E000003489,BMS_SKIN_S_DOOR,BMS,SKIN,BLDG,SKIN_S_DOOR,alarm,valid,normal,benign,13.704801270285062,baseline,balanced_scenario:shift_out:move_to:ROOM_ADMIN
2026-01-10T16:39:05,E000000027,GLASSBREAK_SKIN_S_WIN1,GLASSBREAK,SKIN,BLDG,SKIN_S_WIN1,alarm,invalid,false_positive,false_positive,27.068799097290928,env,balanced_scenario
2026-01-10T16:39:05,E000000027,GLASSBREAK_SKIN_S_WIN1,GLASSBREAK,SKIN,BLDG,SKIN_S_WIN1,alarm,invalid,false_positive,false_positive,27.068799097290928,env,balanced_scenario
2026-01-10T16:39:05,E000000027,GLASSBREAK_SKIN_S_WIN1,GLASSBREAK,SKIN,BLDG,SKIN_S_WIN1,alarm,invalid,false_positive,false_positive,27.068799097290928,env,balanced_scenario
2026-01-10T16:39:05,E000000027,GLASSBREAK_SKIN_S_WIN1,GLASSBREAK,SKIN,BLDG,SKIN_S_WIN1,alarm,invalid,false_positive,false_positive,27.068799097290928,env,balanced_scenario
2026-01-10T16:39:05,E000000027,GLASSBREAK_SKIN_S_WIN1,GLASSBREAK,SKIN,BLDG,SKIN_S_WIN1,alarm,invalid,false_positive,false_positive,27.068799097290928,env,balanced_scenario
2026-01-10T16:39:05,E000000027,GLASSBREAK_SKIN_S_WIN1,GLASSBREAK,SKIN,BLDG,SKIN_S_WIN1,alarm,invalid,false_positive,false_positive,27.068799097290928,env,balanced_scenario
2026-01-10T16:39:05,E000000027,GLASSBREAK_SKIN_S_WIN1,GLASSBREAK,SKIN,BLDG,SKIN_S_WIN1,alarm,invalid,false_positive,false_positive,27.068799097290928,env,balanced_scenario
2026-01-10T16:39:05,E000000027,GLASSBREAK_SKIN_S_WIN1,GLASSBREAK,SKIN,BLDG,SKIN_S_WIN1,alarm,invalid,false_positive,false_positive,27.068799097290928,env,balanced_scenario
2026-01-10T16:39:05,E000000027,GLASSBREAK_SKIN_S_WIN1,GLASSBREAK,SKIN,BLDG,SKIN_S_WIN1,alarm,invalid,false_positive,false_positive,27.068799097290928,env,balanced_scenario
2026-01-10T16:39:05,E000000027,GLASSBREAK_SKIN_S_WIN1,GLASSBREAK,SKIN,BLDG,SKIN_S_WIN1,alarm,invalid,false_positive,false_positive,27.068799097290928,env,balanced_scenario
2026-01-10T16:41:30,E000003645,ACS_S-AC,ACCESS_CTRL,PERIMETER,S-AC,TURNSTILE_S-AC,alarm,valid,normal,benign,23.18579200411145,baseline,balanced_scenario:shift_out:exit_from:ROOM_ADMIN
2026-01-10T16:43:08,E000003615,PA_RADAR_S,RADAR,PROTECTED_AREA,S,PA_RADAR_S,alarm,valid,normal,benign,8.822118663631317,baseline,balanced_scenario:shift_out:exit_from:ROOM_SECURITY
2026-01-10T16:43:34,E000003280,PIR_HALL_MAIN,PIR,INTERIOR,BLDG,HALL_MAIN,alarm,valid,normal,benign,18.20151294428204,baseline,balanced_scenario:shift_out:move_to:ROOM_SECURITY
2026-01-10T16:46:35,E000003364,PIR_ROOM_SECURITY,PIR,INTERIOR,BLDG,ROOM_SECURITY,alarm,valid,normal,benign,6.227412933119682,baseline,balanced_scenario:shift_out:move_to:ROOM_SECURITY
2026-01-10T16:47:26,E000003571,PIR_ROOM_SECURITY,PIR,INTERIOR,BLDG,ROOM_SECURITY,alarm,valid,normal,benign,20.320648265357327,baseline,balanced_scenario:shift_out:move_to:ROOM_SECURITY
2026-01-10T16:52:56,E000004093,BMS_SKIN_S_DOOR,BMS,SKIN,BLDG,SKIN_S_DOOR,alarm,valid,normal,benign,13.65773934377641,baseline,balanced_scenario:straggler:exit_from:ROOM_ADMIN
2026-01-10T17:04:04,E000003564,BMS_SKIN_S_DOOR,BMS,SKIN,BLDG,SKIN_S_DOOR,alarm,valid,normal,benign,19.102816506899938,baseline,balanced_scenario:shift_out:exit_from:ROOM_ADMIN
2026-01-10T17:04:22,E000003379,ACS_S-AC,ACCESS_CTRL,PERIMETER,S-AC,TURNSTILE_S-AC,alarm,valid,normal,benign,8.061151828502165,baseline,balanced_scenario:shift_out:exit_from:ROOM_SECURITY
2026-01-10T17:05:37,E000006832,FENCE_DISTURB_N-0,FENCE_DISTURB,PERIMETER,N-0,PERIM_N-0,alarm,valid,intrusion:attack_06:step_00:PERIM_N-0,intrusion,20.915672975182385,adversary,balanced_scenario:attack
2026-01-10T17:05:37,E000006832,FENCE_DISTURB_N-0,FENCE_DISTURB,PERIMETER,N-0,PERIM_N-0,alarm,valid,intrusion:attack_06:step_00:PERIM_N-0,intrusion,20.915672975182385,adversary,balanced_scenario:attack
2026-01-10T17:05:37,E000006832,FENCE_DISTURB_N-0,FENCE_DISTURB,PERIMETER,N-0,PERIM_N-0,alarm,valid,intrusion:attack_06:step_00:PERIM_N-0,intrusion,20.915672975182385,adversary,balanced_scenario:attack
2026-01-10T17:05:37,E000006832,FENCE_DISTURB_N-0,FENCE_DISTURB,PERIMETER,N-0,PERIM_N-0,alarm,valid,intrusion:attack_06:step_00:PERIM_N-0,intrusion,20.915672975182385,adversary,balanced_scenario:attack
2026-01-10T17:05:37,E000006832,FENCE_DISTURB_N-0,FENCE_DISTURB,PERIMETER,N-0,PERIM_N-0,alarm,valid,intrusion:attack_06:step_00:PERIM_N-0,intrusion,20.915672975182385,adversary,balanced_scenario:attack
2026-01-10T17:05:37,E000006832,FENCE_DISTURB_N-0,FENCE_DISTURB,PERIMETER,N-0,PERIM_N-0,alarm,valid,intrusion:attack_06:step_00:PERIM_N-0,intrusion,20.915672975182385,adversary,balanced_scenario:attack
2026-01-10T17:05:37,E000006832,FENCE_DISTURB_N-0,FENCE_DISTURB,PERIMETER,N-0,PERIM_N-0,alarm,valid,intrusion:attack_06:step_00:PERIM_N-0,intrusion,20.915672975182385,adversary,balanced_scenario:attack
2026-01-10T17:05:37,E000006832,FENCE_DISTURB_N-0,FENCE_DISTURB,PERIMETER,N-0,PERIM_N-0,alarm,valid,intrusion:attack_06:step_00:PERIM_N-0,intrusion,20.915672975182385,adversary,balanced_scenario:attack
2026-01-10T17:05:37,E000006832,FENCE_DISTURB_N-0,FENCE_DISTURB,PERIMETER,N-0,PERIM_N-0,alarm,valid,intrusion:attack_06:step_00:PERIM_N-0,intrusion,20.915672975182385,adversary,balanced_scenario:attack
2026-01-10T17:05:37,E000006832,FENCE_DISTURB_N-0,FENCE_DISTURB,PERIMETER,N-0,PERIM_N-0,alarm,valid,intrusion:attack_06:step_00:PERIM_N-0,intrusion,20.915672975182385,adversary,balanced_scenario:attack
2026-01-10T17:05:37,E000006832,FENCE_DISTURB_N-0,FENCE_DISTURB,PERIMETER,N-0,PERIM_N-0,alarm,valid,intrusion:attack_06:step_00:PERIM_N-0,intrusion,20.915672975182385,adversary,balanced_scenario:attack
2026-01-10T17:05:37,E000006832,FENCE_DISTURB_N-0,FENCE_DISTURB,PERIMETER,N-0,PERIM_N-0,alarm,valid,intrusion:attack_06:step_00:PERIM_N-0,intrusion,20.915672975182385,adversary,balanced_scenario:attack
2026-01-10T17:05:37,E000006832,FENCE_DISTURB_N-0,FENCE_DISTURB,PERIMETER,N-0,PERIM_N-0,alarm,valid,intrusion:attack_06:step_00:PERIM_N-0,intrusion,20.915672975182385,adversary,balanced_scenario:attack
2026-01-10T17:05:37,E000006832,FENCE_DISTURB_N-0,FENCE_DISTURB,PERIMETER,N-0,PERIM_N-0,alarm,valid,intrusion:attack_06:step_00:PERIM_N-0,intrusion,20.915672975182385,adversary,balanced_scenario:attack
2026-01-10T17:05:37,E000006832,FENCE_DISTURB_N-0,FENCE_DISTURB,PERIMETER,N-0,PERIM_N-0,alarm,valid,intrusion:attack_06:step_00:PERIM_N-0,intrusion,20.915672975182385,adversary,balanced_scenario:attack
2026-01-10T17:05:37,E000006832,FENCE_DISTURB_N-0,FENCE_DISTURB,PERIMETER,N-0,PERIM_N-0,alarm,valid,intrusion:attack_06:step_00:PERIM_N-0,intrusion,20.915672975182385,adversary,balanced_scenario:attack
2026-01-10T17:05:37,E000006832,FENCE_DISTURB_N-0,FENCE_DISTURB,PERIMETER,N-0,PERIM_N-0,alarm,valid,intrusion:attack_06:step_00:PERIM_N-0,intrusion,20.915672975182385,adversary,balanced_scenario:attack
2026-01-10T17:05:37,E000006832,FENCE_DISTURB_N-0,FENCE_DISTURB,PERIMETER,N-0,PERIM_N-0,alarm,valid,intrusion:attack_06:step_00:PERIM_N-0,intrusion,20.915672975182385,adversary,balanced_scenario:attack
2026-01-10T17:05:37,E000006832,FENCE_DISTURB_N-0,FENCE_DISTURB,PERIMETER,N-0,PERIM_N-0,alarm,valid,intrusion:attack_06:step_00:PERIM_N-0,intrusion,20.915672975182385,adversary,balanced_scenario:attack
2026-01-10T17:05:37,E000006832,FENCE_DISTURB_N-0,FENCE_DISTURB,PERIMETER,N-0,PERIM_N-0,alarm,valid,intrusion:attack_06:step_00:PERIM_N-0,intrusion,20.915672975182385,adversary,balanced_scenario:attack
2026-01-10T17:05:37,E000006832,FENCE_DISTURB_N-0,FENCE_DISTURB,PERIMETER,N-0,PERIM_N-0,alarm,valid,intrusion:attack_06:step_00:PERIM_N-0,intrusion,20.915672975182385,adversary,balanced_scenario:attack
2026-01-10T17:05:37,E000006832,FENCE_DISTURB_N-0,FENCE_DISTURB,PERIMETER,N-0,PERIM_N-0,alarm,valid,intrusion:attack_06:step_00:PERIM_N-0,intrusion,20.915672975182385,adversary,balanced_scenario:attack
2026-01-10T17:05:37,E000006832,FENCE_DISTURB_N-0,FENCE_DISTURB,PERIMETER,N-0,PERIM_N-0,alarm,valid,intrusion:attack_06:step_00:PERIM_N-0,intrusion,20.915672975182385,adversary,balanced_scenario:attack
2026-01-10T17:05:37,E000006832,FENCE_DISTURB_N-0,FENCE_DISTURB,PERIMETER,N-0,PERIM_N-0,alarm,valid,intrusion:attack_06:step_00:PERIM_N-0,intrusion,20.915672975182385,adversary,balanced_scenario:attack
2026-01-10T17:05:37,E000006832,FENCE_DISTURB_N-0,FENCE_DISTURB,PERIMETER,N-0,PERIM_N-0,alarm,valid,intrusion:attack_06:step_00:PERIM_N-0,intrusion,20.915672975182385,adversary,balanced_scenario:attack
2026-01-10T17:05:37,E000006832,FENCE_DISTURB_N-0,FENCE_DISTURB,PERIMETER,N-0,PERIM_N-0,alarm,valid,intrusion:attack_06:step_00:PERIM_N-0,intrusion,20.915672975182385,adversary,balanced_scenario:attack
2026-01-10T17:05:37,E000006832,FENCE_DISTURB_N-0,FENCE_DISTURB,PERIMETER,N-0,PERIM_N-0,alarm,valid,intrusion:attack_06:step_00:PERIM_N-0,intrusion,20.915672975182385,adversary,balanced_scenario:attack
2026-01-10T17:05:37,E000006832,FENCE_DISTURB_N-0,FENCE_DISTURB,PERIMETER,N-0,PERIM_N-0,alarm,valid,intrusion:attack_06:step_00:PERIM_N-0,intrusion,20.915672975182385,adversary,balanced_scenario:attack
2026-01-10T17:05:37,E000006832,FENCE_DISTURB_N-0,FENCE_DISTURB,PERIMETER,N-0,PERIM_N-0,alarm,valid,intrusion:attack_06:step_00:PERIM_N-0,intrusion,20.915672975182385,adversary,balanced_scenario:attack
2026-01-10T17:06:26,E000006833,PA_RADAR_N,RADAR,PROTECTED_AREA,N,PA_RADAR_N,alarm,intrusion,intrusion:attack_06:step_01:PA_RADAR_N,intrusion,8.350607862313888,adversary,balanced_scenario:attack
2026-01-10T17:06:26,E000006833,PA_RADAR_N,RADAR,PROTECTED_AREA,N,PA_RADAR_N,alarm,intrusion,intrusion:attack_06:step_01:PA_RADAR_N,intrusion,8.350607862313888,adversary,balanced_scenario:attack
2026-01-10T17:06:26,E000006833,PA_RADAR_N,RADAR,PROTECTED_AREA,N,PA_RADAR_N,alarm,intrusion,intrusion:attack_06:step_01:PA_RADAR_N,intrusion,8.350607862313888,adversary,balanced_scenario:attack
2026-01-10T17:06:26,E000006833,PA_RADAR_N,RADAR,PROTECTED_AREA,N,PA_RADAR_N,alarm,intrusion,intrusion:attack_06:step_01:PA_RADAR_N,intrusion,8.350607862313888,adversary,balanced_scenario:attack
2026-01-10T17:06:26,E000006833,PA_RADAR_N,RADAR,PROTECTED_AREA,N,PA_RADAR_N,alarm,intrusion,intrusion:attack_06:step_01:PA_RADAR_N,intrusion,8.350607862313888,adversary,balanced_scenario:attack
2026-01-10T17:06:26,E000006833,PA_RADAR_N,RADAR,PROTECTED_AREA,N,PA_RADAR_N,alarm,intrusion,intrusion:attack_06:step_01:PA_RADAR_N,intrusion,8.350607862313888,adversary,balanced_scenario:attack
2026-01-10T17:06:26,E000006833,PA_RADAR_N,RADAR,PROTECTED_AREA,N,PA_RADAR_N,alarm,intrusion,intrusion:attack_06:step_01:PA_RADAR_N,intrusion,8.350607862313888,adversary,balanced_scenario:attack
2026-01-10T17:06:26,E000006833,PA_RADAR_N,RADAR,PROTECTED_AREA,N,PA_RADAR_N,alarm,intrusion,intrusion:attack_06:step_01:PA_RADAR_N,intrusion,8.350607862313888,adversary,balanced_scenario:attack
2026-01-10T17:06:26,E000006833,PA_RADAR_N,RADAR,PROTECTED_AREA,N,PA_RADAR_N,alarm,intrusion,intrusion:attack_06:step_01:PA_RADAR_N,intrusion,8.350607862313888,adversary,balanced_scenario:attack
2026-01-10T17:06:26,E000006833,PA_RADAR_N,RADAR,PROTECTED_AREA,N,PA_RADAR_N,alarm,intrusion,intrusion:attack_06:step_01:PA_RADAR_N,intrusion,8.350607862313888,adversary,balanced_scenario:attack
2026-01-10T17:06:26,E000006833,PA_RADAR_N,RADAR,PROTECTED_AREA,N,PA_RADAR_N,alarm,intrusion,intrusion:attack_06:step_01:PA_RADAR_N,intrusion,8.350607862313888,adversary,balanced_scenario:attack
2026-01-10T17:06:26,E000006833,PA_RADAR_N,RADAR,PROTECTED_AREA,N,PA_RADAR_N,alarm,intrusion,intrusion:attack_06:step_01:PA_RADAR_N,intrusion,8.350607862313888,adversary,balanced_scenario:attack
2026-01-10T17:06:26,E000006833,PA_RADAR_N,RADAR,PROTECTED_AREA,N,PA_RADAR_N,alarm,intrusion,intrusion:attack_06:step_01:PA_RADAR_N,intrusion,8.350607862313888,adversary,balanced_scenario:attack
2026-01-10T17:06:26,E000006833,PA_RADAR_N,RADAR,PROTECTED_AREA,N,PA_RADAR_N,alarm,intrusion,intrusion:attack_06:step_01:PA_RADAR_N,intrusion,8.350607862313888,adversary,balanced_scenario:attack
2026-01-10T17:06:26,E000006833,PA_RADAR_N,RADAR,PROTECTED_AREA,N,PA_RADAR_N,alarm,intrusion,intrusion:attack_06:step_01:PA_RADAR_N,intrusion,8.350607862313888,adversary,balanced_scenario:attack
2026-01-10T17:06:26,E000006833,PA_RADAR_N,RADAR,PROTECTED_AREA,N,PA_RADAR_N,alarm,intrusion,intrusion:attack_06:step_01:PA_RADAR_N,intrusion,8.350607862313888,adversary,balanced_scenario:attack
2026-01-10T17:06:26,E000006833,PA_RADAR_N,RADAR,PROTECTED_AREA,N,PA_RADAR_N,alarm,intrusion,intrusion:attack_06:step_01:PA_RADAR_N,intrusion,8.350607862313888,adversary,balanced_scenario:attack
2026-01-10T17:06:26,E000006833,PA_RADAR_N,RADAR,PROTECTED_AREA,N,PA_RADAR_N,alarm,intrusion,intrusion:attack_06:step_01:PA_RADAR_N,intrusion,8.350607862313888,adversary,balanced_scenario:attack
2026-01-10T17:06:26,E000006833,PA_RADAR_N,RADAR,PROTECTED_AREA,N,PA_RADAR_N,alarm,intrusion,intrusion:attack_06:step_01:PA_RADAR_N,intrusion,8.350607862313888,adversary,balanced_scenario:attack
2026-01-10T17:06:26,E000006833,PA_RADAR_N,RADAR,PROTECTED_AREA,N,PA_RADAR_N,alarm,intrusion,intrusion:attack_06:step_01:PA_RADAR_N,intrusion,8.350607862313888,adversary,balanced_scenario:attack
2026-01-10T17:06:26,E000006833,PA_RADAR_N,RADAR,PROTECTED_AREA,N,PA_RADAR_N,alarm,intrusion,intrusion:attack_06:step_01:PA_RADAR_N,intrusion,8.350607862313888,adversary,balanced_scenario:attack
2026-01-10T17:06:26,E000006833,PA_RADAR_N,RADAR,PROTECTED_AREA,N,PA_RADAR_N,alarm,intrusion,intrusion:attack_06:step_01:PA_RADAR_N,intrusion,8.350607862313888,adversary,balanced_scenario:attack
2026-01-10T17:06:26,E000006833,PA_RADAR_N,RADAR,PROTECTED_AREA,N,PA_RADAR_N,alarm,intrusion,intrusion:attack_06:step_01:PA_RADAR_N,intrusion,8.350607862313888,adversary,balanced_scenario:attack
2026-01-10T17:06:26,E000006833,PA_RADAR_N,RADAR,PROTECTED_AREA,N,PA_RADAR_N,alarm,intrusion,intrusion:attack_06:step_01:PA_RADAR_N,intrusion,8.350607862313888,adversary,balanced_scenario:attack
2026-01-10T17:06:26,E000006833,PA_RADAR_N,RADAR,PROTECTED_AREA,N,PA_RADAR_N,alarm,intrusion,intrusion:attack_06:step_01:PA_RADAR_N,intrusion,8.350607862313888,adversary,balanced_scenario:attack
2026-01-10T17:06:26,E000006833,PA_RADAR_N,RADAR,PROTECTED_AREA,N,PA_RADAR_N,alarm,intrusion,intrusion:attack_06:step_01:PA_RADAR_N,intrusion,8.350607862313888,adversary,balanced_scenario:attack
2026-01-10T17:06:26,E000006833,PA_RADAR_N,RADAR,PROTECTED_AREA,N,PA_RADAR_N,alarm,intrusion,intrusion:attack_06:step_01:PA_RADAR_N,intrusion,8.350607862313888,adversary,balanced_scenario:attack
2026-01-10T17:06:26,E000006833,PA_RADAR_N,RADAR,PROTECTED_AREA,N,PA_RADAR_N,alarm,intrusion,intrusion:attack_06:step_01:PA_RADAR_N,intrusion,8.350607862313888,adversary,balanced_scenario:attack
2026-01-10T17:11:30,E000003582,PIR_HALL_MAIN,PIR,INTERIOR,BLDG,HALL_MAIN,alarm,valid,normal,benign,2.414050855366817,baseline,balanced_scenario:shift_out:exit_from:ROOM_ADMIN
2026-01-10T23:44:41,E000000002,RADAR_N-1,RADAR,PERIMETER,N-1,PERIM_N-1,alarm,invalid,false_positive,false_positive,19.341514239734963,env,balanced_scenario
2026-01-10T23:44:41,E000000002,RADAR_N-1,RADAR,PERIMETER,N-1,PERIM_N-1,alarm,invalid,false_positive,false_positive,19.341514239734963,env,balanced_scenario
2026-01-10T23:44:41,E000000002,RADAR_N-1,RADAR,PERIMETER,N-1,PERIM_N-1,alarm,invalid,false_positive,false_positive,19.341514239734963,env,balanced_scenario
2026-01-10T23:44:41,E000000002,RADAR_N-1,RADAR,PERIMETER,N-1,PERIM_N-1,alarm,invalid,false_positive,false_positive,19.341514239734963,env,balanced_scenario
2026-01-10T23:44:41,E000000002,RADAR_N-1,RADAR,PERIMETER,N-1,PERIM_N-1,alarm,invalid,false_positive,false_positive,19.341514239734963,env,balanced_scenario
2026-01-10T23:44:41,E000000002,RADAR_N-1,RADAR,PERIMETER,N-1,PERIM_N-1,alarm,invalid,false_positive,false_positive,19.341514239734963,env,balanced_scenario
2026-01-10T23:44:41,E000000002,RADAR_N-1,RADAR,PERIMETER,N-1,PERIM_N-1,alarm,invalid,false_positive,false_positive,19.341514239734963,env,balanced_scenario
2026-01-10T23:44:41,E000000002,RADAR_N-1,RADAR,PERIMETER,N-1,PERIM_N-1,alarm,invalid,false_positive,false_positive,19.341514239734963,env,balanced_scenario
2026-01-10T23:44:41,E000000002,RADAR_N-1,RADAR,PERIMETER,N-1,PERIM_N-1,alarm,invalid,false_positive,false_positive,19.341514239734963,env,balanced_scenario
2026-01-10T23:44:41,E000000002,RADAR_N-1,RADAR,PERIMETER,N-1,PERIM_N-1,alarm,invalid,false_positive,false_positive,19.341514239734963,env,balanced_scenario
2026-01-10T23:44:41,E000000002,RADAR_N-1,RADAR,PERIMETER,N-1,PERIM_N-1,alarm,invalid,false_positive,false_positive,19.341514239734963,env,balanced_scenario
2026-01-10T23:44:41,E000000002,RADAR_N-1,RADAR,PERIMETER,N-1,PERIM_N-1,alarm,invalid,false_positive,false_positive,19.341514239734963,env,balanced_scenario
2026-01-10T23:44:41,E000000002,RADAR_N-1,RADAR,PERIMETER,N-1,PERIM_N-1,alarm,invalid,false_positive,false_positive,19.341514239734963,env,balanced_scenario
2026-01-11T05:49:53,E000000009,RADAR_E-1,RADAR,PERIMETER,E-1,PERIM_E-1,alarm,invalid,false_positive,false_positive,19.308295384645994,env,balanced_scenario
2026-01-11T05:49:53,E000000009,RADAR_E-1,RADAR,PERIMETER,E-1,PERIM_E-1,alarm,invalid,false_positive,false_positive,19.308295384645994,env,balanced_scenario
2026-01-11T05:49:53,E000000009,RADAR_E-1,RADAR,PERIMETER,E-1,PERIM_E-1,alarm,invalid,false_positive,false_positive,19.308295384645994,env,balanced_scenario
2026-01-11T05:49:53,E000000009,RADAR_E-1,RADAR,PERIMETER,E-1,PERIM_E-1,alarm,invalid,false_positive,false_positive,19.308295384645994,env,balanced_scenario
2026-01-11T05:49:53,E000000009,RADAR_E-1,RADAR,PERIMETER,E-1,PERIM_E-1,alarm,invalid,false_positive,false_positive,19.308295384645994,env,balanced_scenario
2026-01-11T05:49:53,E000000009,RADAR_E-1,RADAR,PERIMETER,E-1,PERIM_E-1,alarm,invalid,false_positive,false_positive,19.308295384645994,env,balanced_scenario
2026-01-11T05:49:53,E000000009,RADAR_E-1,RADAR,PERIMETER,E-1,PERIM_E-1,alarm,invalid,false_positive,false_positive,19.308295384645994,env,balanced_scenario
2026-01-11T05:49:53,E000000009,RADAR_E-1,RADAR,PERIMETER,E-1,PERIM_E-1,alarm,invalid,false_positive,false_positive,19.308295384645994,env,balanced_scenario
2026-01-11T05:49:53,E000000009,RADAR_E-1,RADAR,PERIMETER,E-1,PERIM_E-1,alarm,invalid,false_positive,false_positive,19.308295384645994,env,balanced_scenario
2026-01-11T05:49:53,E000000009,RADAR_E-1,RADAR,PERIMETER,E-1,PERIM_E-1,alarm,invalid,false_positive,false_positive,19.308295384645994,env,balanced_scenario
2026-01-11T05:49:53,E000000009,RADAR_E-1,RADAR,PERIMETER,E-1,PERIM_E-1,alarm,invalid,false_positive,false_positive,19.308295384645994,env,balanced_scenario
2026-01-11T05:49:53,E000000009,RADAR_E-1,RADAR,PERIMETER,E-1,PERIM_E-1,alarm,invalid,false_positive,false_positive,19.308295384645994,env,balanced_scenario
2026-01-11T05:49:53,E000000009,RADAR_E-1,RADAR,PERIMETER,E-1,PERIM_E-1,alarm,invalid,false_positive,false_positive,19.308295384645994,env,balanced_scenario
2026-01-11T05:49:53,E000000009,RADAR_E-1,RADAR,PERIMETER,E-1,PERIM_E-1,alarm,invalid,false_positive,false_positive,19.308295384645994,env,balanced_scenario
2026-01-11T05:49:53,E000000009,RADAR_E-1,RADAR,PERIMETER,E-1,PERIM_E-1,alarm,invalid,false_positive,false_positive,19.308295384645994,env,balanced_scenario
2026-01-11T06:53:17,E000004375,ACS_S-AC,ACCESS_CTRL,PERIMETER,S-AC,TURNSTILE_S-AC,alarm,valid,normal,benign,6.1917487051601015,baseline,balanced_scenario:shift_in:turnstile_entry
2026-01-11T06:59:01,E000000034,PIR_ROOM_SECURITY,PIR,INTERIOR,BLDG,ROOM_SECURITY,alarm,invalid,false_positive,false_positive,8.371514549032941,env,balanced_scenario
2026-01-11T06:59:01,E000000034,PIR_ROOM_SECURITY,PIR,INTERIOR,BLDG,ROOM_SECURITY,alarm,invalid,false_positive,false_positive,8.371514549032941,env,balanced_scenario
2026-01-11T06:59:01,E000000034,PIR_ROOM_SECURITY,PIR,INTERIOR,BLDG,ROOM_SECURITY,alarm,invalid,false_positive,false_positive,8.371514549032941,env,balanced_scenario
2026-01-11T06:59:01,E000000034,PIR_ROOM_SECURITY,PIR,INTERIOR,BLDG,ROOM_SECURITY,alarm,invalid,false_positive,false_positive,8.371514549032941,env,balanced_scenario
2026-01-11T06:59:01,E000000034,PIR_ROOM_SECURITY,PIR,INTERIOR,BLDG,ROOM_SECURITY,alarm,invalid,false_positive,false_positive,8.371514549032941,env,balanced_scenario
2026-01-11T06:59:01,E000000034,PIR_ROOM_SECURITY,PIR,INTERIOR,BLDG,ROOM_SECURITY,alarm,invalid,false_positive,false_positive,8.371514549032941,env,balanced_scenario
2026-01-11T06:59:01,E000000034,PIR_ROOM_SECURITY,PIR,INTERIOR,BLDG,ROOM_SECURITY,alarm,invalid,false_positive,false_positive,8.371514549032941,env,balanced_scenario
2026-01-11T06:59:01,E000000034,PIR_ROOM_SECURITY,PIR,INTERIOR,BLDG,ROOM_SECURITY,alarm,invalid,false_positive,false_positive,8.371514549032941,env,balanced_scenario
2026-01-11T06:59:01,E000000034,PIR_ROOM_SECURITY,PIR,INTERIOR,BLDG,ROOM_SECURITY,alarm,invalid,false_positive,false_positive,8.371514549032941,env,balanced_scenario
2026-01-11T06:59:01,E000000034,PIR_ROOM_SECURITY,PIR,INTERIOR,BLDG,ROOM_SECURITY,alarm,invalid,false_positive,false_positive,8.371514549032941,env,balanced_scenario
2026-01-11T06:59:01,E000000034,PIR_ROOM_SECURITY,PIR,INTERIOR,BLDG,ROOM_SECURITY,alarm,invalid,false_positive,false_positive,8.371514549032941,env,balanced_scenario
2026-01-11T06:59:01,E000000034,PIR_ROOM_SECURITY,PIR,INTERIOR,BLDG,ROOM_SECURITY,alarm,invalid,false_positive,false_positive,8.371514549032941,env,balanced_scenario
2026-01-11T06:59:01,E000000034,PIR_ROOM_SECURITY,PIR,INTERIOR,BLDG,ROOM_SECURITY,alarm,invalid,false_positive,false_positive,8.371514549032941,env,balanced_scenario
2026-01-11T06:59:01,E000000034,PIR_ROOM_SECURITY,PIR,INTERIOR,BLDG,ROOM_SECURITY,alarm,invalid,false_positive,false_positive,8.371514549032941,env,balanced_scenario
2026-01-11T06:59:01,E000000034,PIR_ROOM_SECURITY,PIR,INTERIOR,BLDG,ROOM_SECURITY,alarm,invalid,false_positive,false_positive,8.371514549032941,env,balanced_scenario
2026-01-11T06:59:01,E000000034,PIR_ROOM_SECURITY,PIR,INTERIOR,BLDG,ROOM_SECURITY,alarm,invalid,false_positive,false_positive,8.371514549032941,env,balanced_scenario
2026-01-11T06:59:01,E000000034,PIR_ROOM_SECURITY,PIR,INTERIOR,BLDG,ROOM_SECURITY,alarm,invalid,false_positive,false_positive,8.371514549032941,env,balanced_scenario
2026-01-11T07:00:38,E000004543,PIR_ROOM_S_ENTRY,PIR,INTERIOR,BLDG,ROOM_S_ENTRY,alarm,valid,normal,benign,9.76643270441121,baseline,balanced_scenario:shift_in:exit_from:ROOM_ADMIN
2026-01-11T07:01:02,E000004544,BMS_SKIN_S_DOOR,BMS,SKIN,BLDG,SKIN_S_DOOR,alarm,valid,normal,benign,19.23037431725892,baseline,balanced_scenario:shift_in:exit_from:ROOM_ADMIN
2026-01-11T07:01:30,E000004339,PA_RADAR_S,RADAR,PROTECTED_AREA,S,PA_RADAR_S,alarm,valid,normal,benign,18.399770438107023,baseline,balanced_scenario:shift_in:exit_from:ROOM_SECURITY
2026-01-11T07:03:57,E000004115,ACS_S-AC,ACCESS_CTRL,PERIMETER,S-AC,TURNSTILE_S-AC,alarm,valid,normal,benign,11.266408208105197,baseline,balanced_scenario:shift_in:turnstile_entry
2026-01-11T07:04:06,E000004116,PA_RADAR_S,RADAR,PROTECTED_AREA,S,PA_RADAR_S,alarm,valid,normal,benign,16.950256769142378,baseline,balanced_scenario:shift_in:move_to:ROOM_SECURITY
2026-01-11T07:19:48,E000004386,PA_RADAR_S,RADAR,PROTECTED_AREA,S,PA_RADAR_S,alarm,valid,normal,benign,22.81157535177195,baseline,balanced_scenario:shift_in:move_to:ROOM_ADMIN
2026-01-11T07:20:56,E000004389,PIR_HALL_MAIN,PIR,INTERIOR,BLDG,HALL_MAIN,alarm,valid,normal,benign,15.479115832672923,baseline,balanced_scenario:shift_in:move_to:ROOM_ADMIN
2026-01-11T07:21:22,E000004241,PIR_ROOM_S_ENTRY,PIR,INTERIOR,BLDG,ROOM_S_ENTRY,alarm,valid,normal,benign,14.589899702426678,baseline,balanced_scenario:shift_in:move_to:ROOM_ADMIN
2026-01-11T07:22:46,E000004322,BMS_SKIN_S_DOOR,BMS,SKIN,BLDG,SKIN_S_DOOR,alarm,valid,normal,benign,7.165816340233819,baseline,balanced_scenario:shift_in:move_to:ROOM_SECURITY
2026-01-11T07:23:21,E000004324,PIR_HALL_MAIN,PIR,INTERIOR,BLDG,HALL_MAIN,alarm,valid,normal,benign,16.254234983845475,baseline,balanced_scenario:shift_in:move_to:ROOM_SECURITY
2026-01-11T07:25:45,E000004171,PIR_ROOM_S_ENTRY,PIR,INTERIOR,BLDG,ROOM_S_ENTRY,alarm,valid,normal,benign,12.175118867018977,baseline,balanced_scenario:shift_in:move_to:ROOM_ADMIN
2026-01-11T07:30:00,E000004454,PA_RADAR_S,RADAR,PROTECTED_AREA,S,PA_RADAR_S,alarm,valid,normal,benign,18.812284535909555,baseline,balanced_scenario:shift_in:move_to:ASSET_ROOM
2026-01-11T07:30:07,E000004181,BMS_SKIN_S_DOOR,BMS,SKIN,BLDG,SKIN_S_DOOR,alarm,valid,normal,benign,6.47634638125033,baseline,balanced_scenario:shift_in:move_to:ROOM_ADMIN
2026-01-11T07:31:40,E000004469,PIR_HALL_MAIN,PIR,INTERIOR,BLDG,HALL_MAIN,alarm,valid,normal,benign,19.11135073957867,baseline,balanced_scenario:shift_in:exit_from:ROOM_ADMIN
2026-01-11T07:32:50,E000004303,PIR_ROOM_S_ENTRY,PIR,INTERIOR,BLDG,ROOM_S_ENTRY,alarm,valid,normal,benign,9.86377828111452,baseline,balanced_scenario:shift_in:move_to:ROOM_SECURITY
2026-01-11T07:33:12,E000004279,ACS_S-AC,ACCESS_CTRL,PERIMETER,S-AC,TURNSTILE_S-AC,alarm,valid,normal,benign,17.38728930089564,baseline,balanced_scenario:shift_in:turnstile_entry
2026-01-11T07:33:59,E000004292,PIR_ROOM_S_ENTRY,PIR,INTERIOR,BLDG,ROOM_S_ENTRY,alarm,valid,normal,benign,3.889800627083954,baseline,balanced_scenario:shift_in:move_to:ROOM_ADMIN
2026-01-11T07:34:11,E000004222,PIR_HALL_MAIN,PIR,INTERIOR,BLDG,HALL_MAIN,alarm,valid,normal,benign,15.450590318599085,baseline,balanced_scenario:shift_in:move_to:ROOM_ADMIN
2026-01-11T07:41:21,E000004414,ACS_S-AC,ACCESS_CTRL,PERIMETER,S-AC,TURNSTILE_S-AC,alarm,valid,normal,benign,4.7577777143435185,baseline,balanced_scenario:shift_in:exit_from:ROOM_ADMIN
2026-01-11T07:41:44,E000004160,PIR_ROOM_S_ENTRY,PIR,INTERIOR,BLDG,ROOM_S_ENTRY,alarm,valid,normal,benign,17.985275586326505,baseline,balanced_scenario:shift_in:move_to:ROOM_SECURITY
2026-01-11T07:41:59,E000004435,BMS_SKIN_S_DOOR,BMS,SKIN,BLDG,SKIN_S_DOOR,alarm,valid,normal,benign,10.459622089195133,baseline,balanced_scenario:shift_in:move_to:ROOM_SECURITY
2026-01-11T07:42:54,E000004101,PIR_HALL_MAIN,PIR,INTERIOR,BLDG,HALL_MAIN,alarm,valid,normal,benign,16.84918231333331,baseline,balanced_scenario:shift_in:exit_from:ASSET_ROOM
2026-01-11T07:43:02,E000004525,ACS_S-AC,ACCESS_CTRL,PERIMETER,S-AC,TURNSTILE_S-AC,alarm,valid,normal,benign,16.69157181432105,baseline,balanced_scenario:shift_in:turnstile_entry
2026-01-11T07:44:01,E000004103,PA_RADAR_S,RADAR,PROTECTED_AREA,S,PA_RADAR_S,alarm,valid,normal,benign,9.587485808529276,baseline,balanced_scenario:shift_in:exit_from:ASSET_ROOM
2026-01-11T07:44:57,E000004426,BMS_SKIN_S_DOOR,BMS,SKIN,BLDG,SKIN_S_DOOR,alarm,valid,normal,benign,21.845223399942633,baseline,balanced_scenario:shift_in:move_to:ROOM_SECURITY
2026-01-11T07:46:26,E000004210,BMS_SKIN_S_DOOR,BMS,SKIN,BLDG,SKIN_S_DOOR,alarm,valid,normal,benign,14.717447652842473,baseline,balanced_scenario:shift_in:move_to:ROOM_SECURITY
2026-01-11T07:48:19,E000004277,PA_RADAR_S,RADAR,PROTECTED_AREA,S,PA_RADAR_S,alarm,valid,normal,benign,17.6704738932474,baseline,balanced_scenario:shift_in:exit_from:ROOM_ADMIN
2026-01-11T07:49:11,E000004107,BMS_SKIN_S_DOOR,BMS,SKIN,BLDG,SKIN_S_DOOR,alarm,valid,normal,benign,16.2363876518372,baseline,balanced_scenario:shift_in:move_to:ROOM_SECURITY
2026-01-11T07:50:59,E000004230,BMS_SKIN_S_DOOR,BMS,SKIN,BLDG,SKIN_S_DOOR,alarm,valid,normal,benign,8.573251122982688,baseline,balanced_scenario:shift_in:move_to:ASSET_ROOM
2026-01-11T07:54:28,E000004372,BMS_SKIN_S_DOOR,BMS,SKIN,BLDG,SKIN_S_DOOR,alarm,valid,normal,benign,16.926316457507813,baseline,balanced_scenario:shift_in:exit_from:ASSET_ROOM
2026-01-11T07:54:44,E000004484,ACS_S-AC,ACCESS_CTRL,PERIMETER,S-AC,TURNSTILE_S-AC,alarm,valid,normal,benign,10.5258774103654,baseline,balanced_scenario:shift_in:exit_from:ROOM_ADMIN
2026-01-11T07:55:20,E000004374,ACS_S-AC,ACCESS_CTRL,PERIMETER,S-AC,TURNSTILE_S-AC,alarm,valid,normal,benign,20.70329052380155,baseline,balanced_scenario:shift_in:exit_from:ASSET_ROOM
2026-01-11T07:57:54,E000004318,PA_RADAR_S,RADAR,PROTECTED_AREA,S,PA_RADAR_S,alarm,valid,normal,benign,15.982234184946702,baseline,balanced_scenario:shift_in:exit_from:ROOM_SECURITY
2026-01-11T07:59:22,E000004495,ACS_S-AC,ACCESS_CTRL,PERIMETER,S-AC,TURNSTILE_S-AC,alarm,valid,normal,benign,18.157810419272693,baseline,balanced_scenario:shift_in:turnstile_entry
2026-01-11T07:59:34,E000004496,PA_RADAR_S,RADAR,PROTECTED_AREA,S,PA_RADAR_S,alarm,valid,normal,benign,19.22927557413623,baseline,balanced_scenario:shift_in:move_to:ROOM_SECURITY
2026-01-11T08:04:00,E000004214,PIR_HALL_MAIN,PIR,INTERIOR,BLDG,HALL_MAIN,alarm,valid,normal,benign,7.946062833582737,baseline,balanced_scenario:shift_in:exit_from:ROOM_SECURITY
2026-01-11T08:06:52,E000004244,PIR_HALL_MAIN,PIR,INTERIOR,BLDG,HALL_MAIN,alarm,valid,normal,benign,23.119755089734888,baseline,balanced_scenario:shift_in:exit_from:ROOM_ADMIN
2026-01-11T08:07:16,E000004438,PIR_ROOM_S_ENTRY,PIR,INTERIOR,BLDG,ROOM_S_ENTRY,alarm,invalid,normal,benign,11.722639242464842,baseline,balanced_scenario:shift_in:exit_from:ROOM_SECURITY
2026-01-11T08:13:07,E000004400,PIR_HALL_MAIN,PIR,INTERIOR,BLDG,HALL_MAIN,alarm,valid,normal,benign,15.8043189736247,baseline,balanced_scenario:shift_in:move_to:ROOM_SECURITY
2026-01-11T08:22:00,E000004452,ACS_S-AC,ACCESS_CTRL,PERIMETER,S-AC,TURNSTILE_S-AC,alarm,valid,normal,benign,24.362311914514223,baseline,balanced_scenario:shift_in:exit_from:ASSET_ROOM
2026-01-11T08:26:58,E000000004,FENCE_DISTURB_E-0,FENCE_DISTURB,PERIMETER,E-0,PERIM_E-0,alarm,invalid,false_positive,false_positive,8.101588421842917,env,balanced_scenario
2026-01-11T08:26:58,E000000004,FENCE_DISTURB_E-0,FENCE_DISTURB,PERIMETER,E-0,PERIM_E-0,alarm,invalid,false_positive,false_positive,8.101588421842917,env,balanced_scenario
2026-01-11T08:26:58,E000000004,FENCE_DISTURB_E-0,FENCE_DISTURB,PERIMETER,E-0,PERIM_E-0,alarm,invalid,false_positive,false_positive,8.101588421842917,env,balanced_scenario
2026-01-11T08:26:58,E000000004,FENCE_DISTURB_E-0,FENCE_DISTURB,PERIMETER,E-0,PERIM_E-0,alarm,invalid,false_positive,false_positive,8.101588421842917,env,balanced_scenario
2026-01-11T08:26:58,E000000004,FENCE_DISTURB_E-0,FENCE_DISTURB,PERIMETER,E-0,PERIM_E-0,alarm,invalid,false_positive,false_positive,8.101588421842917,env,balanced_scenario
2026-01-11T08:26:58,E000000004,FENCE_DISTURB_E-0,FENCE_DISTURB,PERIMETER,E-0,PERIM_E-0,alarm,invalid,false_positive,false_positive,8.101588421842917,env,balanced_scenario
2026-01-11T08:26:58,E000000004,FENCE_DISTURB_E-0,FENCE_DISTURB,PERIMETER,E-0,PERIM_E-0,alarm,invalid,false_positive,false_positive,8.101588421842917,env,balanced_scenario
2026-01-11T08:26:58,E000000004,FENCE_DISTURB_E-0,FENCE_DISTURB,PERIMETER,E-0,PERIM_E-0,alarm,invalid,false_positive,false_positive,8.101588421842917,env,balanced_scenario
2026-01-11T08:26:58,E000000004,FENCE_DISTURB_E-0,FENCE_DISTURB,PERIMETER,E-0,PERIM_E-0,alarm,invalid,false_positive,false_positive,8.101588421842917,env,balanced_scenario
2026-01-11T08:26:58,E000000004,FENCE_DISTURB_E-0,FENCE_DISTURB,PERIMETER,E-0,PERIM_E-0,alarm,invalid,false_positive,false_positive,8.101588421842917,env,balanced_scenario
2026-01-11T08:26:58,E000000004,FENCE_DISTURB_E-0,FENCE_DISTURB,PERIMETER,E-0,PERIM_E-0,alarm,invalid,false_positive,false_positive,8.101588421842917,env,balanced_scenario
2026-01-11T08:26:58,E000000004,FENCE_DISTURB_E-0,FENCE_DISTURB,PERIMETER,E-0,PERIM_E-0,alarm,invalid,false_positive,false_positive,8.101588421842917,env,balanced_scenario
2026-01-11T08:32:37,E000004502,PIR_ROOM_S_ENTRY,PIR,INTERIOR,BLDG,ROOM_S_ENTRY,alarm,valid,normal,benign,6.608184173427723,baseline,balanced_scenario:shift_in:exit_from:ROOM_SECURITY
2026-01-11T08:43:15,E000004511,PIR_HALL_MAIN,PIR,INTERIOR,BLDG,HALL_MAIN,alarm,valid,normal,benign,13.420697258794949,baseline,balanced_scenario:shift_in:exit_from:ROOM_SECURITY
2026-01-11T08:45:07,E000004515,ACS_S-AC,ACCESS_CTRL,PERIMETER,S-AC,TURNSTILE_S-AC,alarm,valid,normal,benign,17.190105382191597,baseline,balanced_scenario:shift_in:exit_from:ROOM_SECURITY
2026-01-11T10:15:33,E000005410,PA_RADAR_S,RADAR,PROTECTED_AREA,S,PA_RADAR_S,alarm,valid,normal,benign,7.094145260983819,baseline,balanced_scenario:straggler:exit_from:ROOM_SECURITY
2026-01-11T11:16:18,E000005182,ACS_S-AC,ACCESS_CTRL,PERIMETER,S-AC,TURNSTILE_S-AC,alarm,valid,normal,benign,26.184995220689444,baseline,balanced_scenario:meal_exit:turnstile_entry
2026-01-11T11:16:28,E000005183,PA_RADAR_S,RADAR,PROTECTED_AREA,S,PA_RADAR_S,alarm,invalid,normal,benign,14.490188117982383,baseline,balanced_scenario:meal_exit:move_to:ROOM_ADMIN
2026-01-11T11:17:45,E000005187,PIR_ROOM_ADMIN,PIR,INTERIOR,BLDG,ROOM_ADMIN,alarm,valid,normal,benign,28.403035255679807,baseline,balanced_scenario:meal_exit:move_to:ROOM_ADMIN
2026-01-11T11:22:55,E000005172,PA_RADAR_S,RADAR,PROTECTED_AREA,S,PA_RADAR_S,alarm,valid,normal,benign,29.08887532029414,baseline,balanced_scenario:meal_exit:move_to:ROOM_SECURITY
2026-01-11T11:23:59,E000005015,BMS_SKIN_S_DOOR,BMS,SKIN,BLDG,SKIN_S_DOOR,alarm,valid,normal,benign,12.212898445480128,baseline,balanced_scenario:meal_exit:move_to:ROOM_ADMIN
2026-01-11T11:31:09,E000005164,PIR_HALL_MAIN,PIR,INTERIOR,BLDG,HALL_MAIN,alarm,valid,normal,benign,20.41632061820052,baseline,balanced_scenario:meal_exit:move_to:ROOM_SECURITY
2026-01-11T11:31:13,E000006820,RADAR_N-1,RADAR,PERIMETER,N-1,PERIM_N-1,alarm,intrusion,intrusion:attack_00:step_00:PERIM_N-1,intrusion,27.194827208066876,adversary,balanced_scenario:attack
2026-01-11T11:31:13,E000006820,RADAR_N-1,RADAR,PERIMETER,N-1,PERIM_N-1,alarm,intrusion,intrusion:attack_00:step_00:PERIM_N-1,intrusion,27.194827208066876,adversary,balanced_scenario:attack
2026-01-11T11:31:13,E000006820,RADAR_N-1,RADAR,PERIMETER,N-1,PERIM_N-1,alarm,intrusion,intrusion:attack_00:step_00:PERIM_N-1,intrusion,27.194827208066876,adversary,balanced_scenario:attack
2026-01-11T11:31:13,E000006819,FENCE_DISTURB_N-1,FENCE_DISTURB,PERIMETER,N-1,PERIM_N-1,alarm,intrusion,intrusion:attack_00:step_00:PERIM_N-1,intrusion,21.146169225508693,adversary,balanced_scenario:attack
2026-01-11T11:31:13,E000006819,FENCE_DISTURB_N-1,FENCE_DISTURB,PERIMETER,N-1,PERIM_N-1,alarm,intrusion,intrusion:attack_00:step_00:PERIM_N-1,intrusion,21.146169225508693,adversary,balanced_scenario:attack
2026-01-11T11:31:13,E000006819,FENCE_DISTURB_N-1,FENCE_DISTURB,PERIMETER,N-1,PERIM_N-1,alarm,intrusion,intrusion:attack_00:step_00:PERIM_N-1,intrusion,21.146169225508693,adversary,balanced_scenario:attack
2026-01-11T11:31:13,E000006819,FENCE_DISTURB_N-1,FENCE_DISTURB,PERIMETER,N-1,PERIM_N-1,alarm,intrusion,intrusion:attack_00:step_00:PERIM_N-1,intrusion,21.146169225508693,adversary,balanced_scenario:attack
2026-01-11T11:31:13,E000006820,RADAR_N-1,RADAR,PERIMETER,N-1,PERIM_N-1,alarm,intrusion,intrusion:attack_00:step_00:PERIM_N-1,intrusion,27.194827208066876,adversary,balanced_scenario:attack
2026-01-11T11:31:13,E000006820,RADAR_N-1,RADAR,PERIMETER,N-1,PERIM_N-1,alarm,intrusion,intrusion:attack_00:step_00:PERIM_N-1,intrusion,27.194827208066876,adversary,balanced_scenario:attack
2026-01-11T11:31:13,E000006819,FENCE_DISTURB_N-1,FENCE_DISTURB,PERIMETER,N-1,PERIM_N-1,alarm,intrusion,intrusion:attack_00:step_00:PERIM_N-1,intrusion,21.146169225508693,adversary,balanced_scenario:attack
2026-01-11T11:31:13,E000006819,FENCE_DISTURB_N-1,FENCE_DISTURB,PERIMETER,N-1,PERIM_N-1,alarm,intrusion,intrusion:attack_00:step_00:PERIM_N-1,intrusion,21.146169225508693,adversary,balanced_scenario:attack
2026-01-11T11:31:13,E000006820,RADAR_N-1,RADAR,PERIMETER,N-1,PERIM_N-1,alarm,intrusion,intrusion:attack_00:step_00:PERIM_N-1,intrusion,27.194827208066876,adversary,balanced_scenario:attack
2026-01-11T11:31:13,E000006819,FENCE_DISTURB_N-1,FENCE_DISTURB,PERIMETER,N-1,PERIM_N-1,alarm,intrusion,intrusion:attack_00:step_00:PERIM_N-1,intrusion,21.146169225508693,adversary,balanced_scenario:attack
2026-01-11T11:31:13,E000006819,FENCE_DISTURB_N-1,FENCE_DISTURB,PERIMETER,N-1,PERIM_N-1,alarm,intrusion,intrusion:attack_00:step_00:PERIM_N-1,intrusion,21.146169225508693,adversary,balanced_scenario:attack
2026-01-11T11:31:13,E000006819,FENCE_DISTURB_N-1,FENCE_DISTURB,PERIMETER,N-1,PERIM_N-1,alarm,intrusion,intrusion:attack_00:step_00:PERIM_N-1,intrusion,21.146169225508693,adversary,balanced_scenario:attack
2026-01-11T11:31:13,E000006819,FENCE_DISTURB_N-1,FENCE_DISTURB,PERIMETER,N-1,PERIM_N-1,alarm,intrusion,intrusion:attack_00:step_00:PERIM_N-1,intrusion,21.146169225508693,adversary,balanced_scenario:attack
2026-01-11T11:31:13,E000006819,FENCE_DISTURB_N-1,FENCE_DISTURB,PERIMETER,N-1,PERIM_N-1,alarm,intrusion,intrusion:attack_00:step_00:PERIM_N-1,intrusion,21.146169225508693,adversary,balanced_scenario:attack
2026-01-11T11:31:13,E000006819,FENCE_DISTURB_N-1,FENCE_DISTURB,PERIMETER,N-1,PERIM_N-1,alarm,intrusion,intrusion:attack_00:step_00:PERIM_N-1,intrusion,21.146169225508693,adversary,balanced_scenario:attack
2026-01-11T11:31:13,E000006820,RADAR_N-1,RADAR,PERIMETER,N-1,PERIM_N-1,alarm,intrusion,intrusion:attack_00:step_00:PERIM_N-1,intrusion,27.194827208066876,adversary,balanced_scenario:attack
2026-01-11T11:31:13,E000006820,RADAR_N-1,RADAR,PERIMETER,N-1,PERIM_N-1,alarm,intrusion,intrusion:attack_00:step_00:PERIM_N-1,intrusion,27.194827208066876,adversary,balanced_scenario:attack
2026-01-11T11:31:13,E000006820,RADAR_N-1,RADAR,PERIMETER,N-1,PERIM_N-1,alarm,intrusion,intrusion:attack_00:step_00:PERIM_N-1,intrusion,27.194827208066876,adversary,balanced_scenario:attack
2026-01-11T11:31:13,E000006819,FENCE_DISTURB_N-1,FENCE_DISTURB,PERIMETER,N-1,PERIM_N-1,alarm,intrusion,intrusion:attack_00:step_00:PERIM_N-1,intrusion,21.146169225508693,adversary,balanced_scenario:attack
2026-01-11T11:31:13,E000006819,FENCE_DISTURB_N-1,FENCE_DISTURB,PERIMETER,N-1,PERIM_N-1,alarm,intrusion,intrusion:attack_00:step_00:PERIM_N-1,intrusion,21.146169225508693,adversary,balanced_scenario:attack
2026-01-11T11:31:13,E000006819,FENCE_DISTURB_N-1,FENCE_DISTURB,PERIMETER,N-1,PERIM_N-1,alarm,intrusion,intrusion:attack_00:step_00:PERIM_N-1,intrusion,21.146169225508693,adversary,balanced_scenario:attack
2026-01-11T11:31:13,E000006819,FENCE_DISTURB_N-1,FENCE_DISTURB,PERIMETER,N-1,PERIM_N-1,alarm,intrusion,intrusion:attack_00:step_00:PERIM_N-1,intrusion,21.146169225508693,adversary,balanced_scenario:attack
2026-01-11T11:31:13,E000006819,FENCE_DISTURB_N-1,FENCE_DISTURB,PERIMETER,N-1,PERIM_N-1,alarm,intrusion,intrusion:attack_00:step_00:PERIM_N-1,intrusion,21.146169225508693,adversary,balanced_scenario:attack
2026-01-11T11:31:13,E000006820,RADAR_N-1,RADAR,PERIMETER,N-1,PERIM_N-1,alarm,intrusion,intrusion:attack_00:step_00:PERIM_N-1,intrusion,27.194827208066876,adversary,balanced_scenario:attack
2026-01-11T11:31:13,E000006819,FENCE_DISTURB_N-1,FENCE_DISTURB,PERIMETER,N-1,PERIM_N-1,alarm,intrusion,intrusion:attack_00:step_00:PERIM_N-1,intrusion,21.146169225508693,adversary,balanced_scenario:attack
2026-01-11T11:31:13,E000006820,RADAR_N-1,RADAR,PERIMETER,N-1,PERIM_N-1,alarm,intrusion,intrusion:attack_00:step_00:PERIM_N-1,intrusion,27.194827208066876,adversary,balanced_scenario:attack
2026-01-11T11:31:13,E000006819,FENCE_DISTURB_N-1,FENCE_DISTURB,PERIMETER,N-1,PERIM_N-1,alarm,intrusion,intrusion:attack_00:step_00:PERIM_N-1,intrusion,21.146169225508693,adversary,balanced_scenario:attack
2026-01-11T11:31:13,E000006820,RADAR_N-1,RADAR,PERIMETER,N-1,PERIM_N-1,alarm,intrusion,intrusion:attack_00:step_00:PERIM_N-1,intrusion,27.194827208066876,adversary,balanced_scenario:attack
2026-01-11T11:31:13,E000006819,FENCE_DISTURB_N-1,FENCE_DISTURB,PERIMETER,N-1,PERIM_N-1,alarm,intrusion,intrusion:attack_00:step_00:PERIM_N-1,intrusion,21.146169225508693,adversary,balanced_scenario:attack
2026-01-11T11:31:13,E000006819,FENCE_DISTURB_N-1,FENCE_DISTURB,PERIMETER,N-1,PERIM_N-1,alarm,intrusion,intrusion:attack_00:step_00:PERIM_N-1,intrusion,21.146169225508693,adversary,balanced_scenario:attack
2026-01-11T11:31:13,E000006820,RADAR_N-1,RADAR,PERIMETER,N-1,PERIM_N-1,alarm,intrusion,intrusion:attack_00:step_00:PERIM_N-1,intrusion,27.194827208066876,adversary,balanced_scenario:attack
2026-01-11T11:31:13,E000006819,FENCE_DISTURB_N-1,FENCE_DISTURB,PERIMETER,N-1,PERIM_N-1,alarm,intrusion,intrusion:attack_00:step_00:PERIM_N-1,intrusion,21.146169225508693,adversary,balanced_scenario:attack
2026-01-11T11:31:13,E000006820,RADAR_N-1,RADAR,PERIMETER,N-1,PERIM_N-1,alarm,intrusion,intrusion:attack_00:step_00:PERIM_N-1,intrusion,27.194827208066876,adversary,balanced_scenario:attack
2026-01-11T11:31:13,E000006820,RADAR_N-1,RADAR,PERIMETER,N-1,PERIM_N-1,alarm,intrusion,intrusion:attack_00:step_00:PERIM_N-1,intrusion,27.194827208066876,adversary,balanced_scenario:attack
2026-01-11T11:31:13,E000006820,RADAR_N-1,RADAR,PERIMETER,N-1,PERIM_N-1,alarm,intrusion,intrusion:attack_00:step_00:PERIM_N-1,intrusion,27.194827208066876,adversary,balanced_scenario:attack
2026-01-11T11:31:13,E000006820,RADAR_N-1,RADAR,PERIMETER,N-1,PERIM_N-1,alarm,intrusion,intrusion:attack_00:step_00:PERIM_N-1,intrusion,27.194827208066876,adversary,balanced_scenario:attack
2026-01-11T11:31:13,E000006819,FENCE_DISTURB_N-1,FENCE_DISTURB,PERIMETER,N-1,PERIM_N-1,alarm,intrusion,intrusion:attack_00:step_00:PERIM_N-1,intrusion,21.146169225508693,adversary,balanced_scenario:attack
2026-01-11T11:31:13,E000006819,FENCE_DISTURB_N-1,FENCE_DISTURB,PERIMETER,N-1,PERIM_N-1,alarm,intrusion,intrusion:attack_00:step_00:PERIM_N-1,intrusion,21.146169225508693,adversary,balanced_scenario:attack
2026-01-11T11:31:13,E000006819,FENCE_DISTURB_N-1,FENCE_DISTURB,PERIMETER,N-1,PERIM_N-1,alarm,intrusion,intrusion:attack_00:step_00:PERIM_N-1,intrusion,21.146169225508693,adversary,balanced_scenario:attack
2026-01-11T11:31:13,E000006819,FENCE_DISTURB_N-1,FENCE_DISTURB,PERIMETER,N-1,PERIM_N-1,alarm,intrusion,intrusion:attack_00:step_00:PERIM_N-1,intrusion,21.146169225508693,adversary,balanced_scenario:attack
2026-01-11T11:31:13,E000006819,FENCE_DISTURB_N-1,FENCE_DISTURB,PERIMETER,N-1,PERIM_N-1,alarm,intrusion,intrusion:attack_00:step_00:PERIM_N-1,intrusion,21.146169225508693,adversary,balanced_scenario:attack
2026-01-11T11:31:13,E000006820,RADAR_N-1,RADAR,PERIMETER,N-1,PERIM_N-1,alarm,intrusion,intrusion:attack_00:step_00:PERIM_N-1,intrusion,27.194827208066876,adversary,balanced_scenario:attack
2026-01-11T11:31:13,E000006819,FENCE_DISTURB_N-1,FENCE_DISTURB,PERIMETER,N-1,PERIM_N-1,alarm,intrusion,intrusion:attack_00:step_00:PERIM_N-1,intrusion,21.146169225508693,adversary,balanced_scenario:attack
2026-01-11T11:31:13,E000006820,RADAR_N-1,RADAR,PERIMETER,N-1,PERIM_N-1,alarm,intrusion,intrusion:attack_00:step_00:PERIM_N-1,intrusion,27.194827208066876,adversary,balanced_scenario:attack
2026-01-11T11:31:13,E000006819,FENCE_DISTURB_N-1,FENCE_DISTURB,PERIMETER,N-1,PERIM_N-1,alarm,intrusion,intrusion:attack_00:step_00:PERIM_N-1,intrusion,21.146169225508693,adversary,balanced_scenario:attack
2026-01-11T11:31:13,E000006820,RADAR_N-1,RADAR,PERIMETER,N-1,PERIM_N-1,alarm,intrusion,intrusion:attack_00:step_00:PERIM_N-1,intrusion,27.194827208066876,adversary,balanced_scenario:attack
2026-01-11T11:31:13,E000006820,RADAR_N-1,RADAR,PERIMETER,N-1,PERIM_N-1,alarm,intrusion,intrusion:attack_00:step_00:PERIM_N-1,intrusion,27.194827208066876,adversary,balanced_scenario:attack
2026-01-11T11:31:13,E000006820,RADAR_N-1,RADAR,PERIMETER,N-1,PERIM_N-1,alarm,intrusion,intrusion:attack_00:step_00:PERIM_N-1,intrusion,27.194827208066876,adversary,balanced_scenario:attack
2026-01-11T11:31:13,E000006820,RADAR_N-1,RADAR,PERIMETER,N-1,PERIM_N-1,alarm,intrusion,intrusion:attack_00:step_00:PERIM_N-1,intrusion,27.194827208066876,adversary,balanced_scenario:attack
2026-01-11T11:31:57,E000006821,PA_RADAR_N,RADAR,PROTECTED_AREA,N,PA_RADAR_N,alarm,intrusion,intrusion:attack_00:step_01:PA_RADAR_N,intrusion,14.242051595636314,adversary,balanced_scenario:attack
2026-01-11T11:31:57,E000006821,PA_RADAR_N,RADAR,PROTECTED_AREA,N,PA_RADAR_N,alarm,intrusion,intrusion:attack_00:step_01:PA_RADAR_N,intrusion,14.242051595636314,adversary,balanced_scenario:attack
2026-01-11T11:31:57,E000006821,PA_RADAR_N,RADAR,PROTECTED_AREA,N,PA_RADAR_N,alarm,intrusion,intrusion:attack_00:step_01:PA_RADAR_N,intrusion,14.242051595636314,adversary,balanced_scenario:attack
2026-01-11T11:31:57,E000006821,PA_RADAR_N,RADAR,PROTECTED_AREA,N,PA_RADAR_N,alarm,intrusion,intrusion:attack_00:step_01:PA_RADAR_N,intrusion,14.242051595636314,adversary,balanced_scenario:attack
2026-01-11T11:31:57,E000006821,PA_RADAR_N,RADAR,PROTECTED_AREA,N,PA_RADAR_N,alarm,intrusion,intrusion:attack_00:step_01:PA_RADAR_N,intrusion,14.242051595636314,adversary,balanced_scenario:attack
2026-01-11T11:31:57,E000006821,PA_RADAR_N,RADAR,PROTECTED_AREA,N,PA_RADAR_N,alarm,intrusion,intrusion:attack_00:step_01:PA_RADAR_N,intrusion,14.242051595636314,adversary,balanced_scenario:attack
2026-01-11T11:31:57,E000006821,PA_RADAR_N,RADAR,PROTECTED_AREA,N,PA_RADAR_N,alarm,intrusion,intrusion:attack_00:step_01:PA_RADAR_N,intrusion,14.242051595636314,adversary,balanced_scenario:attack
2026-01-11T11:31:57,E000006821,PA_RADAR_N,RADAR,PROTECTED_AREA,N,PA_RADAR_N,alarm,intrusion,intrusion:attack_00:step_01:PA_RADAR_N,intrusion,14.242051595636314,adversary,balanced_scenario:attack
2026-01-11T11:31:57,E000006821,PA_RADAR_N,RADAR,PROTECTED_AREA,N,PA_RADAR_N,alarm,intrusion,intrusion:attack_00:step_01:PA_RADAR_N,intrusion,14.242051595636314,adversary,balanced_scenario:attack
2026-01-11T11:31:57,E000006821,PA_RADAR_N,RADAR,PROTECTED_AREA,N,PA_RADAR_N,alarm,intrusion,intrusion:attack_00:step_01:PA_RADAR_N,intrusion,14.242051595636314,adversary,balanced_scenario:attack
2026-01-11T11:31:57,E000006821,PA_RADAR_N,RADAR,PROTECTED_AREA,N,PA_RADAR_N,alarm,intrusion,intrusion:attack_00:step_01:PA_RADAR_N,intrusion,14.242051595636314,adversary,balanced_scenario:attack
2026-01-11T11:31:57,E000006821,PA_RADAR_N,RADAR,PROTECTED_AREA,N,PA_RADAR_N,alarm,intrusion,intrusion:attack_00:step_01:PA_RADAR_N,intrusion,14.242051595636314,adversary,balanced_scenario:attack
2026-01-11T11:31:57,E000006821,PA_RADAR_N,RADAR,PROTECTED_AREA,N,PA_RADAR_N,alarm,intrusion,intrusion:attack_00:step_01:PA_RADAR_N,intrusion,14.242051595636314,adversary,balanced_scenario:attack
2026-01-11T11:31:57,E000006821,PA_RADAR_N,RADAR,PROTECTED_AREA,N,PA_RADAR_N,alarm,intrusion,intrusion:attack_00:step_01:PA_RADAR_N,intrusion,14.242051595636314,adversary,balanced_scenario:attack
2026-01-11T11:31:57,E000006821,PA_RADAR_N,RADAR,PROTECTED_AREA,N,PA_RADAR_N,alarm,intrusion,intrusion:attack_00:step_01:PA_RADAR_N,intrusion,14.242051595636314,adversary,balanced_scenario:attack
2026-01-11T11:31:57,E000006821,PA_RADAR_N,RADAR,PROTECTED_AREA,N,PA_RADAR_N,alarm,intrusion,intrusion:attack_00:step_01:PA_RADAR_N,intrusion,14.242051595636314,adversary,balanced_scenario:attack
2026-01-11T11:31:57,E000006821,PA_RADAR_N,RADAR,PROTECTED_AREA,N,PA_RADAR_N,alarm,intrusion,intrusion:attack_00:step_01:PA_RADAR_N,intrusion,14.242051595636314,adversary,balanced_scenario:attack
2026-01-11T11:31:57,E000006821,PA_RADAR_N,RADAR,PROTECTED_AREA,N,PA_RADAR_N,alarm,intrusion,intrusion:attack_00:step_01:PA_RADAR_N,intrusion,14.242051595636314,adversary,balanced_scenario:attack
2026-01-11T11:31:57,E000006821,PA_RADAR_N,RADAR,PROTECTED_AREA,N,PA_RADAR_N,alarm,intrusion,intrusion:attack_00:step_01:PA_RADAR_N,intrusion,14.242051595636314,adversary,balanced_scenario:attack
2026-01-11T11:31:57,E000006821,PA_RADAR_N,RADAR,PROTECTED_AREA,N,PA_RADAR_N,alarm,intrusion,intrusion:attack_00:step_01:PA_RADAR_N,intrusion,14.242051595636314,adversary,balanced_scenario:attack
2026-01-11T11:31:57,E000006821,PA_RADAR_N,RADAR,PROTECTED_AREA,N,PA_RADAR_N,alarm,intrusion,intrusion:attack_00:step_01:PA_RADAR_N,intrusion,14.242051595636314,adversary,balanced_scenario:attack
2026-01-11T11:31:57,E000006821,PA_RADAR_N,RADAR,PROTECTED_AREA,N,PA_RADAR_N,alarm,intrusion,intrusion:attack_00:step_01:PA_RADAR_N,intrusion,14.242051595636314,adversary,balanced_scenario:attack
2026-01-11T11:31:57,E000006821,PA_RADAR_N,RADAR,PROTECTED_AREA,N,PA_RADAR_N,alarm,intrusion,intrusion:attack_00:step_01:PA_RADAR_N,intrusion,14.242051595636314,adversary,balanced_scenario:attack
2026-01-11T11:31:57,E000006821,PA_RADAR_N,RADAR,PROTECTED_AREA,N,PA_RADAR_N,alarm,intrusion,intrusion:attack_00:step_01:PA_RADAR_N,intrusion,14.242051595636314,adversary,balanced_scenario:attack
2026-01-11T11:31:57,E000006821,PA_RADAR_N,RADAR,PROTECTED_AREA,N,PA_RADAR_N,alarm,intrusion,intrusion:attack_00:step_01:PA_RADAR_N,intrusion,14.242051595636314,adversary,balanced_scenario:attack
2026-01-11T11:31:57,E000006821,PA_RADAR_N,RADAR,PROTECTED_AREA,N,PA_RADAR_N,alarm,intrusion,intrusion:attack_00:step_01:PA_RADAR_N,intrusion,14.242051595636314,adversary,balanced_scenario:attack
2026-01-11T11:31:57,E000006821,PA_RADAR_N,RADAR,PROTECTED_AREA,N,PA_RADAR_N,alarm,intrusion,intrusion:attack_00:step_01:PA_RADAR_N,intrusion,14.242051595636314,adversary,balanced_scenario:attack
2026-01-11T11:31:57,E000006821,PA_RADAR_N,RADAR,PROTECTED_AREA,N,PA_RADAR_N,alarm,intrusion,intrusion:attack_00:step_01:PA_RADAR_N,intrusion,14.242051595636314,adversary,balanced_scenario:attack
2026-01-11T11:31:57,E000006821,PA_RADAR_N,RADAR,PROTECTED_AREA,N,PA_RADAR_N,alarm,intrusion,intrusion:attack_00:step_01:PA_RADAR_N,intrusion,14.242051595636314,adversary,balanced_scenario:attack
2026-01-11T11:31:57,E000006821,PA_RADAR_N,RADAR,PROTECTED_AREA,N,PA_RADAR_N,alarm,intrusion,intrusion:attack_00:step_01:PA_RADAR_N,intrusion,14.242051595636314,adversary,balanced_scenario:attack
2026-01-11T11:31:57,E000006821,PA_RADAR_N,RADAR,PROTECTED_AREA,N,PA_RADAR_N,alarm,intrusion,intrusion:attack_00:step_01:PA_RADAR_N,intrusion,14.242051595636314,adversary,balanced_scenario:attack
2026-01-11T11:31:57,E000006821,PA_RADAR_N,RADAR,PROTECTED_AREA,N,PA_RADAR_N,alarm,intrusion,intrusion:attack_00:step_01:PA_RADAR_N,intrusion,14.242051595636314,adversary,balanced_scenario:attack
2026-01-11T11:31:57,E000006821,PA_RADAR_N,RADAR,PROTECTED_AREA,N,PA_RADAR_N,alarm,intrusion,intrusion:attack_00:step_01:PA_RADAR_N,intrusion,14.242051595636314,adversary,balanced_scenario:attack
2026-01-11T11:36:32,E000005150,PA_RADAR_S,RADAR,PROTECTED_AREA,S,PA_RADAR_S,alarm,valid,normal,benign,10.051627631646939,baseline,balanced_scenario:meal_exit:move_to:ROOM_SECURITY
2026-01-11T11:36:52,E000005151,BMS_SKIN_S_DOOR,BMS,SKIN,BLDG,SKIN_S_DOOR,alarm,valid,normal,benign,20.211403215543033,baseline,balanced_scenario:meal_exit:move_to:ROOM_SECURITY
2026-01-11T11:41:18,E000005102,PIR_HALL_MAIN,PIR,INTERIOR,BLDG,HALL_MAIN,alarm,valid,normal,benign,9.553989580952678,baseline,balanced_scenario:meal_exit:exit_from:ROOM_ADMIN
2026-01-11T11:41:24,E000005087,PA_RADAR_S,RADAR,PROTECTED_AREA,S,PA_RADAR_S,alarm,invalid,normal,benign,13.376903849130702,baseline,balanced_scenario:meal_exit:move_to:ROOM_ADMIN
2026-01-11T11:45:09,E000005192,ACS_S-AC,ACCESS_CTRL,PERIMETER,S-AC,TURNSTILE_S-AC,alarm,valid,normal,benign,19.52398696977062,baseline,balanced_scenario:meal_exit:exit_from:ROOM_ADMIN
2026-01-11T11:51:53,E000005093,PIR_ROOM_S_ENTRY,PIR,INTERIOR,BLDG,ROOM_S_ENTRY,alarm,valid,normal,benign,12.404030297895616,baseline,balanced_scenario:meal_exit:exit_from:ROOM_ADMIN
2026-01-11T11:55:55,E000005144,PIR_ROOM_ADMIN,PIR,INTERIOR,BLDG,ROOM_ADMIN,alarm,valid,normal,benign,13.660955178183476,baseline,balanced_scenario:meal_exit:move_to:ROOM_ADMIN
2026-01-11T12:00:08,E000005441,PA_RADAR_S,RADAR,PROTECTED_AREA,S,PA_RADAR_S,alarm,valid,normal,benign,21.895337795857763,baseline,balanced_scenario:straggler:exit_from:ASSET_ROOM
2026-01-11T12:05:29,E000005200,BMS_SKIN_S_DOOR,BMS,SKIN,BLDG,SKIN_S_DOOR,alarm,valid,normal,benign,10.60906057440885,baseline,balanced_scenario:meal_exit:exit_from:ROOM_ADMIN
2026-01-11T12:14:05,E000005225,PA_RADAR_S,RADAR,PROTECTED_AREA,S,PA_RADAR_S,alarm,valid,normal,benign,9.401641486106977,baseline,balanced_scenario:meal_return:move_to:ROOM_ADMIN
2026-01-11T12:15:12,E000005227,PIR_HALL_MAIN,PIR,INTERIOR,BLDG,HALL_MAIN,alarm,valid,normal,benign,6.92957161459365,baseline,balanced_scenario:meal_return:move_to:ROOM_ADMIN
2026-01-11T12:17:46,E000000017,RADAR_S-AC,RADAR,PERIMETER,S-AC,PERIM_S-AC,alarm,invalid,false_positive,false_positive,16.976753289606673,env,balanced_scenario
2026-01-11T12:17:46,E000000017,RADAR_S-AC,RADAR,PERIMETER,S-AC,PERIM_S-AC,alarm,invalid,false_positive,false_positive,16.976753289606673,env,balanced_scenario
2026-01-11T12:17:46,E000000017,RADAR_S-AC,RADAR,PERIMETER,S-AC,PERIM_S-AC,alarm,invalid,false_positive,false_positive,16.976753289606673,env,balanced_scenario
2026-01-11T12:17:46,E000000017,RADAR_S-AC,RADAR,PERIMETER,S-AC,PERIM_S-AC,alarm,invalid,false_positive,false_positive,16.976753289606673,env,balanced_scenario
2026-01-11T12:17:46,E000000017,RADAR_S-AC,RADAR,PERIMETER,S-AC,PERIM_S-AC,alarm,invalid,false_positive,false_positive,16.976753289606673,env,balanced_scenario
2026-01-11T12:17:46,E000000017,RADAR_S-AC,RADAR,PERIMETER,S-AC,PERIM_S-AC,alarm,invalid,false_positive,false_positive,16.976753289606673,env,balanced_scenario
2026-01-11T12:17:46,E000000017,RADAR_S-AC,RADAR,PERIMETER,S-AC,PERIM_S-AC,alarm,invalid,false_positive,false_positive,16.976753289606673,env,balanced_scenario
2026-01-11T12:17:46,E000000017,RADAR_S-AC,RADAR,PERIMETER,S-AC,PERIM_S-AC,alarm,invalid,false_positive,false_positive,16.976753289606673,env,balanced_scenario
2026-01-11T12:17:46,E000000017,RADAR_S-AC,RADAR,PERIMETER,S-AC,PERIM_S-AC,alarm,invalid,false_positive,false_positive,16.976753289606673,env,balanced_scenario
2026-01-11T12:17:46,E000000017,RADAR_S-AC,RADAR,PERIMETER,S-AC,PERIM_S-AC,alarm,invalid,false_positive,false_positive,16.976753289606673,env,balanced_scenario
2026-01-11T12:17:46,E000000017,RADAR_S-AC,RADAR,PERIMETER,S-AC,PERIM_S-AC,alarm,invalid,false_positive,false_positive,16.976753289606673,env,balanced_scenario
2026-01-11T12:17:46,E000000017,RADAR_S-AC,RADAR,PERIMETER,S-AC,PERIM_S-AC,alarm,invalid,false_positive,false_positive,16.976753289606673,env,balanced_scenario
2026-01-11T12:17:46,E000000017,RADAR_S-AC,RADAR,PERIMETER,S-AC,PERIM_S-AC,alarm,invalid,false_positive,false_positive,16.976753289606673,env,balanced_scenario
2026-01-11T12:17:46,E000000017,RADAR_S-AC,RADAR,PERIMETER,S-AC,PERIM_S-AC,alarm,invalid,false_positive,false_positive,16.976753289606673,env,balanced_scenario
2026-01-11T12:19:46,E000005055,ACS_S-AC,ACCESS_CTRL,PERIMETER,S-AC,TURNSTILE_S-AC,alarm,valid,normal,benign,10.341603518439822,baseline,balanced_scenario:meal_exit:exit_from:ROOM_SECURITY
2026-01-11T12:20:01,E000005116,PA_RADAR_S,RADAR,PROTECTED_AREA,S,PA_RADAR_S,alarm,valid,normal,benign,30.075855347908973,baseline,balanced_scenario:meal_exit:exit_from:ROOM_SECURITY
2026-01-11T12:20:24,E000005117,ACS_S-AC,ACCESS_CTRL,PERIMETER,S-AC,TURNSTILE_S-AC,alarm,valid,normal,benign,12.881135244920262,baseline,balanced_scenario:meal_exit:exit_from:ROOM_SECURITY
2026-01-11T12:27:15,E000005327,ACS_S-AC,ACCESS_CTRL,PERIMETER,S-AC,TURNSTILE_S-AC,alarm,valid,normal,benign,21.69226341555847,baseline,balanced_scenario:meal_return:turnstile_entry
2026-01-11T12:28:04,E000005331,PIR_HALL_MAIN,PIR,INTERIOR,BLDG,HALL_MAIN,alarm,valid,normal,benign,25.552810301904152,baseline,balanced_scenario:meal_return:move_to:ROOM_ADMIN
2026-01-11T12:29:50,E000005342,PIR_ROOM_S_ENTRY,PIR,INTERIOR,BLDG,ROOM_S_ENTRY,alarm,valid,normal,benign,15.312777320464498,baseline,balanced_scenario:meal_return:exit_from:ROOM_ADMIN
2026-01-11T12:31:46,E000005364,ACS_S-AC,ACCESS_CTRL,PERIMETER,S-AC,TURNSTILE_S-AC,alarm,valid,normal,benign,18.91626982044499,baseline,balanced_scenario:meal_return:turnstile_entry
2026-01-11T12:33:33,E000005251,BMS_SKIN_S_DOOR,BMS,SKIN,BLDG,SKIN_S_DOOR,alarm,valid,normal,benign,12.562204076260656,baseline,balanced_scenario:meal_return:exit_from:ROOM_SECURITY
2026-01-11T12:42:30,E000005243,ACS_S-AC,ACCESS_CTRL,PERIMETER,S-AC,TURNSTILE_S-AC,alarm,valid,normal,benign,23.9018631682751,baseline,balanced_scenario:meal_return:exit_from:ROOM_ADMIN
2026-01-11T12:45:09,E000005326,ACS_S-AC,ACCESS_CTRL,PERIMETER,S-AC,TURNSTILE_S-AC,alarm,valid,normal,benign,9.355339633572765,baseline,balanced_scenario:meal_return:exit_from:ROOM_ADMIN
2026-01-11T12:53:45,E000005359,PIR_HALL_MAIN,PIR,INTERIOR,BLDG,HALL_MAIN,alarm,valid,normal,benign,15.748731915907154,baseline,balanced_scenario:meal_return:exit_from:ROOM_SECURITY
2026-01-11T13:01:08,E000005457,BMS_ASSET_DOOR,BMS,ASSET,BLDG,ASSET_ROOM,alarm,valid,normal,benign,10.807498916290314,baseline,balanced_scenario:straggler:move_to:ASSET_ROOM
2026-01-11T13:02:17,E000005284,PA_RADAR_S,RADAR,PROTECTED_AREA,S,PA_RADAR_S,alarm,valid,normal,benign,3.179544012674331,baseline,balanced_scenario:meal_return:exit_from:ROOM_ADMIN
2026-01-11T13:23:06,E000005443,ACS_S-AC,ACCESS_CTRL,PERIMETER,S-AC,TURNSTILE_S-AC,alarm,valid,normal,benign,15.386053813936009,baseline,balanced_scenario:straggler:turnstile_entry
2026-01-11T13:55:53,E000005423,BMS_SKIN_S_DOOR,BMS,SKIN,BLDG,SKIN_S_DOOR,alarm,valid,normal,benign,3.849432341310651,baseline,balanced_scenario:straggler:move_to:ROOM_SECURITY
2026-01-11T14:05:42,E000000000,RADAR_N-0,RADAR,PERIMETER,N-0,PERIM_N-0,alarm,invalid,false_positive,false_positive,7.6287596064555,env,balanced_scenario
2026-01-11T14:05:42,E000000000,RADAR_N-0,RADAR,PERIMETER,N-0,PERIM_N-0,alarm,invalid,false_positive,false_positive,7.6287596064555,env,balanced_scenario
2026-01-11T14:05:42,E000000000,RADAR_N-0,RADAR,PERIMETER,N-0,PERIM_N-0,alarm,invalid,false_positive,false_positive,7.6287596064555,env,balanced_scenario
2026-01-11T14:05:42,E000000000,RADAR_N-0,RADAR,PERIMETER,N-0,PERIM_N-0,alarm,invalid,false_positive,false_positive,7.6287596064555,env,balanced_scenario
2026-01-11T14:05:42,E000000000,RADAR_N-0,RADAR,PERIMETER,N-0,PERIM_N-0,alarm,invalid,false_positive,false_positive,7.6287596064555,env,balanced_scenario
2026-01-11T14:05:42,E000000000,RADAR_N-0,RADAR,PERIMETER,N-0,PERIM_N-0,alarm,invalid,false_positive,false_positive,7.6287596064555,env,balanced_scenario
2026-01-11T14:05:42,E000000000,RADAR_N-0,RADAR,PERIMETER,N-0,PERIM_N-0,alarm,invalid,false_positive,false_positive,7.6287596064555,env,balanced_scenario
2026-01-11T14:05:42,E000000000,RADAR_N-0,RADAR,PERIMETER,N-0,PERIM_N-0,alarm,invalid,false_positive,false_positive,7.6287596064555,env,balanced_scenario
2026-01-11T14:05:42,E000000000,RADAR_N-0,RADAR,PERIMETER,N-0,PERIM_N-0,alarm,invalid,false_positive,false_positive,7.6287596064555,env,balanced_scenario
2026-01-11T14:05:42,E000000000,RADAR_N-0,RADAR,PERIMETER,N-0,PERIM_N-0,alarm,invalid,false_positive,false_positive,7.6287596064555,env,balanced_scenario
2026-01-11T14:05:42,E000000000,RADAR_N-0,RADAR,PERIMETER,N-0,PERIM_N-0,alarm,invalid,false_positive,false_positive,7.6287596064555,env,balanced_scenario
2026-01-11T14:05:42,E000000000,RADAR_N-0,RADAR,PERIMETER,N-0,PERIM_N-0,alarm,invalid,false_positive,false_positive,7.6287596064555,env,balanced_scenario
2026-01-11T14:05:42,E000000000,RADAR_N-0,RADAR,PERIMETER,N-0,PERIM_N-0,alarm,invalid,false_positive,false_positive,7.6287596064555,env,balanced_scenario
2026-01-11T14:05:42,E000000000,RADAR_N-0,RADAR,PERIMETER,N-0,PERIM_N-0,alarm,invalid,false_positive,false_positive,7.6287596064555,env,balanced_scenario
2026-01-11T14:05:42,E000000000,RADAR_N-0,RADAR,PERIMETER,N-0,PERIM_N-0,alarm,invalid,false_positive,false_positive,7.6287596064555,env,balanced_scenario
2026-01-11T14:05:42,E000000000,RADAR_N-0,RADAR,PERIMETER,N-0,PERIM_N-0,alarm,invalid,false_positive,false_positive,7.6287596064555,env,balanced_scenario
2026-01-11T15:52:20,E000004929,PIR_ROOM_SECURITY,PIR,INTERIOR,BLDG,ROOM_SECURITY,alarm,valid,normal,benign,23.002119109511366,baseline,balanced_scenario:shift_out:move_to:ROOM_SECURITY
2026-01-11T15:58:59,E000004639,ACS_S-AC,ACCESS_CTRL,PERIMETER,S-AC,TURNSTILE_S-AC,alarm,valid,normal,benign,3.819349870325045,baseline,balanced_scenario:shift_out:turnstile_entry
2026-01-11T16:04:31,E000004732,PIR_ROOM_SECURITY,PIR,INTERIOR,BLDG,ROOM_SECURITY,alarm,valid,normal,benign,12.045225872795871,baseline,balanced_scenario:shift_out:move_to:ROOM_SECURITY
2026-01-11T16:09:32,E000004800,PA_RADAR_S,RADAR,PROTECTED_AREA,S,PA_RADAR_S,alarm,valid,normal,benign,0.0,baseline,balanced_scenario:shift_out:move_to:ASSET_ROOM
2026-01-11T16:10:23,E000004850,ACS_S-AC,ACCESS_CTRL,PERIMETER,S-AC,TURNSTILE_S-AC,alarm,valid,normal,benign,14.424316624570768,baseline,balanced_scenario:shift_out:turnstile_entry
2026-01-11T16:19:59,E000004906,PIR_HALL_MAIN,PIR,INTERIOR,BLDG,HALL_MAIN,alarm,valid,normal,benign,22.955491917099376,baseline,balanced_scenario:shift_out:move_to:ROOM_ADMIN
2026-01-11T16:24:43,E000004779,ACS_S-AC,ACCESS_CTRL,PERIMETER,S-AC,TURNSTILE_S-AC,alarm,valid,normal,benign,15.794216654611736,baseline,balanced_scenario:shift_out:turnstile_entry
2026-01-11T16:24:49,E000004843,PIR_ROOM_S_ENTRY,PIR,INTERIOR,BLDG,ROOM_S_ENTRY,alarm,valid,normal,benign,20.54666500407954,baseline,balanced_scenario:shift_out:move_to:ROOM_SECURITY
2026-01-11T16:25:25,E000004960,PIR_HALL_MAIN,PIR,INTERIOR,BLDG,HALL_MAIN,alarm,valid,normal,benign,20.67554593363697,baseline,balanced_scenario:shift_out:move_to:ROOM_ADMIN
2026-01-11T16:27:47,E000004974,ACS_S-AC,ACCESS_CTRL,PERIMETER,S-AC,TURNSTILE_S-AC,alarm,valid,normal,benign,18.889280198392655,baseline,balanced_scenario:shift_out:turnstile_entry
2026-01-11T16:30:17,E000004570,PIR_HALL_MAIN,PIR,INTERIOR,BLDG,HALL_MAIN,alarm,valid,normal,benign,16.44930103572893,baseline,balanced_scenario:shift_out:move_to:ROOM_SECURITY
2026-01-11T16:30:47,E000004861,ACS_S-AC,ACCESS_CTRL,PERIMETER,S-AC,TURNSTILE_S-AC,alarm,valid,normal,benign,16.860656570181384,baseline,balanced_scenario:shift_out:turnstile_entry
2026-01-11T16:30:57,E000004763,PIR_ROOM_ADMIN,PIR,INTERIOR,BLDG,ROOM_ADMIN,alarm,valid,normal,benign,11.606499187436365,baseline,balanced_scenario:shift_out:move_to:ROOM_ADMIN
2026-01-11T16:31:56,E000004865,PIR_HALL_MAIN,PIR,INTERIOR,BLDG,HALL_MAIN,alarm,valid,normal,benign,3.555059416598521,baseline,balanced_scenario:shift_out:move_to:ROOM_SECURITY
2026-01-11T16:36:03,E000004738,ACS_S-AC,ACCESS_CTRL,PERIMETER,S-AC,TURNSTILE_S-AC,alarm,valid,normal,benign,15.078573532384732,baseline,balanced_scenario:shift_out:turnstile_entry
2026-01-11T16:36:26,E000004889,PIR_ROOM_S_ENTRY,PIR,INTERIOR,BLDG,ROOM_S_ENTRY,alarm,valid,normal,benign,18.212060820810567,baseline,balanced_scenario:shift_out:exit_from:ROOM_ADMIN
2026-01-11T16:38:39,E000004562,PIR_ROOM_ADMIN,PIR,INTERIOR,BLDG,ROOM_ADMIN,alarm,valid,normal,benign,16.411369303650314,baseline,balanced_scenario:shift_out:move_to:ROOM_ADMIN
2026-01-11T16:39:30,E000004764,PIR_HALL_MAIN,PIR,INTERIOR,BLDG,HALL_MAIN,alarm,valid,normal,benign,10.744624666713772,baseline,balanced_scenario:shift_out:exit_from:ROOM_ADMIN
2026-01-11T16:40:52,E000004768,ACS_S-AC,ACCESS_CTRL,PERIMETER,S-AC,TURNSTILE_S-AC,alarm,valid,normal,benign,25.523342414666864,baseline,balanced_scenario:shift_out:exit_from:ROOM_ADMIN
2026-01-11T16:44:57,E000004970,PIR_ROOM_ADMIN,PIR,INTERIOR,BLDG,ROOM_ADMIN,alarm,valid,normal,benign,9.571825196335123,baseline,balanced_scenario:shift_out:move_to:ROOM_ADMIN
2026-01-11T16:47:35,E000004626,PA_RADAR_S,RADAR,PROTECTED_AREA,S,PA_RADAR_S,alarm,valid,normal,benign,3.7255093106254247,baseline,balanced_scenario:shift_out:exit_from:ROOM_SECURITY
2026-01-11T16:48:15,E000004627,ACS_S-AC,ACCESS_CTRL,PERIMETER,S-AC,TURNSTILE_S-AC,alarm,valid,normal,benign,6.870866776584208,baseline,balanced_scenario:shift_out:exit_from:ROOM_SECURITY
2026-01-11T16:54:40,E000004994,ACS_S-AC,ACCESS_CTRL,PERIMETER,S-AC,TURNSTILE_S-AC,alarm,valid,normal,benign,23.29535979598758,baseline,balanced_scenario:shift_out:exit_from:ROOM_ADMIN
2026-01-11T16:56:31,E000004822,PIR_ROOM_S_ENTRY,PIR,INTERIOR,BLDG,ROOM_S_ENTRY,alarm,valid,normal,benign,29.37504853758935,baseline,balanced_scenario:shift_out:move_to:ROOM_ADMIN
2026-01-11T16:57:07,E000004823,PIR_HALL_MAIN,PIR,INTERIOR,BLDG,HALL_MAIN,alarm,valid,normal,benign,15.492019832207628,baseline,balanced_scenario:shift_out:move_to:ROOM_ADMIN
2026-01-11T17:02:04,E000004815,PIR_ROOM_S_ENTRY,PIR,INTERIOR,BLDG,ROOM_S_ENTRY,alarm,valid,normal,benign,9.474781012543357,baseline,balanced_scenario:shift_out:exit_from:ROOM_SECURITY
2026-01-11T17:03:43,E000004776,PIR_ROOM_S_ENTRY,PIR,INTERIOR,BLDG,ROOM_S_ENTRY,alarm,valid,normal,benign,17.027543955201057,baseline,balanced_scenario:shift_out:exit_from:ROOM_SECURITY
2026-01-11T17:04:42,E000004698,PIR_ROOM_S_ENTRY,PIR,INTERIOR,BLDG,ROOM_S_ENTRY,alarm,valid,normal,benign,14.761324302724764,baseline,balanced_scenario:shift_out:move_to:ROOM_ADMIN
2026-01-11T17:07:33,E000004973,ACS_S-AC,ACCESS_CTRL,PERIMETER,S-AC,TURNSTILE_S-AC,alarm,valid,normal,benign,13.501303228303211,baseline,balanced_scenario:shift_out:exit_from:ROOM_ADMIN
2026-01-11T17:08:12,E000004998,PIR_ROOM_S_ENTRY,PIR,INTERIOR,BLDG,ROOM_S_ENTRY,alarm,valid,normal,benign,14.646945410133405,baseline,balanced_scenario:shift_out:move_to:ROOM_ADMIN
2026-01-11T17:26:41,E000004638,ACS_S-AC,ACCESS_CTRL,PERIMETER,S-AC,TURNSTILE_S-AC,alarm,valid,normal,benign,20.170274772044074,baseline,balanced_scenario:shift_out:exit_from:ROOM_SECURITY
2026-01-11T17:38:34,E000004723,PIR_ROOM_S_ENTRY,PIR,INTERIOR,BLDG,ROOM_S_ENTRY,alarm,valid,normal,benign,10.441570394929084,baseline,balanced_scenario:shift_out:exit_from:ROOM_ADMIN
2026-01-11T18:01:48,E000000033,PIR_ROOM_ADMIN,PIR,INTERIOR,BLDG,ROOM_ADMIN,alarm,invalid,false_positive,false_positive,29.75689172408645,env,balanced_scenario
2026-01-11T18:01:48,E000000033,PIR_ROOM_ADMIN,PIR,INTERIOR,BLDG,ROOM_ADMIN,alarm,invalid,false_positive,false_positive,29.75689172408645,env,balanced_scenario
2026-01-11T18:01:48,E000000033,PIR_ROOM_ADMIN,PIR,INTERIOR,BLDG,ROOM_ADMIN,alarm,invalid,false_positive,false_positive,29.75689172408645,env,balanced_scenario
2026-01-11T18:01:48,E000000033,PIR_ROOM_ADMIN,PIR,INTERIOR,BLDG,ROOM_ADMIN,alarm,invalid,false_positive,false_positive,29.75689172408645,env,balanced_scenario
2026-01-11T18:01:48,E000000033,PIR_ROOM_ADMIN,PIR,INTERIOR,BLDG,ROOM_ADMIN,alarm,invalid,false_positive,false_positive,29.75689172408645,env,balanced_scenario
2026-01-11T18:01:48,E000000033,PIR_ROOM_ADMIN,PIR,INTERIOR,BLDG,ROOM_ADMIN,alarm,invalid,false_positive,false_positive,29.75689172408645,env,balanced_scenario
2026-01-11T18:01:48,E000000033,PIR_ROOM_ADMIN,PIR,INTERIOR,BLDG,ROOM_ADMIN,alarm,invalid,false_positive,false_positive,29.75689172408645,env,balanced_scenario
2026-01-11T18:01:48,E000000033,PIR_ROOM_ADMIN,PIR,INTERIOR,BLDG,ROOM_ADMIN,alarm,invalid,false_positive,false_positive,29.75689172408645,env,balanced_scenario
2026-01-11T18:01:48,E000000033,PIR_ROOM_ADMIN,PIR,INTERIOR,BLDG,ROOM_ADMIN,alarm,invalid,false_positive,false_positive,29.75689172408645,env,balanced_scenario
2026-01-11T18:01:48,E000000033,PIR_ROOM_ADMIN,PIR,INTERIOR,BLDG,ROOM_ADMIN,alarm,invalid,false_positive,false_positive,29.75689172408645,env,balanced_scenario
2026-01-11T18:01:48,E000000033,PIR_ROOM_ADMIN,PIR,INTERIOR,BLDG,ROOM_ADMIN,alarm,invalid,false_positive,false_positive,29.75689172408645,env,balanced_scenario
2026-01-11T18:01:48,E000000033,PIR_ROOM_ADMIN,PIR,INTERIOR,BLDG,ROOM_ADMIN,alarm,invalid,false_positive,false_positive,29.75689172408645,env,balanced_scenario
2026-01-11T18:01:48,E000000033,PIR_ROOM_ADMIN,PIR,INTERIOR,BLDG,ROOM_ADMIN,alarm,invalid,false_positive,false_positive,29.75689172408645,env,balanced_scenario
2026-01-11T18:01:48,E000000033,PIR_ROOM_ADMIN,PIR,INTERIOR,BLDG,ROOM_ADMIN,alarm,invalid,false_positive,false_positive,29.75689172408645,env,balanced_scenario
2026-01-11T18:01:48,E000000033,PIR_ROOM_ADMIN,PIR,INTERIOR,BLDG,ROOM_ADMIN,alarm,invalid,false_positive,false_positive,29.75689172408645,env,balanced_scenario
2026-01-11T18:01:48,E000000033,PIR_ROOM_ADMIN,PIR,INTERIOR,BLDG,ROOM_ADMIN,alarm,invalid,false_positive,false_positive,29.75689172408645,env,balanced_scenario
2026-01-11T18:01:48,E000000033,PIR_ROOM_ADMIN,PIR,INTERIOR,BLDG,ROOM_ADMIN,alarm,invalid,false_positive,false_positive,29.75689172408645,env,balanced_scenario
2026-01-11T18:01:48,E000000033,PIR_ROOM_ADMIN,PIR,INTERIOR,BLDG,ROOM_ADMIN,alarm,invalid,false_positive,false_positive,29.75689172408645,env,balanced_scenario
2026-01-11T19:38:40,E000000025,PA_RADAR_W,RADAR,PROTECTED_AREA,W,PA_RADAR_W,alarm,valid,false_positive,false_positive,18.034134286854066,env,balanced_scenario
2026-01-11T19:38:40,E000000025,PA_RADAR_W,RADAR,PROTECTED_AREA,W,PA_RADAR_W,alarm,valid,false_positive,false_positive,18.034134286854066,env,balanced_scenario
2026-01-11T19:38:40,E000000025,PA_RADAR_W,RADAR,PROTECTED_AREA,W,PA_RADAR_W,alarm,valid,false_positive,false_positive,18.034134286854066,env,balanced_scenario
2026-01-11T19:38:40,E000000025,PA_RADAR_W,RADAR,PROTECTED_AREA,W,PA_RADAR_W,alarm,valid,false_positive,false_positive,18.034134286854066,env,balanced_scenario
2026-01-11T19:38:40,E000000025,PA_RADAR_W,RADAR,PROTECTED_AREA,W,PA_RADAR_W,alarm,valid,false_positive,false_positive,18.034134286854066,env,balanced_scenario
2026-01-11T19:38:40,E000000025,PA_RADAR_W,RADAR,PROTECTED_AREA,W,PA_RADAR_W,alarm,valid,false_positive,false_positive,18.034134286854066,env,balanced_scenario
2026-01-11T19:38:40,E000000025,PA_RADAR_W,RADAR,PROTECTED_AREA,W,PA_RADAR_W,alarm,valid,false_positive,false_positive,18.034134286854066,env,balanced_scenario
2026-01-11T19:38:40,E000000025,PA_RADAR_W,RADAR,PROTECTED_AREA,W,PA_RADAR_W,alarm,valid,false_positive,false_positive,18.034134286854066,env,balanced_scenario
2026-01-11T19:38:40,E000000025,PA_RADAR_W,RADAR,PROTECTED_AREA,W,PA_RADAR_W,alarm,valid,false_positive,false_positive,18.034134286854066,env,balanced_scenario
2026-01-11T19:38:40,E000000025,PA_RADAR_W,RADAR,PROTECTED_AREA,W,PA_RADAR_W,alarm,valid,false_positive,false_positive,18.034134286854066,env,balanced_scenario
2026-01-11T19:38:40,E000000025,PA_RADAR_W,RADAR,PROTECTED_AREA,W,PA_RADAR_W,alarm,valid,false_positive,false_positive,18.034134286854066,env,balanced_scenario
2026-01-11T22:02:27,E000000007,RADAR_E-0,RADAR,PERIMETER,E-0,PERIM_E-0,alarm,valid,false_positive,false_positive,19.721768248051735,env,balanced_scenario
2026-01-11T22:02:27,E000000007,RADAR_E-0,RADAR,PERIMETER,E-0,PERIM_E-0,alarm,valid,false_positive,false_positive,19.721768248051735,env,balanced_scenario
2026-01-11T22:02:27,E000000007,RADAR_E-0,RADAR,PERIMETER,E-0,PERIM_E-0,alarm,valid,false_positive,false_positive,19.721768248051735,env,balanced_scenario
2026-01-11T22:02:27,E000000007,RADAR_E-0,RADAR,PERIMETER,E-0,PERIM_E-0,alarm,valid,false_positive,false_positive,19.721768248051735,env,balanced_scenario
2026-01-11T22:02:27,E000000007,RADAR_E-0,RADAR,PERIMETER,E-0,PERIM_E-0,alarm,valid,false_positive,false_positive,19.721768248051735,env,balanced_scenario
2026-01-11T22:02:27,E000000007,RADAR_E-0,RADAR,PERIMETER,E-0,PERIM_E-0,alarm,valid,false_positive,false_positive,19.721768248051735,env,balanced_scenario
2026-01-11T22:02:27,E000000007,RADAR_E-0,RADAR,PERIMETER,E-0,PERIM_E-0,alarm,valid,false_positive,false_positive,19.721768248051735,env,balanced_scenario
2026-01-11T22:02:27,E000000007,RADAR_E-0,RADAR,PERIMETER,E-0,PERIM_E-0,alarm,valid,false_positive,false_positive,19.721768248051735,env,balanced_scenario
2026-01-11T22:02:27,E000000007,RADAR_E-0,RADAR,PERIMETER,E-0,PERIM_E-0,alarm,valid,false_positive,false_positive,19.721768248051735,env,balanced_scenario
2026-01-11T22:02:27,E000000007,RADAR_E-0,RADAR,PERIMETER,E-0,PERIM_E-0,alarm,valid,false_positive,false_positive,19.721768248051735,env,balanced_scenario
2026-01-11T22:02:27,E000000007,RADAR_E-0,RADAR,PERIMETER,E-0,PERIM_E-0,alarm,valid,false_positive,false_positive,19.721768248051735,env,balanced_scenario
2026-01-11T22:02:27,E000000007,RADAR_E-0,RADAR,PERIMETER,E-0,PERIM_E-0,alarm,valid,false_positive,false_positive,19.721768248051735,env,balanced_scenario
2026-01-11T22:02:27,E000000007,RADAR_E-0,RADAR,PERIMETER,E-0,PERIM_E-0,alarm,valid,false_positive,false_positive,19.721768248051735,env,balanced_scenario
2026-01-11T22:02:27,E000000007,RADAR_E-0,RADAR,PERIMETER,E-0,PERIM_E-0,alarm,valid,false_positive,false_positive,19.721768248051735,env,balanced_scenario
2026-01-11T22:02:27,E000000007,RADAR_E-0,RADAR,PERIMETER,E-0,PERIM_E-0,alarm,valid,false_positive,false_positive,19.721768248051735,env,balanced_scenario
2026-01-11T22:04:08,E000000012,RADAR_E-1,RADAR,PERIMETER,E-1,PERIM_E-1,alarm,invalid,false_positive,false_positive,27.615759725995275,env,balanced_scenario
2026-01-11T22:04:08,E000000012,RADAR_E-1,RADAR,PERIMETER,E-1,PERIM_E-1,alarm,invalid,false_positive,false_positive,27.615759725995275,env,balanced_scenario
2026-01-11T22:04:08,E000000012,RADAR_E-1,RADAR,PERIMETER,E-1,PERIM_E-1,alarm,invalid,false_positive,false_positive,27.615759725995275,env,balanced_scenario
2026-01-11T22:04:08,E000000012,RADAR_E-1,RADAR,PERIMETER,E-1,PERIM_E-1,alarm,invalid,false_positive,false_positive,27.615759725995275,env,balanced_scenario
2026-01-11T22:04:08,E000000012,RADAR_E-1,RADAR,PERIMETER,E-1,PERIM_E-1,alarm,invalid,false_positive,false_positive,27.615759725995275,env,balanced_scenario
2026-01-11T22:04:08,E000000012,RADAR_E-1,RADAR,PERIMETER,E-1,PERIM_E-1,alarm,invalid,false_positive,false_positive,27.615759725995275,env,balanced_scenario
2026-01-11T22:04:08,E000000012,RADAR_E-1,RADAR,PERIMETER,E-1,PERIM_E-1,alarm,invalid,false_positive,false_positive,27.615759725995275,env,balanced_scenario
2026-01-11T22:04:08,E000000012,RADAR_E-1,RADAR,PERIMETER,E-1,PERIM_E-1,alarm,invalid,false_positive,false_positive,27.615759725995275,env,balanced_scenario
2026-01-11T22:04:08,E000000012,RADAR_E-1,RADAR,PERIMETER,E-1,PERIM_E-1,alarm,invalid,false_positive,false_positive,27.615759725995275,env,balanced_scenario
2026-01-11T22:04:08,E000000012,RADAR_E-1,RADAR,PERIMETER,E-1,PERIM_E-1,alarm,invalid,false_positive,false_positive,27.615759725995275,env,balanced_scenario
2026-01-12T00:55:34,E000000021,PA_RADAR_S,RADAR,PROTECTED_AREA,S,PA_RADAR_S,alarm,invalid,false_positive,false_positive,16.723892534024145,env,balanced_scenario
2026-01-12T00:55:34,E000000021,PA_RADAR_S,RADAR,PROTECTED_AREA,S,PA_RADAR_S,alarm,invalid,false_positive,false_positive,16.723892534024145,env,balanced_scenario
2026-01-12T00:55:34,E000000021,PA_RADAR_S,RADAR,PROTECTED_AREA,S,PA_RADAR_S,alarm,invalid,false_positive,false_positive,16.723892534024145,env,balanced_scenario
2026-01-12T00:55:34,E000000021,PA_RADAR_S,RADAR,PROTECTED_AREA,S,PA_RADAR_S,alarm,invalid,false_positive,false_positive,16.723892534024145,env,balanced_scenario
2026-01-12T00:55:34,E000000021,PA_RADAR_S,RADAR,PROTECTED_AREA,S,PA_RADAR_S,alarm,invalid,false_positive,false_positive,16.723892534024145,env,balanced_scenario
2026-01-12T00:55:34,E000000021,PA_RADAR_S,RADAR,PROTECTED_AREA,S,PA_RADAR_S,alarm,invalid,false_positive,false_positive,16.723892534024145,env,balanced_scenario
2026-01-12T00:55:34,E000000021,PA_RADAR_S,RADAR,PROTECTED_AREA,S,PA_RADAR_S,alarm,invalid,false_positive,false_positive,16.723892534024145,env,balanced_scenario
2026-01-12T00:55:34,E000000021,PA_RADAR_S,RADAR,PROTECTED_AREA,S,PA_RADAR_S,alarm,invalid,false_positive,false_positive,16.723892534024145,env,balanced_scenario
2026-01-12T00:55:34,E000000021,PA_RADAR_S,RADAR,PROTECTED_AREA,S,PA_RADAR_S,alarm,invalid,false_positive,false_positive,16.723892534024145,env,balanced_scenario
2026-01-12T00:55:34,E000000021,PA_RADAR_S,RADAR,PROTECTED_AREA,S,PA_RADAR_S,alarm,invalid,false_positive,false_positive,16.723892534024145,env,balanced_scenario
2026-01-12T03:17:55,E000000008,RADAR_E-0,RADAR,PERIMETER,E-0,PERIM_E-0,alarm,invalid,false_positive,false_positive,20.035426800776552,env,balanced_scenario
2026-01-12T03:17:55,E000000008,RADAR_E-0,RADAR,PERIMETER,E-0,PERIM_E-0,alarm,invalid,false_positive,false_positive,20.035426800776552,env,balanced_scenario
2026-01-12T03:17:55,E000000008,RADAR_E-0,RADAR,PERIMETER,E-0,PERIM_E-0,alarm,invalid,false_positive,false_positive,20.035426800776552,env,balanced_scenario
2026-01-12T03:17:55,E000000008,RADAR_E-0,RADAR,PERIMETER,E-0,PERIM_E-0,alarm,invalid,false_positive,false_positive,20.035426800776552,env,balanced_scenario
2026-01-12T03:17:55,E000000008,RADAR_E-0,RADAR,PERIMETER,E-0,PERIM_E-0,alarm,invalid,false_positive,false_positive,20.035426800776552,env,balanced_scenario
2026-01-12T03:17:55,E000000008,RADAR_E-0,RADAR,PERIMETER,E-0,PERIM_E-0,alarm,invalid,false_positive,false_positive,20.035426800776552,env,balanced_scenario
2026-01-12T03:17:55,E000000008,RADAR_E-0,RADAR,PERIMETER,E-0,PERIM_E-0,alarm,invalid,false_positive,false_positive,20.035426800776552,env,balanced_scenario
2026-01-12T03:17:55,E000000008,RADAR_E-0,RADAR,PERIMETER,E-0,PERIM_E-0,alarm,invalid,false_positive,false_positive,20.035426800776552,env,balanced_scenario
2026-01-12T03:17:55,E000000008,RADAR_E-0,RADAR,PERIMETER,E-0,PERIM_E-0,alarm,invalid,false_positive,false_positive,20.035426800776552,env,balanced_scenario
2026-01-12T03:17:55,E000000008,RADAR_E-0,RADAR,PERIMETER,E-0,PERIM_E-0,alarm,invalid,false_positive,false_positive,20.035426800776552,env,balanced_scenario
2026-01-12T03:17:55,E000000008,RADAR_E-0,RADAR,PERIMETER,E-0,PERIM_E-0,alarm,invalid,false_positive,false_positive,20.035426800776552,env,balanced_scenario
2026-01-12T04:08:31,E000000014,FENCE_DISTURB_S-1,FENCE_DISTURB,PERIMETER,S-1,PERIM_S-1,alarm,invalid,false_positive,false_positive,22.8142840460426,env,balanced_scenario
2026-01-12T04:08:31,E000000014,FENCE_DISTURB_S-1,FENCE_DISTURB,PERIMETER,S-1,PERIM_S-1,alarm,invalid,false_positive,false_positive,22.8142840460426,env,balanced_scenario
2026-01-12T04:08:31,E000000014,FENCE_DISTURB_S-1,FENCE_DISTURB,PERIMETER,S-1,PERIM_S-1,alarm,invalid,false_positive,false_positive,22.8142840460426,env,balanced_scenario
2026-01-12T04:08:31,E000000014,FENCE_DISTURB_S-1,FENCE_DISTURB,PERIMETER,S-1,PERIM_S-1,alarm,invalid,false_positive,false_positive,22.8142840460426,env,balanced_scenario
2026-01-12T04:08:31,E000000014,FENCE_DISTURB_S-1,FENCE_DISTURB,PERIMETER,S-1,PERIM_S-1,alarm,invalid,false_positive,false_positive,22.8142840460426,env,balanced_scenario
2026-01-12T04:08:31,E000000014,FENCE_DISTURB_S-1,FENCE_DISTURB,PERIMETER,S-1,PERIM_S-1,alarm,invalid,false_positive,false_positive,22.8142840460426,env,balanced_scenario
2026-01-12T04:08:31,E000000014,FENCE_DISTURB_S-1,FENCE_DISTURB,PERIMETER,S-1,PERIM_S-1,alarm,invalid,false_positive,false_positive,22.8142840460426,env,balanced_scenario
2026-01-12T04:08:31,E000000014,FENCE_DISTURB_S-1,FENCE_DISTURB,PERIMETER,S-1,PERIM_S-1,alarm,invalid,false_positive,false_positive,22.8142840460426,env,balanced_scenario
2026-01-12T04:08:31,E000000014,FENCE_DISTURB_S-1,FENCE_DISTURB,PERIMETER,S-1,PERIM_S-1,alarm,invalid,false_positive,false_positive,22.8142840460426,env,balanced_scenario
2026-01-12T04:08:31,E000000014,FENCE_DISTURB_S-1,FENCE_DISTURB,PERIMETER,S-1,PERIM_S-1,alarm,invalid,false_positive,false_positive,22.8142840460426,env,balanced_scenario
2026-01-12T04:08:31,E000000014,FENCE_DISTURB_S-1,FENCE_DISTURB,PERIMETER,S-1,PERIM_S-1,alarm,invalid,false_positive,false_positive,22.8142840460426,env,balanced_scenario
2026-01-12T04:08:31,E000000014,FENCE_DISTURB_S-1,FENCE_DISTURB,PERIMETER,S-1,PERIM_S-1,alarm,invalid,false_positive,false_positive,22.8142840460426,env,balanced_scenario
2026-01-12T04:08:31,E000000014,FENCE_DISTURB_S-1,FENCE_DISTURB,PERIMETER,S-1,PERIM_S-1,alarm,invalid,false_positive,false_positive,22.8142840460426,env,balanced_scenario
2026-01-12T04:08:31,E000000014,FENCE_DISTURB_S-1,FENCE_DISTURB,PERIMETER,S-1,PERIM_S-1,alarm,invalid,false_positive,false_positive,22.8142840460426,env,balanced_scenario
2026-01-12T04:08:31,E000000014,FENCE_DISTURB_S-1,FENCE_DISTURB,PERIMETER,S-1,PERIM_S-1,alarm,invalid,false_positive,false_positive,22.8142840460426,env,balanced_scenario
2026-01-12T04:08:31,E000000014,FENCE_DISTURB_S-1,FENCE_DISTURB,PERIMETER,S-1,PERIM_S-1,alarm,invalid,false_positive,false_positive,22.8142840460426,env,balanced_scenario
2026-01-12T04:08:31,E000000014,FENCE_DISTURB_S-1,FENCE_DISTURB,PERIMETER,S-1,PERIM_S-1,alarm,invalid,false_positive,false_positive,22.8142840460426,env,balanced_scenario
2026-01-12T04:15:53,E000006822,FENCE_DISTURB_N-1,FENCE_DISTURB,PERIMETER,N-1,PERIM_N-1,alarm,intrusion,intrusion:attack_01:step_00:PERIM_N-1,intrusion,9.202682804030708,adversary,balanced_scenario:attack
2026-01-12T04:15:53,E000006822,FENCE_DISTURB_N-1,FENCE_DISTURB,PERIMETER,N-1,PERIM_N-1,alarm,intrusion,intrusion:attack_01:step_00:PERIM_N-1,intrusion,9.202682804030708,adversary,balanced_scenario:attack
2026-01-12T04:15:53,E000006822,FENCE_DISTURB_N-1,FENCE_DISTURB,PERIMETER,N-1,PERIM_N-1,alarm,intrusion,intrusion:attack_01:step_00:PERIM_N-1,intrusion,9.202682804030708,adversary,balanced_scenario:attack
2026-01-12T04:15:53,E000006822,FENCE_DISTURB_N-1,FENCE_DISTURB,PERIMETER,N-1,PERIM_N-1,alarm,intrusion,intrusion:attack_01:step_00:PERIM_N-1,intrusion,9.202682804030708,adversary,balanced_scenario:attack
2026-01-12T04:15:53,E000006822,FENCE_DISTURB_N-1,FENCE_DISTURB,PERIMETER,N-1,PERIM_N-1,alarm,intrusion,intrusion:attack_01:step_00:PERIM_N-1,intrusion,9.202682804030708,adversary,balanced_scenario:attack
2026-01-12T04:15:53,E000006822,FENCE_DISTURB_N-1,FENCE_DISTURB,PERIMETER,N-1,PERIM_N-1,alarm,intrusion,intrusion:attack_01:step_00:PERIM_N-1,intrusion,9.202682804030708,adversary,balanced_scenario:attack
2026-01-12T04:15:53,E000006822,FENCE_DISTURB_N-1,FENCE_DISTURB,PERIMETER,N-1,PERIM_N-1,alarm,intrusion,intrusion:attack_01:step_00:PERIM_N-1,intrusion,9.202682804030708,adversary,balanced_scenario:attack
2026-01-12T04:15:53,E000006822,FENCE_DISTURB_N-1,FENCE_DISTURB,PERIMETER,N-1,PERIM_N-1,alarm,intrusion,intrusion:attack_01:step_00:PERIM_N-1,intrusion,9.202682804030708,adversary,balanced_scenario:attack
2026-01-12T04:15:53,E000006822,FENCE_DISTURB_N-1,FENCE_DISTURB,PERIMETER,N-1,PERIM_N-1,alarm,intrusion,intrusion:attack_01:step_00:PERIM_N-1,intrusion,9.202682804030708,adversary,balanced_scenario:attack
2026-01-12T04:15:53,E000006822,FENCE_DISTURB_N-1,FENCE_DISTURB,PERIMETER,N-1,PERIM_N-1,alarm,intrusion,intrusion:attack_01:step_00:PERIM_N-1,intrusion,9.202682804030708,adversary,balanced_scenario:attack
2026-01-12T04:15:53,E000006822,FENCE_DISTURB_N-1,FENCE_DISTURB,PERIMETER,N-1,PERIM_N-1,alarm,intrusion,intrusion:attack_01:step_00:PERIM_N-1,intrusion,9.202682804030708,adversary,balanced_scenario:attack
2026-01-12T04:15:53,E000006822,FENCE_DISTURB_N-1,FENCE_DISTURB,PERIMETER,N-1,PERIM_N-1,alarm,intrusion,intrusion:attack_01:step_00:PERIM_N-1,intrusion,9.202682804030708,adversary,balanced_scenario:attack
2026-01-12T04:15:53,E000006822,FENCE_DISTURB_N-1,FENCE_DISTURB,PERIMETER,N-1,PERIM_N-1,alarm,intrusion,intrusion:attack_01:step_00:PERIM_N-1,intrusion,9.202682804030708,adversary,balanced_scenario:attack
2026-01-12T04:15:53,E000006822,FENCE_DISTURB_N-1,FENCE_DISTURB,PERIMETER,N-1,PERIM_N-1,alarm,intrusion,intrusion:attack_01:step_00:PERIM_N-1,intrusion,9.202682804030708,adversary,balanced_scenario:attack
2026-01-12T04:15:53,E000006822,FENCE_DISTURB_N-1,FENCE_DISTURB,PERIMETER,N-1,PERIM_N-1,alarm,intrusion,intrusion:attack_01:step_00:PERIM_N-1,intrusion,9.202682804030708,adversary,balanced_scenario:attack
2026-01-12T04:15:53,E000006822,FENCE_DISTURB_N-1,FENCE_DISTURB,PERIMETER,N-1,PERIM_N-1,alarm,intrusion,intrusion:attack_01:step_00:PERIM_N-1,intrusion,9.202682804030708,adversary,balanced_scenario:attack
2026-01-12T04:15:53,E000006822,FENCE_DISTURB_N-1,FENCE_DISTURB,PERIMETER,N-1,PERIM_N-1,alarm,intrusion,intrusion:attack_01:step_00:PERIM_N-1,intrusion,9.202682804030708,adversary,balanced_scenario:attack
2026-01-12T04:15:53,E000006822,FENCE_DISTURB_N-1,FENCE_DISTURB,PERIMETER,N-1,PERIM_N-1,alarm,intrusion,intrusion:attack_01:step_00:PERIM_N-1,intrusion,9.202682804030708,adversary,balanced_scenario:attack
2026-01-12T04:15:53,E000006822,FENCE_DISTURB_N-1,FENCE_DISTURB,PERIMETER,N-1,PERIM_N-1,alarm,intrusion,intrusion:attack_01:step_00:PERIM_N-1,intrusion,9.202682804030708,adversary,balanced_scenario:attack
2026-01-12T04:15:53,E000006822,FENCE_DISTURB_N-1,FENCE_DISTURB,PERIMETER,N-1,PERIM_N-1,alarm,intrusion,intrusion:attack_01:step_00:PERIM_N-1,intrusion,9.202682804030708,adversary,balanced_scenario:attack
2026-01-12T04:15:53,E000006822,FENCE_DISTURB_N-1,FENCE_DISTURB,PERIMETER,N-1,PERIM_N-1,alarm,intrusion,intrusion:attack_01:step_00:PERIM_N-1,intrusion,9.202682804030708,adversary,balanced_scenario:attack
2026-01-12T04:15:53,E000006822,FENCE_DISTURB_N-1,FENCE_DISTURB,PERIMETER,N-1,PERIM_N-1,alarm,intrusion,intrusion:attack_01:step_00:PERIM_N-1,intrusion,9.202682804030708,adversary,balanced_scenario:attack
2026-01-12T04:15:53,E000006822,FENCE_DISTURB_N-1,FENCE_DISTURB,PERIMETER,N-1,PERIM_N-1,alarm,intrusion,intrusion:attack_01:step_00:PERIM_N-1,intrusion,9.202682804030708,adversary,balanced_scenario:attack
2026-01-12T04:15:53,E000006822,FENCE_DISTURB_N-1,FENCE_DISTURB,PERIMETER,N-1,PERIM_N-1,alarm,intrusion,intrusion:attack_01:step_00:PERIM_N-1,intrusion,9.202682804030708,adversary,balanced_scenario:attack
2026-01-12T04:15:53,E000006822,FENCE_DISTURB_N-1,FENCE_DISTURB,PERIMETER,N-1,PERIM_N-1,alarm,intrusion,intrusion:attack_01:step_00:PERIM_N-1,intrusion,9.202682804030708,adversary,balanced_scenario:attack
2026-01-12T04:15:53,E000006822,FENCE_DISTURB_N-1,FENCE_DISTURB,PERIMETER,N-1,PERIM_N-1,alarm,intrusion,intrusion:attack_01:step_00:PERIM_N-1,intrusion,9.202682804030708,adversary,balanced_scenario:attack
2026-01-12T04:15:53,E000006822,FENCE_DISTURB_N-1,FENCE_DISTURB,PERIMETER,N-1,PERIM_N-1,alarm,intrusion,intrusion:attack_01:step_00:PERIM_N-1,intrusion,9.202682804030708,adversary,balanced_scenario:attack
2026-01-12T04:15:53,E000006822,FENCE_DISTURB_N-1,FENCE_DISTURB,PERIMETER,N-1,PERIM_N-1,alarm,intrusion,intrusion:attack_01:step_00:PERIM_N-1,intrusion,9.202682804030708,adversary,balanced_scenario:attack
2026-01-12T04:15:53,E000006822,FENCE_DISTURB_N-1,FENCE_DISTURB,PERIMETER,N-1,PERIM_N-1,alarm,intrusion,intrusion:attack_01:step_00:PERIM_N-1,intrusion,9.202682804030708,adversary,balanced_scenario:attack
2026-01-12T04:15:53,E000006822,FENCE_DISTURB_N-1,FENCE_DISTURB,PERIMETER,N-1,PERIM_N-1,alarm,intrusion,intrusion:attack_01:step_00:PERIM_N-1,intrusion,9.202682804030708,adversary,balanced_scenario:attack
2026-01-12T04:15:53,E000006822,FENCE_DISTURB_N-1,FENCE_DISTURB,PERIMETER,N-1,PERIM_N-1,alarm,intrusion,intrusion:attack_01:step_00:PERIM_N-1,intrusion,9.202682804030708,adversary,balanced_scenario:attack
2026-01-12T04:15:53,E000006822,FENCE_DISTURB_N-1,FENCE_DISTURB,PERIMETER,N-1,PERIM_N-1,alarm,intrusion,intrusion:attack_01:step_00:PERIM_N-1,intrusion,9.202682804030708,adversary,balanced_scenario:attack
2026-01-12T04:15:53,E000006822,FENCE_DISTURB_N-1,FENCE_DISTURB,PERIMETER,N-1,PERIM_N-1,alarm,intrusion,intrusion:attack_01:step_00:PERIM_N-1,intrusion,9.202682804030708,adversary,balanced_scenario:attack
2026-01-12T04:15:53,E000006822,FENCE_DISTURB_N-1,FENCE_DISTURB,PERIMETER,N-1,PERIM_N-1,alarm,intrusion,intrusion:attack_01:step_00:PERIM_N-1,intrusion,9.202682804030708,adversary,balanced_scenario:attack
2026-01-12T04:16:51,E000006823,PA_RADAR_N,RADAR,PROTECTED_AREA,N,PA_RADAR_N,alarm,intrusion,intrusion:attack_01:step_01:PA_RADAR_N,intrusion,14.992211003548775,adversary,balanced_scenario:attack
2026-01-12T04:16:51,E000006823,PA_RADAR_N,RADAR,PROTECTED_AREA,N,PA_RADAR_N,alarm,intrusion,intrusion:attack_01:step_01:PA_RADAR_N,intrusion,14.992211003548775,adversary,balanced_scenario:attack
2026-01-12T04:16:51,E000006823,PA_RADAR_N,RADAR,PROTECTED_AREA,N,PA_RADAR_N,alarm,intrusion,intrusion:attack_01:step_01:PA_RADAR_N,intrusion,14.992211003548775,adversary,balanced_scenario:attack
2026-01-12T04:16:51,E000006823,PA_RADAR_N,RADAR,PROTECTED_AREA,N,PA_RADAR_N,alarm,intrusion,intrusion:attack_01:step_01:PA_RADAR_N,intrusion,14.992211003548775,adversary,balanced_scenario:attack
2026-01-12T04:16:51,E000006823,PA_RADAR_N,RADAR,PROTECTED_AREA,N,PA_RADAR_N,alarm,intrusion,intrusion:attack_01:step_01:PA_RADAR_N,intrusion,14.992211003548775,adversary,balanced_scenario:attack
2026-01-12T04:16:51,E000006823,PA_RADAR_N,RADAR,PROTECTED_AREA,N,PA_RADAR_N,alarm,intrusion,intrusion:attack_01:step_01:PA_RADAR_N,intrusion,14.992211003548775,adversary,balanced_scenario:attack
2026-01-12T04:16:51,E000006823,PA_RADAR_N,RADAR,PROTECTED_AREA,N,PA_RADAR_N,alarm,intrusion,intrusion:attack_01:step_01:PA_RADAR_N,intrusion,14.992211003548775,adversary,balanced_scenario:attack
2026-01-12T04:16:51,E000006823,PA_RADAR_N,RADAR,PROTECTED_AREA,N,PA_RADAR_N,alarm,intrusion,intrusion:attack_01:step_01:PA_RADAR_N,intrusion,14.992211003548775,adversary,balanced_scenario:attack
2026-01-12T04:16:51,E000006823,PA_RADAR_N,RADAR,PROTECTED_AREA,N,PA_RADAR_N,alarm,intrusion,intrusion:attack_01:step_01:PA_RADAR_N,intrusion,14.992211003548775,adversary,balanced_scenario:attack
2026-01-12T04:16:51,E000006823,PA_RADAR_N,RADAR,PROTECTED_AREA,N,PA_RADAR_N,alarm,intrusion,intrusion:attack_01:step_01:PA_RADAR_N,intrusion,14.992211003548775,adversary,balanced_scenario:attack
2026-01-12T04:16:51,E000006823,PA_RADAR_N,RADAR,PROTECTED_AREA,N,PA_RADAR_N,alarm,intrusion,intrusion:attack_01:step_01:PA_RADAR_N,intrusion,14.992211003548775,adversary,balanced_scenario:attack
2026-01-12T04:16:51,E000006823,PA_RADAR_N,RADAR,PROTECTED_AREA,N,PA_RADAR_N,alarm,intrusion,intrusion:attack_01:step_01:PA_RADAR_N,intrusion,14.992211003548775,adversary,balanced_scenario:attack
2026-01-12T04:16:51,E000006823,PA_RADAR_N,RADAR,PROTECTED_AREA,N,PA_RADAR_N,alarm,intrusion,intrusion:attack_01:step_01:PA_RADAR_N,intrusion,14.992211003548775,adversary,balanced_scenario:attack
2026-01-12T04:16:51,E000006823,PA_RADAR_N,RADAR,PROTECTED_AREA,N,PA_RADAR_N,alarm,intrusion,intrusion:attack_01:step_01:PA_RADAR_N,intrusion,14.992211003548775,adversary,balanced_scenario:attack
2026-01-12T04:16:51,E000006823,PA_RADAR_N,RADAR,PROTECTED_AREA,N,PA_RADAR_N,alarm,intrusion,intrusion:attack_01:step_01:PA_RADAR_N,intrusion,14.992211003548775,adversary,balanced_scenario:attack
2026-01-12T04:16:51,E000006823,PA_RADAR_N,RADAR,PROTECTED_AREA,N,PA_RADAR_N,alarm,intrusion,intrusion:attack_01:step_01:PA_RADAR_N,intrusion,14.992211003548775,adversary,balanced_scenario:attack
2026-01-12T04:16:51,E000006823,PA_RADAR_N,RADAR,PROTECTED_AREA,N,PA_RADAR_N,alarm,intrusion,intrusion:attack_01:step_01:PA_RADAR_N,intrusion,14.992211003548775,adversary,balanced_scenario:attack
2026-01-12T04:16:51,E000006823,PA_RADAR_N,RADAR,PROTECTED_AREA,N,PA_RADAR_N,alarm,intrusion,intrusion:attack_01:step_01:PA_RADAR_N,intrusion,14.992211003548775,adversary,balanced_scenario:attack
2026-01-12T04:16:51,E000006823,PA_RADAR_N,RADAR,PROTECTED_AREA,N,PA_RADAR_N,alarm,intrusion,intrusion:attack_01:step_01:PA_RADAR_N,intrusion,14.992211003548775,adversary,balanced_scenario:attack
2026-01-12T04:16:51,E000006823,PA_RADAR_N,RADAR,PROTECTED_AREA,N,PA_RADAR_N,alarm,intrusion,intrusion:attack_01:step_01:PA_RADAR_N,intrusion,14.992211003548775,adversary,balanced_scenario:attack
2026-01-12T04:16:51,E000006823,PA_RADAR_N,RADAR,PROTECTED_AREA,N,PA_RADAR_N,alarm,intrusion,intrusion:attack_01:step_01:PA_RADAR_N,intrusion,14.992211003548775,adversary,balanced_scenario:attack
2026-01-12T04:16:51,E000006823,PA_RADAR_N,RADAR,PROTECTED_AREA,N,PA_RADAR_N,alarm,intrusion,intrusion:attack_01:step_01:PA_RADAR_N,intrusion,14.992211003548775,adversary,balanced_scenario:attack
2026-01-12T04:16:51,E000006823,PA_RADAR_N,RADAR,PROTECTED_AREA,N,PA_RADAR_N,alarm,intrusion,intrusion:attack_01:step_01:PA_RADAR_N,intrusion,14.992211003548775,adversary,balanced_scenario:attack
2026-01-12T04:16:51,E000006823,PA_RADAR_N,RADAR,PROTECTED_AREA,N,PA_RADAR_N,alarm,intrusion,intrusion:attack_01:step_01:PA_RADAR_N,intrusion,14.992211003548775,adversary,balanced_scenario:attack
2026-01-12T04:22:24,E000006824,RADAR_E-1,RADAR,PERIMETER,E-1,PERIM_E-1,alarm,invalid,intrusion:attack_02:step_00:PERIM_E-1,intrusion,12.08786614413105,adversary,balanced_scenario:attack
2026-01-12T04:22:24,E000006825,FENCE_DISTURB_E-1,FENCE_DISTURB,PERIMETER,E-1,PERIM_E-1,alarm,intrusion,intrusion:attack_02:step_00:PERIM_E-1,intrusion,25.581073323378817,adversary,balanced_scenario:attack
2026-01-12T04:22:24,E000006825,FENCE_DISTURB_E-1,FENCE_DISTURB,PERIMETER,E-1,PERIM_E-1,alarm,intrusion,intrusion:attack_02:step_00:PERIM_E-1,intrusion,25.581073323378817,adversary,balanced_scenario:attack
2026-01-12T04:22:24,E000006824,RADAR_E-1,RADAR,PERIMETER,E-1,PERIM_E-1,alarm,invalid,intrusion:attack_02:step_00:PERIM_E-1,intrusion,12.08786614413105,adversary,balanced_scenario:attack
2026-01-12T04:22:24,E000006825,FENCE_DISTURB_E-1,FENCE_DISTURB,PERIMETER,E-1,PERIM_E-1,alarm,intrusion,intrusion:attack_02:step_00:PERIM_E-1,intrusion,25.581073323378817,adversary,balanced_scenario:attack
2026-01-12T04:22:24,E000006825,FENCE_DISTURB_E-1,FENCE_DISTURB,PERIMETER,E-1,PERIM_E-1,alarm,intrusion,intrusion:attack_02:step_00:PERIM_E-1,intrusion,25.581073323378817,adversary,balanced_scenario:attack
2026-01-12T04:22:24,E000006824,RADAR_E-1,RADAR,PERIMETER,E-1,PERIM_E-1,alarm,invalid,intrusion:attack_02:step_00:PERIM_E-1,intrusion,12.08786614413105,adversary,balanced_scenario:attack
2026-01-12T04:22:24,E000006824,RADAR_E-1,RADAR,PERIMETER,E-1,PERIM_E-1,alarm,invalid,intrusion:attack_02:step_00:PERIM_E-1,intrusion,12.08786614413105,adversary,balanced_scenario:attack
2026-01-12T04:22:24,E000006825,FENCE_DISTURB_E-1,FENCE_DISTURB,PERIMETER,E-1,PERIM_E-1,alarm,intrusion,intrusion:attack_02:step_00:PERIM_E-1,intrusion,25.581073323378817,adversary,balanced_scenario:attack
2026-01-12T04:22:24,E000006825,FENCE_DISTURB_E-1,FENCE_DISTURB,PERIMETER,E-1,PERIM_E-1,alarm,intrusion,intrusion:attack_02:step_00:PERIM_E-1,intrusion,25.581073323378817,adversary,balanced_scenario:attack
2026-01-12T04:22:24,E000006825,FENCE_DISTURB_E-1,FENCE_DISTURB,PERIMETER,E-1,PERIM_E-1,alarm,intrusion,intrusion:attack_02:step_00:PERIM_E-1,intrusion,25.581073323378817,adversary,balanced_scenario:attack
2026-01-12T04:22:24,E000006824,RADAR_E-1,RADAR,PERIMETER,E-1,PERIM_E-1,alarm,invalid,intrusion:attack_02:step_00:PERIM_E-1,intrusion,12.08786614413105,adversary,balanced_scenario:attack
2026-01-12T04:22:24,E000006825,FENCE_DISTURB_E-1,FENCE_DISTURB,PERIMETER,E-1,PERIM_E-1,alarm,intrusion,intrusion:attack_02:step_00:PERIM_E-1,intrusion,25.581073323378817,adversary,balanced_scenario:attack
2026-01-12T04:22:24,E000006824,RADAR_E-1,RADAR,PERIMETER,E-1,PERIM_E-1,alarm,invalid,intrusion:attack_02:step_00:PERIM_E-1,intrusion,12.08786614413105,adversary,balanced_scenario:attack
2026-01-12T04:22:24,E000006825,FENCE_DISTURB_E-1,FENCE_DISTURB,PERIMETER,E-1,PERIM_E-1,alarm,intrusion,intrusion:attack_02:step_00:PERIM_E-1,intrusion,25.581073323378817,adversary,balanced_scenario:attack
2026-01-12T04:22:24,E000006824,RADAR_E-1,RADAR,PERIMETER,E-1,PERIM_E-1,alarm,invalid,intrusion:attack_02:step_00:PERIM_E-1,intrusion,12.08786614413105,adversary,balanced_scenario:attack
2026-01-12T04:22:24,E000006825,FENCE_DISTURB_E-1,FENCE_DISTURB,PERIMETER,E-1,PERIM_E-1,alarm,intrusion,intrusion:attack_02:step_00:PERIM_E-1,intrusion,25.581073323378817,adversary,balanced_scenario:attack
2026-01-12T04:22:24,E000006825,FENCE_DISTURB_E-1,FENCE_DISTURB,PERIMETER,E-1,PERIM_E-1,alarm,intrusion,intrusion:attack_02:step_00:PERIM_E-1,intrusion,25.581073323378817,adversary,balanced_scenario:attack
2026-01-12T04:22:24,E000006824,RADAR_E-1,RADAR,PERIMETER,E-1,PERIM_E-1,alarm,invalid,intrusion:attack_02:step_00:PERIM_E-1,intrusion,12.08786614413105,adversary,balanced_scenario:attack
2026-01-12T04:22:24,E000006825,FENCE_DISTURB_E-1,FENCE_DISTURB,PERIMETER,E-1,PERIM_E-1,alarm,intrusion,intrusion:attack_02:step_00:PERIM_E-1,intrusion,25.581073323378817,adversary,balanced_scenario:attack
2026-01-12T04:22:24,E000006825,FENCE_DISTURB_E-1,FENCE_DISTURB,PERIMETER,E-1,PERIM_E-1,alarm,intrusion,intrusion:attack_02:step_00:PERIM_E-1,intrusion,25.581073323378817,adversary,balanced_scenario:attack
2026-01-12T04:22:24,E000006824,RADAR_E-1,RADAR,PERIMETER,E-1,PERIM_E-1,alarm,invalid,intrusion:attack_02:step_00:PERIM_E-1,intrusion,12.08786614413105,adversary,balanced_scenario:attack
2026-01-12T04:22:24,E000006824,RADAR_E-1,RADAR,PERIMETER,E-1,PERIM_E-1,alarm,invalid,intrusion:attack_02:step_00:PERIM_E-1,intrusion,12.08786614413105,adversary,balanced_scenario:attack
2026-01-12T04:22:24,E000006825,FENCE_DISTURB_E-1,FENCE_DISTURB,PERIMETER,E-1,PERIM_E-1,alarm,intrusion,intrusion:attack_02:step_00:PERIM_E-1,intrusion,25.581073323378817,adversary,balanced_scenario:attack
2026-01-12T04:22:24,E000006825,FENCE_DISTURB_E-1,FENCE_DISTURB,PERIMETER,E-1,PERIM_E-1,alarm,intrusion,intrusion:attack_02:step_00:PERIM_E-1,intrusion,25.581073323378817,adversary,balanced_scenario:attack
2026-01-12T04:22:24,E000006825,FENCE_DISTURB_E-1,FENCE_DISTURB,PERIMETER,E-1,PERIM_E-1,alarm,intrusion,intrusion:attack_02:step_00:PERIM_E-1,intrusion,25.581073323378817,adversary,balanced_scenario:attack
2026-01-12T04:22:24,E000006824,RADAR_E-1,RADAR,PERIMETER,E-1,PERIM_E-1,alarm,invalid,intrusion:attack_02:step_00:PERIM_E-1,intrusion,12.08786614413105,adversary,balanced_scenario:attack
2026-01-12T04:22:24,E000006825,FENCE_DISTURB_E-1,FENCE_DISTURB,PERIMETER,E-1,PERIM_E-1,alarm,intrusion,intrusion:attack_02:step_00:PERIM_E-1,intrusion,25.581073323378817,adversary,balanced_scenario:attack
2026-01-12T04:22:24,E000006825,FENCE_DISTURB_E-1,FENCE_DISTURB,PERIMETER,E-1,PERIM_E-1,alarm,intrusion,intrusion:attack_02:step_00:PERIM_E-1,intrusion,25.581073323378817,adversary,balanced_scenario:attack
2026-01-12T04:22:24,E000006825,FENCE_DISTURB_E-1,FENCE_DISTURB,PERIMETER,E-1,PERIM_E-1,alarm,intrusion,intrusion:attack_02:step_00:PERIM_E-1,intrusion,25.581073323378817,adversary,balanced_scenario:attack
2026-01-12T04:22:24,E000006825,FENCE_DISTURB_E-1,FENCE_DISTURB,PERIMETER,E-1,PERIM_E-1,alarm,intrusion,intrusion:attack_02:step_00:PERIM_E-1,intrusion,25.581073323378817,adversary,balanced_scenario:attack
2026-01-12T04:22:24,E000006825,FENCE_DISTURB_E-1,FENCE_DISTURB,PERIMETER,E-1,PERIM_E-1,alarm,intrusion,intrusion:attack_02:step_00:PERIM_E-1,intrusion,25.581073323378817,adversary,balanced_scenario:attack
2026-01-12T04:22:24,E000006824,RADAR_E-1,RADAR,PERIMETER,E-1,PERIM_E-1,alarm,invalid,intrusion:attack_02:step_00:PERIM_E-1,intrusion,12.08786614413105,adversary,balanced_scenario:attack
2026-01-12T04:22:24,E000006824,RADAR_E-1,RADAR,PERIMETER,E-1,PERIM_E-1,alarm,invalid,intrusion:attack_02:step_00:PERIM_E-1,intrusion,12.08786614413105,adversary,balanced_scenario:attack
2026-01-12T04:22:24,E000006825,FENCE_DISTURB_E-1,FENCE_DISTURB,PERIMETER,E-1,PERIM_E-1,alarm,intrusion,intrusion:attack_02:step_00:PERIM_E-1,intrusion,25.581073323378817,adversary,balanced_scenario:attack
2026-01-12T04:22:24,E000006824,RADAR_E-1,RADAR,PERIMETER,E-1,PERIM_E-1,alarm,invalid,intrusion:attack_02:step_00:PERIM_E-1,intrusion,12.08786614413105,adversary,balanced_scenario:attack
2026-01-12T04:22:24,E000006824,RADAR_E-1,RADAR,PERIMETER,E-1,PERIM_E-1,alarm,invalid,intrusion:attack_02:step_00:PERIM_E-1,intrusion,12.08786614413105,adversary,balanced_scenario:attack
2026-01-12T04:22:24,E000006825,FENCE_DISTURB_E-1,FENCE_DISTURB,PERIMETER,E-1,PERIM_E-1,alarm,intrusion,intrusion:attack_02:step_00:PERIM_E-1,intrusion,25.581073323378817,adversary,balanced_scenario:attack
2026-01-12T04:22:24,E000006824,RADAR_E-1,RADAR,PERIMETER,E-1,PERIM_E-1,alarm,invalid,intrusion:attack_02:step_00:PERIM_E-1,intrusion,12.08786614413105,adversary,balanced_scenario:attack
2026-01-12T04:22:24,E000006825,FENCE_DISTURB_E-1,FENCE_DISTURB,PERIMETER,E-1,PERIM_E-1,alarm,intrusion,intrusion:attack_02:step_00:PERIM_E-1,intrusion,25.581073323378817,adversary,balanced_scenario:attack
2026-01-12T04:22:24,E000006824,RADAR_E-1,RADAR,PERIMETER,E-1,PERIM_E-1,alarm,invalid,intrusion:attack_02:step_00:PERIM_E-1,intrusion,12.08786614413105,adversary,balanced_scenario:attack
2026-01-12T04:22:24,E000006824,RADAR_E-1,RADAR,PERIMETER,E-1,PERIM_E-1,alarm,invalid,intrusion:attack_02:step_00:PERIM_E-1,intrusion,12.08786614413105,adversary,balanced_scenario:attack
2026-01-12T04:22:24,E000006824,RADAR_E-1,RADAR,PERIMETER,E-1,PERIM_E-1,alarm,invalid,intrusion:attack_02:step_00:PERIM_E-1,intrusion,12.08786614413105,adversary,balanced_scenario:attack
2026-01-12T04:23:04,E000006826,PA_RADAR_E,RADAR,PROTECTED_AREA,E,PA_RADAR_E,alarm,intrusion,intrusion:attack_02:step_01:PA_RADAR_E,intrusion,29.610151525806298,adversary,balanced_scenario:attack
2026-01-12T04:23:04,E000006826,PA_RADAR_E,RADAR,PROTECTED_AREA,E,PA_RADAR_E,alarm,intrusion,intrusion:attack_02:step_01:PA_RADAR_E,intrusion,29.610151525806298,adversary,balanced_scenario:attack
2026-01-12T04:23:04,E000006826,PA_RADAR_E,RADAR,PROTECTED_AREA,E,PA_RADAR_E,alarm,intrusion,intrusion:attack_02:step_01:PA_RADAR_E,intrusion,29.610151525806298,adversary,balanced_scenario:attack
2026-01-12T04:23:04,E000006826,PA_RADAR_E,RADAR,PROTECTED_AREA,E,PA_RADAR_E,alarm,intrusion,intrusion:attack_02:step_01:PA_RADAR_E,intrusion,29.610151525806298,adversary,balanced_scenario:attack
2026-01-12T04:23:04,E000006826,PA_RADAR_E,RADAR,PROTECTED_AREA,E,PA_RADAR_E,alarm,intrusion,intrusion:attack_02:step_01:PA_RADAR_E,intrusion,29.610151525806298,adversary,balanced_scenario:attack
2026-01-12T04:23:04,E000006826,PA_RADAR_E,RADAR,PROTECTED_AREA,E,PA_RADAR_E,alarm,intrusion,intrusion:attack_02:step_01:PA_RADAR_E,intrusion,29.610151525806298,adversary,balanced_scenario:attack
2026-01-12T04:23:04,E000006826,PA_RADAR_E,RADAR,PROTECTED_AREA,E,PA_RADAR_E,alarm,intrusion,intrusion:attack_02:step_01:PA_RADAR_E,intrusion,29.610151525806298,adversary,balanced_scenario:attack
2026-01-12T04:23:04,E000006826,PA_RADAR_E,RADAR,PROTECTED_AREA,E,PA_RADAR_E,alarm,intrusion,intrusion:attack_02:step_01:PA_RADAR_E,intrusion,29.610151525806298,adversary,balanced_scenario:attack
2026-01-12T04:23:04,E000006826,PA_RADAR_E,RADAR,PROTECTED_AREA,E,PA_RADAR_E,alarm,intrusion,intrusion:attack_02:step_01:PA_RADAR_E,intrusion,29.610151525806298,adversary,balanced_scenario:attack
2026-01-12T04:23:04,E000006826,PA_RADAR_E,RADAR,PROTECTED_AREA,E,PA_RADAR_E,alarm,intrusion,intrusion:attack_02:step_01:PA_RADAR_E,intrusion,29.610151525806298,adversary,balanced_scenario:attack
2026-01-12T04:23:04,E000006826,PA_RADAR_E,RADAR,PROTECTED_AREA,E,PA_RADAR_E,alarm,intrusion,intrusion:attack_02:step_01:PA_RADAR_E,intrusion,29.610151525806298,adversary,balanced_scenario:attack
2026-01-12T04:23:04,E000006826,PA_RADAR_E,RADAR,PROTECTED_AREA,E,PA_RADAR_E,alarm,intrusion,intrusion:attack_02:step_01:PA_RADAR_E,intrusion,29.610151525806298,adversary,balanced_scenario:attack
2026-01-12T04:23:04,E000006826,PA_RADAR_E,RADAR,PROTECTED_AREA,E,PA_RADAR_E,alarm,intrusion,intrusion:attack_02:step_01:PA_RADAR_E,intrusion,29.610151525806298,adversary,balanced_scenario:attack
2026-01-12T04:23:04,E000006826,PA_RADAR_E,RADAR,PROTECTED_AREA,E,PA_RADAR_E,alarm,intrusion,intrusion:attack_02:step_01:PA_RADAR_E,intrusion,29.610151525806298,adversary,balanced_scenario:attack
2026-01-12T04:23:04,E000006826,PA_RADAR_E,RADAR,PROTECTED_AREA,E,PA_RADAR_E,alarm,intrusion,intrusion:attack_02:step_01:PA_RADAR_E,intrusion,29.610151525806298,adversary,balanced_scenario:attack
2026-01-12T04:23:04,E000006826,PA_RADAR_E,RADAR,PROTECTED_AREA,E,PA_RADAR_E,alarm,intrusion,intrusion:attack_02:step_01:PA_RADAR_E,intrusion,29.610151525806298,adversary,balanced_scenario:attack
2026-01-12T04:23:04,E000006826,PA_RADAR_E,RADAR,PROTECTED_AREA,E,PA_RADAR_E,alarm,intrusion,intrusion:attack_02:step_01:PA_RADAR_E,intrusion,29.610151525806298,adversary,balanced_scenario:attack
2026-01-12T04:23:04,E000006826,PA_RADAR_E,RADAR,PROTECTED_AREA,E,PA_RADAR_E,alarm,intrusion,intrusion:attack_02:step_01:PA_RADAR_E,intrusion,29.610151525806298,adversary,balanced_scenario:attack
2026-01-12T04:23:04,E000006826,PA_RADAR_E,RADAR,PROTECTED_AREA,E,PA_RADAR_E,alarm,intrusion,intrusion:attack_02:step_01:PA_RADAR_E,intrusion,29.610151525806298,adversary,balanced_scenario:attack
2026-01-12T04:23:04,E000006826,PA_RADAR_E,RADAR,PROTECTED_AREA,E,PA_RADAR_E,alarm,intrusion,intrusion:attack_02:step_01:PA_RADAR_E,intrusion,29.610151525806298,adversary,balanced_scenario:attack
2026-01-12T04:23:04,E000006826,PA_RADAR_E,RADAR,PROTECTED_AREA,E,PA_RADAR_E,alarm,intrusion,intrusion:attack_02:step_01:PA_RADAR_E,intrusion,29.610151525806298,adversary,balanced_scenario:attack
2026-01-12T04:23:04,E000006826,PA_RADAR_E,RADAR,PROTECTED_AREA,E,PA_RADAR_E,alarm,intrusion,intrusion:attack_02:step_01:PA_RADAR_E,intrusion,29.610151525806298,adversary,balanced_scenario:attack
2026-01-12T04:23:04,E000006826,PA_RADAR_E,RADAR,PROTECTED_AREA,E,PA_RADAR_E,alarm,intrusion,intrusion:attack_02:step_01:PA_RADAR_E,intrusion,29.610151525806298,adversary,balanced_scenario:attack
2026-01-12T04:23:04,E000006826,PA_RADAR_E,RADAR,PROTECTED_AREA,E,PA_RADAR_E,alarm,intrusion,intrusion:attack_02:step_01:PA_RADAR_E,intrusion,29.610151525806298,adversary,balanced_scenario:attack
2026-01-12T04:23:04,E000006826,PA_RADAR_E,RADAR,PROTECTED_AREA,E,PA_RADAR_E,alarm,intrusion,intrusion:attack_02:step_01:PA_RADAR_E,intrusion,29.610151525806298,adversary,balanced_scenario:attack
2026-01-12T04:23:04,E000006826,PA_RADAR_E,RADAR,PROTECTED_AREA,E,PA_RADAR_E,alarm,intrusion,intrusion:attack_02:step_01:PA_RADAR_E,intrusion,29.610151525806298,adversary,balanced_scenario:attack
2026-01-12T04:23:04,E000006826,PA_RADAR_E,RADAR,PROTECTED_AREA,E,PA_RADAR_E,alarm,intrusion,intrusion:attack_02:step_01:PA_RADAR_E,intrusion,29.610151525806298,adversary,balanced_scenario:attack
2026-01-12T04:23:04,E000006826,PA_RADAR_E,RADAR,PROTECTED_AREA,E,PA_RADAR_E,alarm,intrusion,intrusion:attack_02:step_01:PA_RADAR_E,intrusion,29.610151525806298,adversary,balanced_scenario:attack
2026-01-12T04:23:04,E000006826,PA_RADAR_E,RADAR,PROTECTED_AREA,E,PA_RADAR_E,alarm,intrusion,intrusion:attack_02:step_01:PA_RADAR_E,intrusion,29.610151525806298,adversary,balanced_scenario:attack
2026-01-12T04:23:04,E000006826,PA_RADAR_E,RADAR,PROTECTED_AREA,E,PA_RADAR_E,alarm,intrusion,intrusion:attack_02:step_01:PA_RADAR_E,intrusion,29.610151525806298,adversary,balanced_scenario:attack
2026-01-12T04:23:04,E000006826,PA_RADAR_E,RADAR,PROTECTED_AREA,E,PA_RADAR_E,alarm,intrusion,intrusion:attack_02:step_01:PA_RADAR_E,intrusion,29.610151525806298,adversary,balanced_scenario:attack
2026-01-12T07:06:52,E000005743,ACS_S-AC,ACCESS_CTRL,PERIMETER,S-AC,TURNSTILE_S-AC,alarm,valid,normal,benign,27.331178573907835,baseline,balanced_scenario:shift_in:turnstile_entry
2026-01-12T07:06:59,E000005744,PA_RADAR_S,RADAR,PROTECTED_AREA,S,PA_RADAR_S,alarm,valid,normal,benign,10.582663126944286,baseline,balanced_scenario:shift_in:move_to:ROOM_ADMIN
2026-01-12T07:07:54,E000005692,PIR_ROOM_S_ENTRY,PIR,INTERIOR,BLDG,ROOM_S_ENTRY,alarm,valid,normal,benign,9.337889025163673,baseline,balanced_scenario:shift_in:move_to:ASSET_ROOM
2026-01-12T07:08:35,E000005747,PIR_HALL_MAIN,PIR,INTERIOR,BLDG,HALL_MAIN,alarm,valid,normal,benign,8.922714704851662,baseline,balanced_scenario:shift_in:move_to:ROOM_ADMIN
2026-01-12T07:19:03,E000005672,PIR_ROOM_ADMIN,PIR,INTERIOR,BLDG,ROOM_ADMIN,alarm,valid,normal,benign,21.05337268099923,baseline,balanced_scenario:shift_in:move_to:ROOM_ADMIN
2026-01-12T07:23:07,E000005506,PIR_ROOM_S_ENTRY,PIR,INTERIOR,BLDG,ROOM_S_ENTRY,alarm,valid,normal,benign,15.507528359000165,baseline,balanced_scenario:shift_in:move_to:ROOM_ADMIN
2026-01-12T07:24:26,E000005675,BMS_SKIN_S_DOOR,BMS,SKIN,BLDG,SKIN_S_DOOR,alarm,valid,normal,benign,17.954628205768692,baseline,balanced_scenario:shift_in:exit_from:ROOM_ADMIN
2026-01-12T07:25:24,E000005904,PA_RADAR_S,RADAR,PROTECTED_AREA,S,PA_RADAR_S,alarm,valid,normal,benign,14.288843535658827,baseline,balanced_scenario:shift_in:move_to:ROOM_ADMIN
2026-01-12T07:27:43,E000005570,PIR_ASSET_ROOM,PIR,ASSET,BLDG,ASSET_ROOM,alarm,valid,normal,benign,10.25732648324732,baseline,balanced_scenario:shift_in:move_to:ASSET_ROOM
2026-01-12T07:27:47,E000005467,PIR_HALL_MAIN,PIR,INTERIOR,BLDG,HALL_MAIN,alarm,valid,normal,benign,15.129167341966026,baseline,balanced_scenario:shift_in:move_to:ROOM_SECURITY
2026-01-12T07:29:58,E000005699,PA_RADAR_S,RADAR,PROTECTED_AREA,S,PA_RADAR_S,alarm,valid,normal,benign,18.80005794714073,baseline,balanced_scenario:shift_in:exit_from:ASSET_ROOM
2026-01-12T07:31:22,E000005776,PIR_HALL_MAIN,PIR,INTERIOR,BLDG,HALL_MAIN,alarm,valid,normal,benign,16.672242098430903,baseline,balanced_scenario:shift_in:move_to:ROOM_ADMIN
2026-01-12T07:32:43,E000005716,PIR_ROOM_SECURITY,PIR,INTERIOR,BLDG,ROOM_SECURITY,alarm,valid,normal,benign,9.58248025382063,baseline,balanced_scenario:shift_in:move_to:ROOM_SECURITY
2026-01-12T07:33:16,E000005558,PIR_HALL_MAIN,PIR,INTERIOR,BLDG,HALL_MAIN,alarm,valid,normal,benign,14.696949508883334,baseline,balanced_scenario:shift_in:move_to:ROOM_ADMIN
2026-01-12T07:33:25,E000005578,BMS_SKIN_S_DOOR,BMS,SKIN,BLDG,SKIN_S_DOOR,alarm,valid,normal,benign,11.52405070611046,baseline,balanced_scenario:shift_in:move_to:ROOM_SECURITY
2026-01-12T07:36:30,E000005723,PA_RADAR_S,RADAR,PROTECTED_AREA,S,PA_RADAR_S,alarm,valid,normal,benign,18.196512644608642,baseline,balanced_scenario:shift_in:move_to:ROOM_ADMIN
2026-01-12T07:38:21,E000005876,PIR_HALL_MAIN,PIR,INTERIOR,BLDG,HALL_MAIN,alarm,valid,normal,benign,12.17359806076299,baseline,balanced_scenario:shift_in:move_to:ASSET_ROOM
2026-01-12T07:38:23,E000005854,ACS_S-AC,ACCESS_CTRL,PERIMETER,S-AC,TURNSTILE_S-AC,alarm,valid,normal,benign,12.316967305586854,baseline,balanced_scenario:shift_in:turnstile_entry
2026-01-12T07:38:33,E000005855,PA_RADAR_S,RADAR,PROTECTED_AREA,S,PA_RADAR_S,alarm,valid,normal,benign,18.235040043158367,baseline,balanced_scenario:shift_in:move_to:ROOM_SECURITY
2026-01-12T07:43:36,E000005911,BMS_SKIN_S_DOOR,BMS,SKIN,BLDG,SKIN_S_DOOR,alarm,valid,normal,benign,8.231777058622042,baseline,balanced_scenario:shift_in:exit_from:ROOM_ADMIN
2026-01-12T07:44:10,E000005541,PIR_HALL_MAIN,PIR,INTERIOR,BLDG,HALL_MAIN,alarm,valid,normal,benign,10.70215394369817,baseline,balanced_scenario:shift_in:exit_from:ROOM_ADMIN
2026-01-12T07:45:19,E000005795,PIR_HALL_MAIN,PIR,INTERIOR,BLDG,HALL_MAIN,alarm,valid,normal,benign,18.30131780937512,baseline,balanced_scenario:shift_in:move_to:ASSET_ROOM
2026-01-12T07:49:56,E000005665,BMS_SKIN_S_DOOR,BMS,SKIN,BLDG,SKIN_S_DOOR,alarm,valid,normal,benign,9.943282243017062,baseline,balanced_scenario:shift_in:exit_from:ROOM_SECURITY
2026-01-12T07:51:22,E000005810,BMS_SKIN_S_DOOR,BMS,SKIN,BLDG,SKIN_S_DOOR,alarm,valid,normal,benign,2.582967210544002,baseline,balanced_scenario:shift_in:exit_from:ROOM_ADMIN
2026-01-12T07:53:09,E000005829,BMS_ASSET_DOOR,BMS,ASSET,BLDG,ASSET_ROOM,alarm,valid,normal,benign,22.887111904775836,baseline,balanced_scenario:shift_in:move_to:ASSET_ROOM
2026-01-12T07:53:55,E000005481,PIR_ROOM_S_ENTRY,PIR,INTERIOR,BLDG,ROOM_S_ENTRY,alarm,valid,normal,benign,26.71190122702406,baseline,balanced_scenario:shift_in:exit_from:ROOM_SECURITY
2026-01-12T07:56:58,E000005469,PIR_HALL_MAIN,PIR,INTERIOR,BLDG,HALL_MAIN,alarm,valid,normal,benign,21.757573929472738,baseline,balanced_scenario:shift_in:exit_from:ROOM_SECURITY
2026-01-12T07:58:02,E000005847,PIR_ROOM_S_ENTRY,PIR,INTERIOR,BLDG,ROOM_S_ENTRY,alarm,valid,normal,benign,12.790304125697556,baseline,balanced_scenario:shift_in:move_to:ASSET_ROOM
2026-01-12T08:02:06,E000005878,PIR_HALL_MAIN,PIR,INTERIOR,BLDG,HALL_MAIN,alarm,valid,normal,benign,1.0076921563776793,baseline,balanced_scenario:shift_in:exit_from:ASSET_ROOM
2026-01-12T08:02:29,E000005497,PIR_ROOM_S_ENTRY,PIR,INTERIOR,BLDG,ROOM_S_ENTRY,alarm,valid,normal,benign,23.803675386044812,baseline,balanced_scenario:shift_in:move_to:ROOM_SECURITY
2026-01-12T08:03:23,E000005499,PIR_ROOM_SECURITY,PIR,INTERIOR,BLDG,ROOM_SECURITY,alarm,valid,normal,benign,14.795037654330006,baseline,balanced_scenario:shift_in:move_to:ROOM_SECURITY
2026-01-12T08:10:29,E000005648,BMS_SKIN_S_DOOR,BMS,SKIN,BLDG,SKIN_S_DOOR,alarm,valid,normal,benign,14.53406423992095,baseline,balanced_scenario:shift_in:move_to:ROOM_SECURITY
2026-01-12T08:20:50,E000005802,ACS_S-AC,ACCESS_CTRL,PERIMETER,S-AC,TURNSTILE_S-AC,alarm,valid,normal,benign,10.555971526472977,baseline,balanced_scenario:shift_in:exit_from:ASSET_ROOM
2026-01-12T08:29:57,E000005761,BMS_SKIN_S_DOOR,BMS,SKIN,BLDG,SKIN_S_DOOR,alarm,valid,normal,benign,21.371930448204647,baseline,balanced_scenario:shift_in:exit_from:ROOM_SECURITY
2026-01-12T11:24:22,E000006489,BMS_SKIN_S_DOOR,BMS,SKIN,BLDG,SKIN_S_DOOR,alarm,valid,normal,benign,21.188441278615173,baseline,balanced_scenario:meal_exit:move_to:ROOM_SECURITY
2026-01-12T11:24:31,E000006490,PIR_ROOM_S_ENTRY,PIR,INTERIOR,BLDG,ROOM_S_ENTRY,alarm,valid,normal,benign,21.261827983938993,baseline,balanced_scenario:meal_exit:move_to:ROOM_SECURITY
2026-01-12T11:29:34,E000006499,PA_RADAR_S,RADAR,PROTECTED_AREA,S,PA_RADAR_S,alarm,valid,normal,benign,29.163661487554478,baseline,balanced_scenario:meal_exit:move_to:ROOM_SECURITY
2026-01-12T11:34:13,E000006536,PIR_ASSET_ROOM,PIR,ASSET,BLDG,ASSET_ROOM,alarm,valid,normal,benign,18.30982268486392,baseline,balanced_scenario:meal_exit:move_to:ASSET_ROOM
2026-01-12T11:37:09,E000006371,BMS_SKIN_S_DOOR,BMS,SKIN,BLDG,SKIN_S_DOOR,alarm,valid,normal,benign,12.335280246653898,baseline,balanced_scenario:meal_exit:move_to:ROOM_SECURITY
2026-01-12T11:39:29,E000006425,PIR_HALL_MAIN,PIR,INTERIOR,BLDG,HALL_MAIN,alarm,valid,normal,benign,16.013680912343805,baseline,balanced_scenario:meal_exit:exit_from:ROOM_ADMIN
2026-01-12T11:42:14,E000006404,PIR_ROOM_S_ENTRY,PIR,INTERIOR,BLDG,ROOM_S_ENTRY,alarm,valid,normal,benign,15.561566186375634,baseline,balanced_scenario:meal_exit:exit_from:ROOM_ADMIN
2026-01-12T11:43:00,E000006516,PIR_ROOM_S_ENTRY,PIR,INTERIOR,BLDG,ROOM_S_ENTRY,alarm,valid,normal,benign,10.750771716200425,baseline,balanced_scenario:meal_exit:exit_from:ROOM_SECURITY
2026-01-12T11:44:11,E000006430,ACS_S-AC,ACCESS_CTRL,PERIMETER,S-AC,TURNSTILE_S-AC,alarm,valid,normal,benign,14.705573097270591,baseline,balanced_scenario:meal_exit:turnstile_entry
2026-01-12T11:44:17,E000006408,ACS_S-AC,ACCESS_CTRL,PERIMETER,S-AC,TURNSTILE_S-AC,alarm,valid,normal,benign,8.785519737163355,baseline,balanced_scenario:meal_exit:turnstile_entry
2026-01-12T12:00:30,E000006757,PA_RADAR_S,RADAR,PROTECTED_AREA,S,PA_RADAR_S,alarm,valid,normal,benign,25.29145393144881,baseline,balanced_scenario:straggler:exit_from:ROOM_SECURITY
2026-01-12T12:21:07,E000006376,PIR_ROOM_S_ENTRY,PIR,INTERIOR,BLDG,ROOM_S_ENTRY,alarm,valid,normal,benign,28.171368909449022,baseline,balanced_scenario:meal_exit:exit_from:ROOM_SECURITY
2026-01-12T12:24:04,E000006580,BMS_SKIN_S_DOOR,BMS,SKIN,BLDG,SKIN_S_DOOR,alarm,valid,normal,benign,18.878527875884593,baseline,balanced_scenario:meal_return:exit_from:ROOM_ADMIN
2026-01-12T12:27:18,E000006623,PIR_ROOM_S_ENTRY,PIR,INTERIOR,BLDG,ROOM_S_ENTRY,alarm,valid,normal,benign,21.38185908565652,baseline,balanced_scenario:meal_return:exit_from:ROOM_ADMIN
2026-01-12T12:28:25,E000006565,BMS_SKIN_S_DOOR,BMS,SKIN,BLDG,SKIN_S_DOOR,alarm,valid,normal,benign,15.971087941813268,baseline,balanced_scenario:meal_return:move_to:ROOM_ADMIN
2026-01-12T12:29:36,E000006661,PIR_ROOM_ADMIN,PIR,INTERIOR,BLDG,ROOM_ADMIN,alarm,valid,normal,benign,25.33702756964468,baseline,balanced_scenario:meal_return:move_to:ROOM_ADMIN
2026-01-12T12:38:34,E000006394,PIR_ROOM_S_ENTRY,PIR,INTERIOR,BLDG,ROOM_S_ENTRY,alarm,valid,normal,benign,12.93085138574883,baseline,balanced_scenario:meal_exit:exit_from:ROOM_SECURITY
2026-01-12T12:46:14,E000006561,BMS_SKIN_S_DOOR,BMS,SKIN,BLDG,SKIN_S_DOOR,alarm,valid,normal,benign,20.157849572735948,baseline,balanced_scenario:meal_return:exit_from:ROOM_ADMIN
2026-01-12T12:46:40,E000006713,BMS_SKIN_S_DOOR,BMS,SKIN,BLDG,SKIN_S_DOOR,alarm,valid,normal,benign,15.39936128751551,baseline,balanced_scenario:meal_return:exit_from:ROOM_SECURITY
2026-01-12T13:03:07,E000006724,BMS_SKIN_S_DOOR,BMS,SKIN,BLDG,SKIN_S_DOOR,alarm,valid,normal,benign,7.391411912733701,baseline,balanced_scenario:meal_return:exit_from:ROOM_SECURITY
2026-01-12T13:07:03,E000006635,BMS_SKIN_S_DOOR,BMS,SKIN,BLDG,SKIN_S_DOOR,alarm,valid,normal,benign,18.719622907284258,baseline,balanced_scenario:meal_return:exit_from:ROOM_ADMIN
2026-01-12T13:10:26,E000006645,ACS_S-AC,ACCESS_CTRL,PERIMETER,S-AC,TURNSTILE_S-AC,alarm,valid,normal,benign,17.47913641349717,baseline,balanced_scenario:meal_return:exit_from:ROOM_SECURITY
2026-01-12T15:34:14,E000006052,PIR_HALL_MAIN,PIR,INTERIOR,BLDG,HALL_MAIN,alarm,valid,normal,benign,20.669727952028737,baseline,balanced_scenario:shift_out:move_to:ROOM_ADMIN
2026-01-12T15:54:34,E000006211,BMS_SKIN_S_DOOR,BMS,SKIN,BLDG,SKIN_S_DOOR,alarm,valid,normal,benign,10.689057999538843,baseline,balanced_scenario:shift_out:move_to:ROOM_ADMIN
2026-01-12T16:00:07,E000005924,PA_RADAR_S,RADAR,PROTECTED_AREA,S,PA_RADAR_S,alarm,valid,normal,benign,22.803700597987625,baseline,balanced_scenario:shift_out:move_to:ROOM_SECURITY
2026-01-12T16:03:44,E000005930,PIR_ROOM_S_ENTRY,PIR,INTERIOR,BLDG,ROOM_S_ENTRY,alarm,valid,normal,benign,28.44256546740557,baseline,balanced_scenario:shift_out:exit_from:ROOM_SECURITY
2026-01-12T16:05:26,E000006349,PA_RADAR_S,RADAR,PROTECTED_AREA,S,PA_RADAR_S,alarm,valid,normal,benign,18.01193150868556,baseline,balanced_scenario:shift_out:move_to:ROOM_ADMIN
2026-01-12T16:07:22,E000006055,BMS_SKIN_S_DOOR,BMS,SKIN,BLDG,SKIN_S_DOOR,alarm,valid,normal,benign,16.12661013960573,baseline,balanced_scenario:shift_out:exit_from:ROOM_ADMIN
2026-01-12T16:08:17,E000006056,PA_RADAR_S,RADAR,PROTECTED_AREA,S,PA_RADAR_S,alarm,valid,normal,benign,20.13733633414583,baseline,balanced_scenario:shift_out:exit_from:ROOM_ADMIN
2026-01-12T16:10:15,E000006172,BMS_SKIN_S_DOOR,BMS,SKIN,BLDG,SKIN_S_DOOR,alarm,valid,normal,benign,20.431754226802628,baseline,balanced_scenario:shift_out:move_to:ROOM_SECURITY
2026-01-12T16:15:39,E000006291,PA_RADAR_S,RADAR,PROTECTED_AREA,S,PA_RADAR_S,alarm,valid,normal,benign,6.371277828809189,baseline,balanced_scenario:shift_out:move_to:ROOM_ADMIN
2026-01-12T16:24:31,E000006151,PA_RADAR_S,RADAR,PROTECTED_AREA,S,PA_RADAR_S,alarm,valid,normal,benign,6.247360174108675,baseline,balanced_scenario:shift_out:move_to:ROOM_ADMIN
2026-01-12T16:30:41,E000006189,PA_RADAR_S,RADAR,PROTECTED_AREA,S,PA_RADAR_S,alarm,valid,normal,benign,13.172055698664526,baseline,balanced_scenario:shift_out:move_to:ROOM_SECURITY
2026-01-12T16:31:31,E000006192,PIR_HALL_MAIN,PIR,INTERIOR,BLDG,HALL_MAIN,alarm,valid,normal,benign,10.318450298261482,baseline,balanced_scenario:shift_out:move_to:ROOM_SECURITY
2026-01-12T16:31:49,E000006234,PIR_ROOM_SECURITY,PIR,INTERIOR,BLDG,ROOM_SECURITY,alarm,valid,normal,benign,22.70304110665267,baseline,balanced_scenario:shift_out:move_to:ROOM_SECURITY
2026-01-12T16:33:12,E000006060,BMS_SKIN_S_DOOR,BMS,SKIN,BLDG,SKIN_S_DOOR,alarm,valid,normal,benign,19.184134701589375,baseline,balanced_scenario:shift_out:move_to:ROOM_ADMIN
2026-01-12T16:34:27,E000006094,PIR_ROOM_ADMIN,PIR,INTERIOR,BLDG,ROOM_ADMIN,alarm,valid,normal,benign,12.78872595037256,baseline,balanced_scenario:shift_out:move_to:ROOM_ADMIN
2026-01-12T16:35:32,E000006237,BMS_SKIN_S_DOOR,BMS,SKIN,BLDG,SKIN_S_DOOR,alarm,valid,normal,benign,14.489450464462038,baseline,balanced_scenario:shift_out:exit_from:ROOM_SECURITY
2026-01-12T16:35:56,E000006360,BMS_SKIN_S_DOOR,BMS,SKIN,BLDG,SKIN_S_DOOR,alarm,valid,normal,benign,20.685097108274547,baseline,balanced_scenario:shift_out:move_to:ASSET_ROOM
2026-01-12T16:37:03,E000006334,PIR_ROOM_ADMIN,PIR,INTERIOR,BLDG,ROOM_ADMIN,alarm,valid,normal,benign,9.117077447571274,baseline,balanced_scenario:shift_out:move_to:ROOM_ADMIN
2026-01-12T16:37:28,E000006244,PIR_ROOM_ADMIN,PIR,INTERIOR,BLDG,ROOM_ADMIN,alarm,valid,normal,benign,23.923559518456802,baseline,balanced_scenario:shift_out:move_to:ROOM_ADMIN
2026-01-12T16:39:14,E000006306,PIR_ROOM_S_ENTRY,PIR,INTERIOR,BLDG,ROOM_S_ENTRY,alarm,valid,normal,benign,16.935121571385984,baseline,balanced_scenario:shift_out:exit_from:ROOM_SECURITY
2026-01-12T16:46:33,E000006296,PIR_HALL_MAIN,PIR,INTERIOR,BLDG,HALL_MAIN,alarm,valid,normal,benign,25.215747701844013,baseline,balanced_scenario:shift_out:exit_from:ROOM_ADMIN
2026-01-12T16:46:59,E000006084,PIR_ROOM_ADMIN,PIR,INTERIOR,BLDG,ROOM_ADMIN,alarm,valid,normal,benign,28.79131065854634,baseline,balanced_scenario:shift_out:move_to:ROOM_ADMIN
2026-01-12T16:47:10,E000006066,PA_RADAR_S,RADAR,PROTECTED_AREA,S,PA_RADAR_S,alarm,valid,normal,benign,20.398864856467856,baseline,balanced_scenario:shift_out:exit_from:ROOM_ADMIN
2026-01-12T16:47:22,E000005966,PIR_HALL_MAIN,PIR,INTERIOR,BLDG,HALL_MAIN,alarm,valid,normal,benign,11.865972576445799,baseline,balanced_scenario:shift_out:move_to:ROOM_SECURITY
2026-01-12T16:50:32,E000006282,PA_RADAR_S,RADAR,PROTECTED_AREA,S,PA_RADAR_S,alarm,valid,normal,benign,23.142008058733502,baseline,balanced_scenario:shift_out:move_to:ROOM_ADMIN
2026-01-12T16:52:23,E000006228,BMS_SKIN_S_DOOR,BMS,SKIN,BLDG,SKIN_S_DOOR,alarm,valid,normal,benign,17.116511699606843,baseline,balanced_scenario:shift_out:exit_from:ROOM_ADMIN
2026-01-12T16:57:58,E000006077,PA_RADAR_S,RADAR,PROTECTED_AREA,S,PA_RADAR_S,alarm,valid,normal,benign,24.909511922428777,baseline,balanced_scenario:shift_out:exit_from:ROOM_SECURITY
2026-01-12T16:58:21,E000005969,PA_RADAR_S,RADAR,PROTECTED_AREA,S,PA_RADAR_S,alarm,valid,normal,benign,19.263654338961736,baseline,balanced_scenario:shift_out:exit_from:ROOM_SECURITY
2026-01-12T17:03:03,E000006257,PA_RADAR_S,RADAR,PROTECTED_AREA,S,PA_RADAR_S,alarm,valid,normal,benign,16.059381824833068,baseline,balanced_scenario:shift_out:exit_from:ROOM_ADMIN
2026-01-12T17:03:42,E000006249,ACS_S-AC,ACCESS_CTRL,PERIMETER,S-AC,TURNSTILE_S-AC,alarm,valid,normal,benign,9.147342589211227,baseline,balanced_scenario:shift_out:exit_from:ROOM_ADMIN
2026-01-12T17:08:29,E000006263,PIR_HALL_MAIN,PIR,INTERIOR,BLDG,HALL_MAIN,alarm,valid,normal,benign,10.487201542829059,baseline,balanced_scenario:shift_out:move_to:ROOM_SECURITY
2026-01-12T17:09:00,E000006264,PIR_ROOM_SECURITY,PIR,INTERIOR,BLDG,ROOM_SECURITY,alarm,valid,normal,benign,14.627562437425558,baseline,balanced_scenario:shift_out:move_to:ROOM_SECURITY
2026-01-12T17:11:52,E000006329,ACS_S-AC,ACCESS_CTRL,PERIMETER,S-AC,TURNSTILE_S-AC,alarm,valid,normal,benign,21.978748731571596,baseline,balanced_scenario:shift_out:exit_from:ROOM_SECURITY
2026-01-12T17:15:14,E000006088,PA_RADAR_S,RADAR,PROTECTED_AREA,S,PA_RADAR_S,alarm,valid,normal,benign,21.101712791950327,baseline,balanced_scenario:shift_out:exit_from:ROOM_ADMIN
2026-01-12T17:34:18,E000006169,ACS_S-AC,ACCESS_CTRL,PERIMETER,S-AC,TURNSTILE_S-AC,alarm,valid,normal,benign,16.66510692033588,baseline,balanced_scenario:shift_out:exit_from:ROOM_SECURITY
2026-01-12T17:34:55,E000000020,PA_RADAR_N,RADAR,PROTECTED_AREA,N,PA_RADAR_N,alarm,invalid,false_positive,false_positive,22.740400375087766,env,balanced_scenario
2026-01-12T17:34:55,E000000020,PA_RADAR_N,RADAR,PROTECTED_AREA,N,PA_RADAR_N,alarm,invalid,false_positive,false_positive,22.740400375087766,env,balanced_scenario
2026-01-12T17:34:55,E000000020,PA_RADAR_N,RADAR,PROTECTED_AREA,N,PA_RADAR_N,alarm,invalid,false_positive,false_positive,22.740400375087766,env,balanced_scenario
2026-01-12T17:34:55,E000000020,PA_RADAR_N,RADAR,PROTECTED_AREA,N,PA_RADAR_N,alarm,invalid,false_positive,false_positive,22.740400375087766,env,balanced_scenario
2026-01-12T17:34:55,E000000020,PA_RADAR_N,RADAR,PROTECTED_AREA,N,PA_RADAR_N,alarm,invalid,false_positive,false_positive,22.740400375087766,env,balanced_scenario
2026-01-12T17:34:55,E000000020,PA_RADAR_N,RADAR,PROTECTED_AREA,N,PA_RADAR_N,alarm,invalid,false_positive,false_positive,22.740400375087766,env,balanced_scenario
2026-01-12T17:34:55,E000000020,PA_RADAR_N,RADAR,PROTECTED_AREA,N,PA_RADAR_N,alarm,invalid,false_positive,false_positive,22.740400375087766,env,balanced_scenario
2026-01-12T17:34:55,E000000020,PA_RADAR_N,RADAR,PROTECTED_AREA,N,PA_RADAR_N,alarm,invalid,false_positive,false_positive,22.740400375087766,env,balanced_scenario
2026-01-12T17:34:55,E000000020,PA_RADAR_N,RADAR,PROTECTED_AREA,N,PA_RADAR_N,alarm,invalid,false_positive,false_positive,22.740400375087766,env,balanced_scenario
2026-01-12T17:34:55,E000000020,PA_RADAR_N,RADAR,PROTECTED_AREA,N,PA_RADAR_N,alarm,invalid,false_positive,false_positive,22.740400375087766,env,balanced_scenario
2026-01-12T17:34:55,E000000020,PA_RADAR_N,RADAR,PROTECTED_AREA,N,PA_RADAR_N,alarm,invalid,false_positive,false_positive,22.740400375087766,env,balanced_scenario
2026-01-12T17:34:55,E000000020,PA_RADAR_N,RADAR,PROTECTED_AREA,N,PA_RADAR_N,alarm,invalid,false_positive,false_positive,22.740400375087766,env,balanced_scenario
2026-01-12T17:34:55,E000000020,PA_RADAR_N,RADAR,PROTECTED_AREA,N,PA_RADAR_N,alarm,invalid,false_positive,false_positive,22.740400375087766,env,balanced_scenario
2026-01-12T17:34:55,E000000020,PA_RADAR_N,RADAR,PROTECTED_AREA,N,PA_RADAR_N,alarm,invalid,false_positive,false_positive,22.740400375087766,env,balanced_scenario
2026-01-12T17:34:55,E000000020,PA_RADAR_N,RADAR,PROTECTED_AREA,N,PA_RADAR_N,alarm,invalid,false_positive,false_positive,22.740400375087766,env,balanced_scenario
2026-01-12T17:34:55,E000000020,PA_RADAR_N,RADAR,PROTECTED_AREA,N,PA_RADAR_N,alarm,invalid,false_positive,false_positive,22.740400375087766,env,balanced_scenario
2026-01-12T17:34:55,E000000020,PA_RADAR_N,RADAR,PROTECTED_AREA,N,PA_RADAR_N,alarm,invalid,false_positive,false_positive,22.740400375087766,env,balanced_scenario
2026-01-12T17:34:55,E000000020,PA_RADAR_N,RADAR,PROTECTED_AREA,N,PA_RADAR_N,alarm,invalid,false_positive,false_positive,22.740400375087766,env,balanced_scenario
2026-01-12T17:34:55,E000000020,PA_RADAR_N,RADAR,PROTECTED_AREA,N,PA_RADAR_N,alarm,invalid,false_positive,false_positive,22.740400375087766,env,balanced_scenario
2026-01-12T20:57:35,E000006830,PA_RADAR_W,RADAR,PROTECTED_AREA,W,PA_RADAR_W,alarm,intrusion,intrusion:attack_04:step_01:PA_RADAR_W,intrusion,17.11786537299814,adversary,balanced_scenario:attack
2026-01-12T20:57:35,E000006830,PA_RADAR_W,RADAR,PROTECTED_AREA,W,PA_RADAR_W,alarm,intrusion,intrusion:attack_04:step_01:PA_RADAR_W,intrusion,17.11786537299814,adversary,balanced_scenario:attack
2026-01-12T20:57:35,E000006830,PA_RADAR_W,RADAR,PROTECTED_AREA,W,PA_RADAR_W,alarm,intrusion,intrusion:attack_04:step_01:PA_RADAR_W,intrusion,17.11786537299814,adversary,balanced_scenario:attack
2026-01-12T20:57:35,E000006830,PA_RADAR_W,RADAR,PROTECTED_AREA,W,PA_RADAR_W,alarm,intrusion,intrusion:attack_04:step_01:PA_RADAR_W,intrusion,17.11786537299814,adversary,balanced_scenario:attack
2026-01-12T20:57:35,E000006830,PA_RADAR_W,RADAR,PROTECTED_AREA,W,PA_RADAR_W,alarm,intrusion,intrusion:attack_04:step_01:PA_RADAR_W,intrusion,17.11786537299814,adversary,balanced_scenario:attack
2026-01-12T20:57:35,E000006830,PA_RADAR_W,RADAR,PROTECTED_AREA,W,PA_RADAR_W,alarm,intrusion,intrusion:attack_04:step_01:PA_RADAR_W,intrusion,17.11786537299814,adversary,balanced_scenario:attack
2026-01-12T20:57:35,E000006830,PA_RADAR_W,RADAR,PROTECTED_AREA,W,PA_RADAR_W,alarm,intrusion,intrusion:attack_04:step_01:PA_RADAR_W,intrusion,17.11786537299814,adversary,balanced_scenario:attack
2026-01-12T20:57:35,E000006830,PA_RADAR_W,RADAR,PROTECTED_AREA,W,PA_RADAR_W,alarm,intrusion,intrusion:attack_04:step_01:PA_RADAR_W,intrusion,17.11786537299814,adversary,balanced_scenario:attack
2026-01-12T20:57:35,E000006830,PA_RADAR_W,RADAR,PROTECTED_AREA,W,PA_RADAR_W,alarm,intrusion,intrusion:attack_04:step_01:PA_RADAR_W,intrusion,17.11786537299814,adversary,balanced_scenario:attack
2026-01-12T20:57:35,E000006830,PA_RADAR_W,RADAR,PROTECTED_AREA,W,PA_RADAR_W,alarm,intrusion,intrusion:attack_04:step_01:PA_RADAR_W,intrusion,17.11786537299814,adversary,balanced_scenario:attack
2026-01-12T20:57:35,E000006830,PA_RADAR_W,RADAR,PROTECTED_AREA,W,PA_RADAR_W,alarm,intrusion,intrusion:attack_04:step_01:PA_RADAR_W,intrusion,17.11786537299814,adversary,balanced_scenario:attack
2026-01-12T20:57:35,E000006830,PA_RADAR_W,RADAR,PROTECTED_AREA,W,PA_RADAR_W,alarm,intrusion,intrusion:attack_04:step_01:PA_RADAR_W,intrusion,17.11786537299814,adversary,balanced_scenario:attack
2026-01-12T20:57:35,E000006830,PA_RADAR_W,RADAR,PROTECTED_AREA,W,PA_RADAR_W,alarm,intrusion,intrusion:attack_04:step_01:PA_RADAR_W,intrusion,17.11786537299814,adversary,balanced_scenario:attack
2026-01-12T20:57:35,E000006830,PA_RADAR_W,RADAR,PROTECTED_AREA,W,PA_RADAR_W,alarm,intrusion,intrusion:attack_04:step_01:PA_RADAR_W,intrusion,17.11786537299814,adversary,balanced_scenario:attack
2026-01-12T20:57:35,E000006830,PA_RADAR_W,RADAR,PROTECTED_AREA,W,PA_RADAR_W,alarm,intrusion,intrusion:attack_04:step_01:PA_RADAR_W,intrusion,17.11786537299814,adversary,balanced_scenario:attack
2026-01-12T20:57:35,E000006830,PA_RADAR_W,RADAR,PROTECTED_AREA,W,PA_RADAR_W,alarm,intrusion,intrusion:attack_04:step_01:PA_RADAR_W,intrusion,17.11786537299814,adversary,balanced_scenario:attack
2026-01-12T20:57:35,E000006830,PA_RADAR_W,RADAR,PROTECTED_AREA,W,PA_RADAR_W,alarm,intrusion,intrusion:attack_04:step_01:PA_RADAR_W,intrusion,17.11786537299814,adversary,balanced_scenario:attack
2026-01-12T20:57:35,E000006830,PA_RADAR_W,RADAR,PROTECTED_AREA,W,PA_RADAR_W,alarm,intrusion,intrusion:attack_04:step_01:PA_RADAR_W,intrusion,17.11786537299814,adversary,balanced_scenario:attack
2026-01-12T20:57:35,E000006830,PA_RADAR_W,RADAR,PROTECTED_AREA,W,PA_RADAR_W,alarm,intrusion,intrusion:attack_04:step_01:PA_RADAR_W,intrusion,17.11786537299814,adversary,balanced_scenario:attack
2026-01-12T20:57:35,E000006830,PA_RADAR_W,RADAR,PROTECTED_AREA,W,PA_RADAR_W,alarm,intrusion,intrusion:attack_04:step_01:PA_RADAR_W,intrusion,17.11786537299814,adversary,balanced_scenario:attack
2026-01-12T20:57:35,E000006830,PA_RADAR_W,RADAR,PROTECTED_AREA,W,PA_RADAR_W,alarm,intrusion,intrusion:attack_04:step_01:PA_RADAR_W,intrusion,17.11786537299814,adversary,balanced_scenario:attack
2026-01-12T20:57:35,E000006830,PA_RADAR_W,RADAR,PROTECTED_AREA,W,PA_RADAR_W,alarm,intrusion,intrusion:attack_04:step_01:PA_RADAR_W,intrusion,17.11786537299814,adversary,balanced_scenario:attack
2026-01-12T20:57:35,E000006830,PA_RADAR_W,RADAR,PROTECTED_AREA,W,PA_RADAR_W,alarm,intrusion,intrusion:attack_04:step_01:PA_RADAR_W,intrusion,17.11786537299814,adversary,balanced_scenario:attack
2026-01-12T20:57:35,E000006830,PA_RADAR_W,RADAR,PROTECTED_AREA,W,PA_RADAR_W,alarm,intrusion,intrusion:attack_04:step_01:PA_RADAR_W,intrusion,17.11786537299814,adversary,balanced_scenario:attack
2026-01-12T20:57:35,E000006830,PA_RADAR_W,RADAR,PROTECTED_AREA,W,PA_RADAR_W,alarm,intrusion,intrusion:attack_04:step_01:PA_RADAR_W,intrusion,17.11786537299814,adversary,balanced_scenario:attack
2026-01-12T20:57:35,E000006830,PA_RADAR_W,RADAR,PROTECTED_AREA,W,PA_RADAR_W,alarm,intrusion,intrusion:attack_04:step_01:PA_RADAR_W,intrusion,17.11786537299814,adversary,balanced_scenario:attack
2026-01-12T21:39:43,E000000023,PA_RADAR_S,RADAR,PROTECTED_AREA,S,PA_RADAR_S,alarm,invalid,false_positive,false_positive,32.5141398738014,env,balanced_scenario
2026-01-12T21:39:43,E000000023,PA_RADAR_S,RADAR,PROTECTED_AREA,S,PA_RADAR_S,alarm,invalid,false_positive,false_positive,32.5141398738014,env,balanced_scenario
2026-01-12T21:39:43,E000000023,PA_RADAR_S,RADAR,PROTECTED_AREA,S,PA_RADAR_S,alarm,invalid,false_positive,false_positive,32.5141398738014,env,balanced_scenario
2026-01-12T21:39:43,E000000023,PA_RADAR_S,RADAR,PROTECTED_AREA,S,PA_RADAR_S,alarm,invalid,false_positive,false_positive,32.5141398738014,env,balanced_scenario
2026-01-12T21:39:43,E000000023,PA_RADAR_S,RADAR,PROTECTED_AREA,S,PA_RADAR_S,alarm,invalid,false_positive,false_positive,32.5141398738014,env,balanced_scenario
2026-01-12T21:39:43,E000000023,PA_RADAR_S,RADAR,PROTECTED_AREA,S,PA_RADAR_S,alarm,invalid,false_positive,false_positive,32.5141398738014,env,balanced_scenario
2026-01-12T21:39:43,E000000023,PA_RADAR_S,RADAR,PROTECTED_AREA,S,PA_RADAR_S,alarm,invalid,false_positive,false_positive,32.5141398738014,env,balanced_scenario
2026-01-12T21:39:43,E000000023,PA_RADAR_S,RADAR,PROTECTED_AREA,S,PA_RADAR_S,alarm,invalid,false_positive,false_positive,32.5141398738014,env,balanced_scenario
2026-01-12T21:39:43,E000000023,PA_RADAR_S,RADAR,PROTECTED_AREA,S,PA_RADAR_S,alarm,invalid,false_positive,false_positive,32.5141398738014,env,balanced_scenario
2026-01-12T21:39:43,E000000023,PA_RADAR_S,RADAR,PROTECTED_AREA,S,PA_RADAR_S,alarm,invalid,false_positive,false_positive,32.5141398738014,env,balanced_scenario
2026-01-12T21:39:43,E000000023,PA_RADAR_S,RADAR,PROTECTED_AREA,S,PA_RADAR_S,alarm,invalid,false_positive,false_positive,32.5141398738014,env,balanced_scenario
2026-01-12T21:39:43,E000000023,PA_RADAR_S,RADAR,PROTECTED_AREA,S,PA_RADAR_S,alarm,invalid,false_positive,false_positive,32.5141398738014,env,balanced_scenario
2026-01-12T21:39:43,E000000023,PA_RADAR_S,RADAR,PROTECTED_AREA,S,PA_RADAR_S,alarm,invalid,false_positive,false_positive,32.5141398738014,env,balanced_scenario
2026-01-12T21:39:43,E000000023,PA_RADAR_S,RADAR,PROTECTED_AREA,S,PA_RADAR_S,alarm,invalid,false_positive,false_positive,32.5141398738014,env,balanced_scenario
