timestamp,event_id,sensor_id,sensor_type,layer,sector,zone,event_type,assessment,scenario_label,ground_truth,assessment_latency_s,actor,meta
2026-01-01T03:19:22,E000000033,PIR_ROOM_W_ENTRY,PIR,INTERIOR,BLDG,ROOM_W_ENTRY,alarm,invalid,false_positive,false_positive,21.436806224879742,env,balanced_train
2026-01-01T03:19:22,E000000033,PIR_ROOM_W_ENTRY,PIR,INTERIOR,BLDG,ROOM_W_ENTRY,alarm,invalid,false_positive,false_positive,21.436806224879742,env,balanced_train
2026-01-01T03:19:22,E000000033,PIR_ROOM_W_ENTRY,PIR,INTERIOR,BLDG,ROOM_W_ENTRY,alarm,invalid,false_positive,false_positive,21.436806224879742,env,balanced_train
2026-01-01T03:19:22,E000000033,PIR_ROOM_W_ENTRY,PIR,INTERIOR,BLDG,ROOM_W_ENTRY,alarm,invalid,false_positive,false_positive,21.436806224879742,env,balanced_train
2026-01-01T03:19:22,E000000033,PIR_ROOM_W_ENTRY,PIR,INTERIOR,BLDG,ROOM_W_ENTRY,alarm,invalid,false_positive,false_positive,21.436806224879742,env,balanced_train
2026-01-01T03:19:22,E000000033,PIR_ROOM_W_ENTRY,PIR,INTERIOR,BLDG,ROOM_W_ENTRY,alarm,invalid,false_positive,false_positive,21.436806224879742,env,balanced_train
2026-01-01T03:19:22,E000000033,PIR_ROOM_W_ENTRY,PIR,INTERIOR,BLDG,ROOM_W_ENTRY,alarm,invalid,false_positive,false_positive,21.436806224879742,env,balanced_train
2026-01-01T04:45:15,E000000017,RADAR_S-1,RADAR,PERIMETER,S-1,PERIM_S-1,alarm,invalid,false_positive,false_positive,17.928481691402,env,balanced_train
2026-01-01T04:45:15,E000000017,RADAR_S-1,RADAR,PERIMETER,S-1,PERIM_S-1,alarm,invalid,false_positive,false_positive,17.928481691402,env,balanced_train
2026-01-01T04:45:15,E000000017,RADAR_S-1,RADAR,PERIMETER,S-1,PERIM_S-1,alarm,invalid,false_positive,false_positive,17.928481691402,env,balanced_train
2026-01-01T04:45:15,E000000017,RADAR_S-1,RADAR,PERIMETER,S-1,PERIM_S-1,alarm,invalid,false_positive,false_positive,17.928481691402,env,balanced_train
2026-01-01T04:45:15,E000000017,RADAR_S-1,RADAR,PERIMETER,S-1,PERIM_S-1,alarm,invalid,false_positive,false_positive,17.928481691402,env,balanced_train
2026-01-01T04:45:15,E000000017,RADAR_S-1,RADAR,PERIMETER,S-1,PERIM_S-1,alarm,invalid,false_positive,false_positive,17.928481691402,env,balanced_train
2026-01-01T04:45:15,E000000017,RADAR_S-1,RADAR,PERIMETER,S-1,PERIM_S-1,alarm,invalid,false_positive,false_positive,17.928481691402,env,balanced_train
2026-01-01T04:45:15,E000000017,RADAR_S-1,RADAR,PERIMETER,S-1,PERIM_S-1,alarm,invalid,false_positive,false_positive,17.928481691402,env,balanced_train
2026-01-01T06:14:22,E000000000,FENCE_DISTURB_N-0,FENCE_DISTURB,PERIMETER,N-0,PERIM_N-0,alarm,invalid,false_positive,false_positive,21.32230247007167,env,balanced_train
2026-01-01T06:14:22,E000000000,FENCE_DISTURB_N-0,FENCE_DISTURB,PERIMETER,N-0,PERIM_N-0,alarm,invalid,false_positive,false_positive,21.32230247007167,env,balanced_train
2026-01-01T06:14:22,E000000000,FENCE_DISTURB_N-0,FENCE_DISTURB,PERIMETER,N-0,PERIM_N-0,alarm,invalid,false_positive,false_positive,21.32230247007167,env,balanced_train
2026-01-01T06:14:22,E000000000,FENCE_DISTURB_N-0,FENCE_DISTURB,PERIMETER,N-0,PERIM_N-0,alarm,invalid,false_positive,false_positive,21.32230247007167,env,balanced_train
2026-01-01T06:14:22,E000000000,FENCE_DISTURB_N-0,FENCE_DISTURB,PERIMETER,N-0,PERIM_N-0,alarm,invalid,false_positive,false_positive,21.32230247007167,env,balanced_train
2026-01-01T06:14:22,E000000000,FENCE_DISTURB_N-0,FENCE_DISTURB,PERIMETER,N-0,PERIM_N-0,alarm,invalid,false_positive,false_positive,21.32230247007167,env,balanced_train
2026-01-01T06:14:22,E000000000,FENCE_DISTURB_N-0,FENCE_DISTURB,PERIMETER,N-0,PERIM_N-0,alarm,invalid,false_positive,false_positive,21.32230247007167,env,balanced_train
2026-01-01T06:14:22,E000000000,FENCE_DISTURB_N-0,FENCE_DISTURB,PERIMETER,N-0,PERIM_N-0,alarm,invalid,false_positive,false_positive,21.32230247007167,env,balanced_train
2026-01-01T06:14:22,E000000000,FENCE_DISTURB_N-0,FENCE_DISTURB,PERIMETER,N-0,PERIM_N-0,alarm,invalid,false_positive,false_positive,21.32230247007167,env,balanced_train
2026-01-01T07:02:27,E000000028,GLASSBREAK_SKIN_W_WIN1,GLASSBREAK,SKIN,BLDG,SKIN_W_WIN1,alarm,invalid,false_positive,false_positive,13.728908844731748,env,balanced_train
2026-01-01T07:02:27,E000000028,GLASSBREAK_SKIN_W_WIN1,GLASSBREAK,SKIN,BLDG,SKIN_W_WIN1,alarm,invalid,false_positive,false_positive,13.728908844731748,env,balanced_train
2026-01-01T07:02:27,E000000028,GLASSBREAK_SKIN_W_WIN1,GLASSBREAK,SKIN,BLDG,SKIN_W_WIN1,alarm,invalid,false_positive,false_positive,13.728908844731748,env,balanced_train
2026-01-01T07:02:27,E000000028,GLASSBREAK_SKIN_W_WIN1,GLASSBREAK,SKIN,BLDG,SKIN_W_WIN1,alarm,invalid,false_positive,false_positive,13.728908844731748,env,balanced_train
2026-01-01T07:02:27,E000000028,GLASSBREAK_SKIN_W_WIN1,GLASSBREAK,SKIN,BLDG,SKIN_W_WIN1,alarm,invalid,false_positive,false_positive,13.728908844731748,env,balanced_train
2026-01-01T07:02:27,E000000028,GLASSBREAK_SKIN_W_WIN1,GLASSBREAK,SKIN,BLDG,SKIN_W_WIN1,alarm,invalid,false_positive,false_positive,13.728908844731748,env,balanced_train
2026-01-01T07:02:27,E000000028,GLASSBREAK_SKIN_W_WIN1,GLASSBREAK,SKIN,BLDG,SKIN_W_WIN1,alarm,invalid,false_positive,false_positive,13.728908844731748,env,balanced_train
2026-01-01T07:02:27,E000000028,GLASSBREAK_SKIN_W_WIN1,GLASSBREAK,SKIN,BLDG,SKIN_W_WIN1,alarm,invalid,false_positive,false_positive,13.728908844731748,env,balanced_train
2026-01-01T07:02:27,E000000028,GLASSBREAK_SKIN_W_WIN1,GLASSBREAK,SKIN,BLDG,SKIN_W_WIN1,alarm,invalid,false_positive,false_positive,13.728908844731748,env,balanced_train
2026-01-01T07:02:27,E000000028,GLASSBREAK_SKIN_W_WIN1,GLASSBREAK,SKIN,BLDG,SKIN_W_WIN1,alarm,invalid,false_positive,false_positive,13.728908844731748,env,balanced_train
2026-01-01T07:02:27,E000000028,GLASSBREAK_SKIN_W_WIN1,GLASSBREAK,SKIN,BLDG,SKIN_W_WIN1,alarm,invalid,false_positive,false_positive,13.728908844731748,env,balanced_train
2026-01-01T07:02:27,E000000028,GLASSBREAK_SKIN_W_WIN1,GLASSBREAK,SKIN,BLDG,SKIN_W_WIN1,alarm,invalid,false_positive,false_positive,13.728908844731748,env,balanced_train
2026-01-01T07:02:27,E000000028,GLASSBREAK_SKIN_W_WIN1,GLASSBREAK,SKIN,BLDG,SKIN_W_WIN1,alarm,invalid,false_positive,false_positive,13.728908844731748,env,balanced_train
2026-01-01T07:02:27,E000000028,GLASSBREAK_SKIN_W_WIN1,GLASSBREAK,SKIN,BLDG,SKIN_W_WIN1,alarm,invalid,false_positive,false_positive,13.728908844731748,env,balanced_train
2026-01-01T07:02:27,E000000028,GLASSBREAK_SKIN_W_WIN1,GLASSBREAK,SKIN,BLDG,SKIN_W_WIN1,alarm,invalid,false_positive,false_positive,13.728908844731748,env,balanced_train
2026-01-01T07:11:34,E000000135,ACS_S-AC,ACCESS_CTRL,PERIMETER,S-AC,TURNSTILE_S-AC,alarm,valid,normal,benign,18.034920222407088,baseline,balanced_train:shift_in:exit_from:ROOM_SECURITY
2026-01-01T07:13:14,E000000497,ACS_S-AC,ACCESS_CTRL,PERIMETER,S-AC,TURNSTILE_S-AC,alarm,valid,normal,benign,10.351294226120217,baseline,balanced_train:shift_in:turnstile_entry
2026-01-01T07:14:21,E000000500,PIR_HALL_MAIN,PIR,INTERIOR,BLDG,HALL_MAIN,alarm,valid,normal,benign,12.830047398584904,baseline,balanced_train:shift_in:move_to:ROOM_SECURITY
2026-01-01T07:15:33,E000000314,BMS_SKIN_S_DOOR,BMS,SKIN,BLDG,SKIN_S_DOOR,alarm,valid,normal,benign,18.347743074714142,baseline,balanced_train:shift_in:move_to:ROOM_SECURITY
2026-01-01T07:20:16,E000000443,BMS_SKIN_S_DOOR,BMS,SKIN,BLDG,SKIN_S_DOOR,alarm,valid,normal,benign,12.375467534219698,baseline,balanced_train:shift_in:move_to:ROOM_SECURITY
2026-01-01T07:22:04,E000000368,PIR_ROOM_S_ENTRY,PIR,INTERIOR,BLDG,ROOM_S_ENTRY,alarm,valid,normal,benign,23.65877901140408,baseline,balanced_train:shift_in:move_to:ROOM_ADMIN
2026-01-01T07:22:27,E000000044,PIR_HALL_MAIN,PIR,INTERIOR,BLDG,HALL_MAIN,alarm,valid,normal,benign,20.533121401504104,baseline,balanced_train:shift_in:move_to:ROOM_ADMIN
2026-01-01T07:23:58,E000000297,PIR_HALL_MAIN,PIR,INTERIOR,BLDG,HALL_MAIN,alarm,valid,normal,benign,17.18080699229951,baseline,balanced_train:shift_in:exit_from:ROOM_SECURITY
2026-01-01T07:26:34,E000000513,PIR_ROOM_S_ENTRY,PIR,INTERIOR,BLDG,ROOM_S_ENTRY,alarm,valid,normal,benign,6.968740441352638,baseline,balanced_train:shift_in:exit_from:ROOM_ADMIN
2026-01-01T07:29:30,E000000200,PIR_HALL_MAIN,PIR,INTERIOR,BLDG,HALL_MAIN,alarm,valid,normal,benign,23.04999346216306,baseline,balanced_train:shift_in:move_to:ROOM_ADMIN
2026-01-01T07:36:14,E000000081,PA_RADAR_S,RADAR,PROTECTED_AREA,S,PA_RADAR_S,alarm,valid,normal,benign,15.075468445864127,baseline,balanced_train:shift_in:exit_from:ROOM_SECURITY
2026-01-01T07:36:24,E000000082,ACS_S-AC,ACCESS_CTRL,PERIMETER,S-AC,TURNSTILE_S-AC,alarm,valid,normal,benign,9.986489624820397,baseline,balanced_train:shift_in:exit_from:ROOM_SECURITY
2026-01-01T07:39:42,E000009601,FENCE_DISTURB_E-0,FENCE_DISTURB,PERIMETER,E-0,PERIM_E-0,alarm,intrusion,intrusion:attack_00:step_00:PERIM_E-0,intrusion,15.31888686609912,adversary,balanced_train:attack
2026-01-01T07:39:42,E000009601,FENCE_DISTURB_E-0,FENCE_DISTURB,PERIMETER,E-0,PERIM_E-0,alarm,intrusion,intrusion:attack_00:step_00:PERIM_E-0,intrusion,15.31888686609912,adversary,balanced_train:attack
2026-01-01T07:39:42,E000009601,FENCE_DISTURB_E-0,FENCE_DISTURB,PERIMETER,E-0,PERIM_E-0,alarm,intrusion,intrusion:attack_00:step_00:PERIM_E-0,intrusion,15.31888686609912,adversary,balanced_train:attack
2026-01-01T07:39:42,E000009601,FENCE_DISTURB_E-0,FENCE_DISTURB,PERIMETER,E-0,PERIM_E-0,alarm,intrusion,intrusion:attack_00:step_00:PERIM_E-0,intrusion,15.31888686609912,adversary,balanced_train:attack
2026-01-01T07:39:42,E000009601,FENCE_DISTURB_E-0,FENCE_DISTURB,PERIMETER,E-0,PERIM_E-0,alarm,intrusion,intrusion:attack_00:step_00:PERIM_E-0,intrusion,15.31888686609912,adversary,balanced_train:attack
2026-01-01T07:39:42,E000009601,FENCE_DISTURB_E-0,FENCE_DISTURB,PERIMETER,E-0,PERIM_E-0,alarm,intrusion,intrusion:attack_00:step_00:PERIM_E-0,intrusion,15.31888686609912,adversary,balanced_train:attack
2026-01-01T07:39:42,E000009601,FENCE_DISTURB_E-0,FENCE_DISTURB,PERIMETER,E-0,PERIM_E-0,alarm,intrusion,intrusion:attack_00:step_00:PERIM_E-0,intrusion,15.31888686609912,adversary,balanced_train:attack
2026-01-01T07:39:42,E000009601,FENCE_DISTURB_E-0,FENCE_DISTURB,PERIMETER,E-0,PERIM_E-0,alarm,intrusion,intrusion:attack_00:step_00:PERIM_E-0,intrusion,15.31888686609912,adversary,balanced_train:attack
2026-01-01T07:39:42,E000009601,FENCE_DISTURB_E-0,FENCE_DISTURB,PERIMETER,E-0,PERIM_E-0,alarm,intrusion,intrusion:attack_00:step_00:PERIM_E-0,intrusion,15.31888686609912,adversary,balanced_train:attack
2026-01-01T07:39:42,E000009601,FENCE_DISTURB_E-0,FENCE_DISTURB,PERIMETER,E-0,PERIM_E-0,alarm,intrusion,intrusion:attack_00:step_00:PERIM_E-0,intrusion,15.31888686609912,adversary,balanced_train:attack
2026-01-01T07:39:42,E000009601,FENCE_DISTURB_E-0,FENCE_DISTURB,PERIMETER,E-0,PERIM_E-0,alarm,intrusion,intrusion:attack_00:step_00:PERIM_E-0,intrusion,15.31888686609912,adversary,balanced_train:attack
2026-01-01T07:39:42,E000009601,FENCE_DISTURB_E-0,FENCE_DISTURB,PERIMETER,E-0,PERIM_E-0,alarm,intrusion,intrusion:attack_00:step_00:PERIM_E-0,intrusion,15.31888686609912,adversary,balanced_train:attack
2026-01-01T07:39:42,E000009601,FENCE_DISTURB_E-0,FENCE_DISTURB,PERIMETER,E-0,PERIM_E-0,alarm,intrusion,intrusion:attack_00:step_00:PERIM_E-0,intrusion,15.31888686609912,adversary,balanced_train:attack
2026-01-01T07:39:42,E000009601,FENCE_DISTURB_E-0,FENCE_DISTURB,PERIMETER,E-0,PERIM_E-0,alarm,intrusion,intrusion:attack_00:step_00:PERIM_E-0,intrusion,15.31888686609912,adversary,balanced_train:attack
2026-01-01T07:39:42,E000009601,FENCE_DISTURB_E-0,FENCE_DISTURB,PERIMETER,E-0,PERIM_E-0,alarm,intrusion,intrusion:attack_00:step_00:PERIM_E-0,intrusion,15.31888686609912,adversary,balanced_train:attack
2026-01-01T07:39:42,E000009601,FENCE_DISTURB_E-0,FENCE_DISTURB,PERIMETER,E-0,PERIM_E-0,alarm,intrusion,intrusion:attack_00:step_00:PERIM_E-0,intrusion,15.31888686609912,adversary,balanced_train:attack
2026-01-01T07:39:42,E000009601,FENCE_DISTURB_E-0,FENCE_DISTURB,PERIMETER,E-0,PERIM_E-0,alarm,intrusion,intrusion:attack_00:step_00:PERIM_E-0,intrusion,15.31888686609912,adversary,balanced_train:attack
2026-01-01T07:39:42,E000009601,FENCE_DISTURB_E-0,FENCE_DISTURB,PERIMETER,E-0,PERIM_E-0,alarm,intrusion,intrusion:attack_00:step_00:PERIM_E-0,intrusion,15.31888686609912,adversary,balanced_train:attack
2026-01-01T07:39:42,E000009601,FENCE_DISTURB_E-0,FENCE_DISTURB,PERIMETER,E-0,PERIM_E-0,alarm,intrusion,intrusion:attack_00:step_00:PERIM_E-0,intrusion,15.31888686609912,adversary,balanced_train:attack
2026-01-01T07:39:42,E000009601,FENCE_DISTURB_E-0,FENCE_DISTURB,PERIMETER,E-0,PERIM_E-0,alarm,intrusion,intrusion:attack_00:step_00:PERIM_E-0,intrusion,15.31888686609912,adversary,balanced_train:attack
2026-01-01T07:39:42,E000009601,FENCE_DISTURB_E-0,FENCE_DISTURB,PERIMETER,E-0,PERIM_E-0,alarm,intrusion,intrusion:attack_00:step_00:PERIM_E-0,intrusion,15.31888686609912,adversary,balanced_train:attack
2026-01-01T07:39:42,E000009601,FENCE_DISTURB_E-0,FENCE_DISTURB,PERIMETER,E-0,PERIM_E-0,alarm,intrusion,intrusion:attack_00:step_00:PERIM_E-0,intrusion,15.31888686609912,adversary,balanced_train:attack
2026-01-01T07:39:42,E000009601,FENCE_DISTURB_E-0,FENCE_DISTURB,PERIMETER,E-0,PERIM_E-0,alarm,intrusion,intrusion:attack_00:step_00:PERIM_E-0,intrusion,15.31888686609912,adversary,balanced_train:attack
2026-01-01T07:39:42,E000009601,FENCE_DISTURB_E-0,FENCE_DISTURB,PERIMETER,E-0,PERIM_E-0,alarm,intrusion,intrusion:attack_00:step_00:PERIM_E-0,intrusion,15.31888686609912,adversary,balanced_train:attack
2026-01-01T07:39:42,E000009601,FENCE_DISTURB_E-0,FENCE_DISTURB,PERIMETER,E-0,PERIM_E-0,alarm,intrusion,intrusion:attack_00:step_00:PERIM_E-0,intrusion,15.31888686609912,adversary,balanced_train:attack
2026-01-01T07:39:42,E000009601,FENCE_DISTURB_E-0,FENCE_DISTURB,PERIMETER,E-0,PERIM_E-0,alarm,intrusion,intrusion:attack_00:step_00:PERIM_E-0,intrusion,15.31888686609912,adversary,balanced_train:attack
2026-01-01T07:39:42,E000009601,FENCE_DISTURB_E-0,FENCE_DISTURB,PERIMETER,E-0,PERIM_E-0,alarm,intrusion,intrusion:attack_00:step_00:PERIM_E-0,intrusion,15.31888686609912,adversary,balanced_train:attack
2026-01-01T07:39:42,E000009601,FENCE_DISTURB_E-0,FENCE_DISTURB,PERIMETER,E-0,PERIM_E-0,alarm,intrusion,intrusion:attack_00:step_00:PERIM_E-0,intrusion,15.31888686609912,adversary,balanced_train:attack
2026-01-01T07:39:42,E000009601,FENCE_DISTURB_E-0,FENCE_DISTURB,PERIMETER,E-0,PERIM_E-0,alarm,intrusion,intrusion:attack_00:step_00:PERIM_E-0,intrusion,15.31888686609912,adversary,balanced_train:attack
2026-01-01T07:39:42,E000009601,FENCE_DISTURB_E-0,FENCE_DISTURB,PERIMETER,E-0,PERIM_E-0,alarm,intrusion,intrusion:attack_00:step_00:PERIM_E-0,intrusion,15.31888686609912,adversary,balanced_train:attack
2026-01-01T07:39:42,E000009601,FENCE_DISTURB_E-0,FENCE_DISTURB,PERIMETER,E-0,PERIM_E-0,alarm,intrusion,intrusion:attack_00:step_00:PERIM_E-0,intrusion,15.31888686609912,adversary,balanced_train:attack
2026-01-01T07:39:42,E000009601,FENCE_DISTURB_E-0,FENCE_DISTURB,PERIMETER,E-0,PERIM_E-0,alarm,intrusion,intrusion:attack_00:step_00:PERIM_E-0,intrusion,15.31888686609912,adversary,balanced_train:attack
2026-01-01T07:39:42,E000009601,FENCE_DISTURB_E-0,FENCE_DISTURB,PERIMETER,E-0,PERIM_E-0,alarm,intrusion,intrusion:attack_00:step_00:PERIM_E-0,intrusion,15.31888686609912,adversary,balanced_train:attack
2026-01-01T07:39:42,E000009601,FENCE_DISTURB_E-0,FENCE_DISTURB,PERIMETER,E-0,PERIM_E-0,alarm,intrusion,intrusion:attack_00:step_00:PERIM_E-0,intrusion,15.31888686609912,adversary,balanced_train:attack
2026-01-01T07:39:42,E000009601,FENCE_DISTURB_E-0,FENCE_DISTURB,PERIMETER,E-0,PERIM_E-0,alarm,intrusion,intrusion:attack_00:step_00:PERIM_E-0,intrusion,15.31888686609912,adversary,balanced_train:attack
2026-01-01T07:39:42,E000009601,FENCE_DISTURB_E-0,FENCE_DISTURB,PERIMETER,E-0,PERIM_E-0,alarm,intrusion,intrusion:attack_00:step_00:PERIM_E-0,intrusion,15.31888686609912,adversary,balanced_train:attack
2026-01-01T07:40:09,E000009602,PA_RADAR_E,RADAR,PROTECTED_AREA,E,PA_RADAR_E,alarm,intrusion,intrusion:attack_00:step_01:PA_RADAR_E,intrusion,11.063647486070309,adversary,balanced_train:attack
2026-01-01T07:40:09,E000009602,PA_RADAR_E,RADAR,PROTECTED_AREA,E,PA_RADAR_E,alarm,intrusion,intrusion:attack_00:step_01:PA_RADAR_E,intrusion,11.063647486070309,adversary,balanced_train:attack
2026-01-01T07:40:09,E000009602,PA_RADAR_E,RADAR,PROTECTED_AREA,E,PA_RADAR_E,alarm,intrusion,intrusion:attack_00:step_01:PA_RADAR_E,intrusion,11.063647486070309,adversary,balanced_train:attack
2026-01-01T07:40:09,E000009602,PA_RADAR_E,RADAR,PROTECTED_AREA,E,PA_RADAR_E,alarm,intrusion,intrusion:attack_00:step_01:PA_RADAR_E,intrusion,11.063647486070309,adversary,balanced_train:attack
2026-01-01T07:40:09,E000009602,PA_RADAR_E,RADAR,PROTECTED_AREA,E,PA_RADAR_E,alarm,intrusion,intrusion:attack_00:step_01:PA_RADAR_E,intrusion,11.063647486070309,adversary,balanced_train:attack
2026-01-01T07:40:09,E000009602,PA_RADAR_E,RADAR,PROTECTED_AREA,E,PA_RADAR_E,alarm,intrusion,intrusion:attack_00:step_01:PA_RADAR_E,intrusion,11.063647486070309,adversary,balanced_train:attack
2026-01-01T07:40:09,E000009602,PA_RADAR_E,RADAR,PROTECTED_AREA,E,PA_RADAR_E,alarm,intrusion,intrusion:attack_00:step_01:PA_RADAR_E,intrusion,11.063647486070309,adversary,balanced_train:attack
2026-01-01T07:40:09,E000009602,PA_RADAR_E,RADAR,PROTECTED_AREA,E,PA_RADAR_E,alarm,intrusion,intrusion:attack_00:step_01:PA_RADAR_E,intrusion,11.063647486070309,adversary,balanced_train:attack
2026-01-01T07:40:09,E000009602,PA_RADAR_E,RADAR,PROTECTED_AREA,E,PA_RADAR_E,alarm,intrusion,intrusion:attack_00:step_01:PA_RADAR_E,intrusion,11.063647486070309,adversary,balanced_train:attack
2026-01-01T07:40:09,E000009602,PA_RADAR_E,RADAR,PROTECTED_AREA,E,PA_RADAR_E,alarm,intrusion,intrusion:attack_00:step_01:PA_RADAR_E,intrusion,11.063647486070309,adversary,balanced_train:attack
2026-01-01T07:40:09,E000009602,PA_RADAR_E,RADAR,PROTECTED_AREA,E,PA_RADAR_E,alarm,intrusion,intrusion:attack_00:step_01:PA_RADAR_E,intrusion,11.063647486070309,adversary,balanced_train:attack
2026-01-01T07:40:09,E000009602,PA_RADAR_E,RADAR,PROTECTED_AREA,E,PA_RADAR_E,alarm,intrusion,intrusion:attack_00:step_01:PA_RADAR_E,intrusion,11.063647486070309,adversary,balanced_train:attack
2026-01-01T07:40:09,E000009602,PA_RADAR_E,RADAR,PROTECTED_AREA,E,PA_RADAR_E,alarm,intrusion,intrusion:attack_00:step_01:PA_RADAR_E,intrusion,11.063647486070309,adversary,balanced_train:attack
2026-01-01T07:40:09,E000009602,PA_RADAR_E,RADAR,PROTECTED_AREA,E,PA_RADAR_E,alarm,intrusion,intrusion:attack_00:step_01:PA_RADAR_E,intrusion,11.063647486070309,adversary,balanced_train:attack
2026-01-01T07:40:09,E000009602,PA_RADAR_E,RADAR,PROTECTED_AREA,E,PA_RADAR_E,alarm,intrusion,intrusion:attack_00:step_01:PA_RADAR_E,intrusion,11.063647486070309,adversary,balanced_train:attack
2026-01-01T07:40:09,E000009602,PA_RADAR_E,RADAR,PROTECTED_AREA,E,PA_RADAR_E,alarm,intrusion,intrusion:attack_00:step_01:PA_RADAR_E,intrusion,11.063647486070309,adversary,balanced_train:attack
2026-01-01T07:40:09,E000009602,PA_RADAR_E,RADAR,PROTECTED_AREA,E,PA_RADAR_E,alarm,intrusion,intrusion:attack_00:step_01:PA_RADAR_E,intrusion,11.063647486070309,adversary,balanced_train:attack
2026-01-01T07:40:09,E000009602,PA_RADAR_E,RADAR,PROTECTED_AREA,E,PA_RADAR_E,alarm,intrusion,intrusion:attack_00:step_01:PA_RADAR_E,intrusion,11.063647486070309,adversary,balanced_train:attack
2026-01-01T07:40:09,E000009602,PA_RADAR_E,RADAR,PROTECTED_AREA,E,PA_RADAR_E,alarm,intrusion,intrusion:attack_00:step_01:PA_RADAR_E,intrusion,11.063647486070309,adversary,balanced_train:attack
2026-01-01T07:40:09,E000009602,PA_RADAR_E,RADAR,PROTECTED_AREA,E,PA_RADAR_E,alarm,intrusion,intrusion:attack_00:step_01:PA_RADAR_E,intrusion,11.063647486070309,adversary,balanced_train:attack
2026-01-01T07:40:09,E000009602,PA_RADAR_E,RADAR,PROTECTED_AREA,E,PA_RADAR_E,alarm,intrusion,intrusion:attack_00:step_01:PA_RADAR_E,intrusion,11.063647486070309,adversary,balanced_train:attack
2026-01-01T07:40:09,E000009602,PA_RADAR_E,RADAR,PROTECTED_AREA,E,PA_RADAR_E,alarm,intrusion,intrusion:attack_00:step_01:PA_RADAR_E,intrusion,11.063647486070309,adversary,balanced_train:attack
2026-01-01T07:40:09,E000009602,PA_RADAR_E,RADAR,PROTECTED_AREA,E,PA_RADAR_E,alarm,intrusion,intrusion:attack_00:step_01:PA_RADAR_E,intrusion,11.063647486070309,adversary,balanced_train:attack
2026-01-01T07:40:09,E000009602,PA_RADAR_E,RADAR,PROTECTED_AREA,E,PA_RADAR_E,alarm,intrusion,intrusion:attack_00:step_01:PA_RADAR_E,intrusion,11.063647486070309,adversary,balanced_train:attack
2026-01-01T07:40:09,E000009602,PA_RADAR_E,RADAR,PROTECTED_AREA,E,PA_RADAR_E,alarm,intrusion,intrusion:attack_00:step_01:PA_RADAR_E,intrusion,11.063647486070309,adversary,balanced_train:attack
2026-01-01T07:40:09,E000009602,PA_RADAR_E,RADAR,PROTECTED_AREA,E,PA_RADAR_E,alarm,intrusion,intrusion:attack_00:step_01:PA_RADAR_E,intrusion,11.063647486070309,adversary,balanced_train:attack
2026-01-01T07:40:09,E000009602,PA_RADAR_E,RADAR,PROTECTED_AREA,E,PA_RADAR_E,alarm,intrusion,intrusion:attack_00:step_01:PA_RADAR_E,intrusion,11.063647486070309,adversary,balanced_train:attack
2026-01-01T07:40:09,E000009602,PA_RADAR_E,RADAR,PROTECTED_AREA,E,PA_RADAR_E,alarm,intrusion,intrusion:attack_00:step_01:PA_RADAR_E,intrusion,11.063647486070309,adversary,balanced_train:attack
2026-01-01T07:40:09,E000009602,PA_RADAR_E,RADAR,PROTECTED_AREA,E,PA_RADAR_E,alarm,intrusion,intrusion:attack_00:step_01:PA_RADAR_E,intrusion,11.063647486070309,adversary,balanced_train:attack
2026-01-01T07:40:09,E000009602,PA_RADAR_E,RADAR,PROTECTED_AREA,E,PA_RADAR_E,alarm,intrusion,intrusion:attack_00:step_01:PA_RADAR_E,intrusion,11.063647486070309,adversary,balanced_train:attack
2026-01-01T07:40:09,E000009602,PA_RADAR_E,RADAR,PROTECTED_AREA,E,PA_RADAR_E,alarm,intrusion,intrusion:attack_00:step_01:PA_RADAR_E,intrusion,11.063647486070309,adversary,balanced_train:attack
2026-01-01T07:40:09,E000009602,PA_RADAR_E,RADAR,PROTECTED_AREA,E,PA_RADAR_E,alarm,intrusion,intrusion:attack_00:step_01:PA_RADAR_E,intrusion,11.063647486070309,adversary,balanced_train:attack
2026-01-01T07:40:09,E000009602,PA_RADAR_E,RADAR,PROTECTED_AREA,E,PA_RADAR_E,alarm,intrusion,intrusion:attack_00:step_01:PA_RADAR_E,intrusion,11.063647486070309,adversary,balanced_train:attack
2026-01-01T07:40:09,E000009602,PA_RADAR_E,RADAR,PROTECTED_AREA,E,PA_RADAR_E,alarm,intrusion,intrusion:attack_00:step_01:PA_RADAR_E,intrusion,11.063647486070309,adversary,balanced_train:attack
2026-01-01T07:40:09,E000009602,PA_RADAR_E,RADAR,PROTECTED_AREA,E,PA_RADAR_E,alarm,intrusion,intrusion:attack_00:step_01:PA_RADAR_E,intrusion,11.063647486070309,adversary,balanced_train:attack
2026-01-01T07:40:09,E000009602,PA_RADAR_E,RADAR,PROTECTED_AREA,E,PA_RADAR_E,alarm,intrusion,intrusion:attack_00:step_01:PA_RADAR_E,intrusion,11.063647486070309,adversary,balanced_train:attack
2026-01-01T07:40:09,E000009602,PA_RADAR_E,RADAR,PROTECTED_AREA,E,PA_RADAR_E,alarm,intrusion,intrusion:attack_00:step_01:PA_RADAR_E,intrusion,11.063647486070309,adversary,balanced_train:attack
2026-01-01T07:40:09,E000009602,PA_RADAR_E,RADAR,PROTECTED_AREA,E,PA_RADAR_E,alarm,intrusion,intrusion:attack_00:step_01:PA_RADAR_E,intrusion,11.063647486070309,adversary,balanced_train:attack
2026-01-01T07:40:09,E000009602,PA_RADAR_E,RADAR,PROTECTED_AREA,E,PA_RADAR_E,alarm,intrusion,intrusion:attack_00:step_01:PA_RADAR_E,intrusion,11.063647486070309,adversary,balanced_train:attack
2026-01-01T07:40:09,E000009602,PA_RADAR_E,RADAR,PROTECTED_AREA,E,PA_RADAR_E,alarm,intrusion,intrusion:attack_00:step_01:PA_RADAR_E,intrusion,11.063647486070309,adversary,balanced_train:attack
2026-01-01T07:40:09,E000009602,PA_RADAR_E,RADAR,PROTECTED_AREA,E,PA_RADAR_E,alarm,intrusion,intrusion:attack_00:step_01:PA_RADAR_E,intrusion,11.063647486070309,adversary,balanced_train:attack
2026-01-01T07:40:09,E000009602,PA_RADAR_E,RADAR,PROTECTED_AREA,E,PA_RADAR_E,alarm,intrusion,intrusion:attack_00:step_01:PA_RADAR_E,intrusion,11.063647486070309,adversary,balanced_train:attack
2026-01-01T07:41:51,E000000447,PIR_HALL_MAIN,PIR,INTERIOR,BLDG,HALL_MAIN,alarm,valid,normal,benign,17.293273134138737,baseline,balanced_train:shift_in:exit_from:ROOM_SECURITY
2026-01-01T07:43:35,E000000115,ACS_S-AC,ACCESS_CTRL,PERIMETER,S-AC,TURNSTILE_S-AC,alarm,valid,normal,benign,5.55997410425393,baseline,balanced_train:shift_in:exit_from:ROOM_SECURITY
2026-01-01T07:43:46,E000000254,PIR_ROOM_S_ENTRY,PIR,INTERIOR,BLDG,ROOM_S_ENTRY,alarm,valid,normal,benign,16.08177408352243,baseline,balanced_train:shift_in:exit_from:ASSET_ROOM
2026-01-01T07:44:35,E000000084,PA_RADAR_S,RADAR,PROTECTED_AREA,S,PA_RADAR_S,alarm,valid,normal,benign,17.70170591039256,baseline,balanced_train:shift_in:move_to:ROOM_SECURITY
2026-01-01T07:45:06,E000000085,BMS_SKIN_S_DOOR,BMS,SKIN,BLDG,SKIN_S_DOOR,alarm,valid,normal,benign,25.183661814789726,baseline,balanced_train:shift_in:move_to:ROOM_SECURITY
2026-01-01T07:46:55,E000000380,PIR_ASSET_ROOM,PIR,ASSET,BLDG,ASSET_ROOM,alarm,valid,normal,benign,8.456850214546833,baseline,balanced_train:shift_in:move_to:ASSET_ROOM
2026-01-01T07:55:58,E000000398,PA_RADAR_S,RADAR,PROTECTED_AREA,S,PA_RADAR_S,alarm,valid,normal,benign,19.632141004750288,baseline,balanced_train:shift_in:move_to:ROOM_ADMIN
2026-01-01T07:56:52,E000000341,PA_RADAR_S,RADAR,PROTECTED_AREA,S,PA_RADAR_S,alarm,valid,normal,benign,17.307178825436452,baseline,balanced_train:shift_in:exit_from:ROOM_ADMIN
2026-01-01T08:02:55,E000000172,PIR_HALL_MAIN,PIR,INTERIOR,BLDG,HALL_MAIN,alarm,valid,normal,benign,12.206086660508383,baseline,balanced_train:shift_in:exit_from:ROOM_ADMIN
2026-01-01T08:03:15,E000000412,PIR_HALL_MAIN,PIR,INTERIOR,BLDG,HALL_MAIN,alarm,valid,normal,benign,7.106477779420601,baseline,balanced_train:shift_in:move_to:ROOM_ADMIN
2026-01-01T08:03:43,E000000067,PIR_HALL_MAIN,PIR,INTERIOR,BLDG,HALL_MAIN,alarm,valid,normal,benign,9.722604839654315,baseline,balanced_train:shift_in:exit_from:ROOM_ADMIN
2026-01-01T08:05:59,E000000351,BMS_SKIN_S_DOOR,BMS,SKIN,BLDG,SKIN_S_DOOR,alarm,valid,normal,benign,8.71882514881169,baseline,balanced_train:shift_in:exit_from:ROOM_SECURITY
2026-01-01T08:07:19,E000000384,PA_RADAR_S,RADAR,PROTECTED_AREA,S,PA_RADAR_S,alarm,valid,normal,benign,26.228210758297372,baseline,balanced_train:shift_in:exit_from:ASSET_ROOM
2026-01-01T08:08:03,E000000360,PIR_HALL_MAIN,PIR,INTERIOR,BLDG,HALL_MAIN,alarm,valid,normal,benign,29.023127572182375,baseline,balanced_train:shift_in:exit_from:ROOM_ADMIN
2026-01-01T08:08:06,E000000160,PIR_ROOM_ADMIN,PIR,INTERIOR,BLDG,ROOM_ADMIN,alarm,valid,normal,benign,20.52325383209569,baseline,balanced_train:shift_in:move_to:ROOM_ADMIN
2026-01-01T08:32:26,E000000183,PIR_ROOM_S_ENTRY,PIR,INTERIOR,BLDG,ROOM_S_ENTRY,alarm,valid,normal,benign,20.553249931385054,baseline,balanced_train:shift_in:exit_from:ROOM_ADMIN
2026-01-01T08:34:39,E000000233,BMS_SKIN_S_DOOR,BMS,SKIN,BLDG,SKIN_S_DOOR,alarm,valid,normal,benign,16.114941342836033,baseline,balanced_train:shift_in:exit_from:ROOM_SECURITY
2026-01-01T11:24:40,E000001102,PA_RADAR_S,RADAR,PROTECTED_AREA,S,PA_RADAR_S,alarm,valid,normal,benign,15.882075137361653,baseline,balanced_train:meal_exit:move_to:ROOM_SECURITY
2026-01-01T11:25:33,E000001105,PIR_HALL_MAIN,PIR,INTERIOR,BLDG,HALL_MAIN,alarm,valid,normal,benign,14.764914949956742,baseline,balanced_train:meal_exit:move_to:ROOM_SECURITY
2026-01-01T11:32:13,E000001027,BMS_SKIN_S_DOOR,BMS,SKIN,BLDG,SKIN_S_DOOR,alarm,valid,normal,benign,19.18890573803417,baseline,balanced_train:meal_exit:exit_from:ROOM_ADMIN
2026-01-01T11:33:26,E000001065,PIR_ROOM_SECURITY,PIR,INTERIOR,BLDG,ROOM_SECURITY,alarm,valid,normal,benign,3.6808853902053684,baseline,balanced_train:meal_exit:move_to:ROOM_SECURITY
2026-01-01T11:35:04,E000000975,PA_RADAR_S,RADAR,PROTECTED_AREA,S,PA_RADAR_S,alarm,valid,normal,benign,17.29748396724463,baseline,balanced_train:meal_exit:exit_from:ROOM_ADMIN
2026-01-01T11:37:12,E000001044,PIR_ROOM_ADMIN,PIR,INTERIOR,BLDG,ROOM_ADMIN,alarm,valid,normal,benign,16.283378980286624,baseline,balanced_train:meal_exit:move_to:ROOM_ADMIN
2026-01-01T11:39:32,E000001072,BMS_SKIN_S_DOOR,BMS,SKIN,BLDG,SKIN_S_DOOR,alarm,valid,normal,benign,22.48612299578239,baseline,balanced_train:meal_exit:move_to:ROOM_ADMIN
2026-01-01T11:40:04,E000000015,FENCE_DISTURB_S-1,FENCE_DISTURB,PERIMETER,S-1,PERIM_S-1,alarm,invalid,false_positive,false_positive,26.611066212691508,env,balanced_train
2026-01-01T11:40:04,E000000015,FENCE_DISTURB_S-1,FENCE_DISTURB,PERIMETER,S-1,PERIM_S-1,alarm,invalid,false_positive,false_positive,26.611066212691508,env,balanced_train
2026-01-01T11:40:04,E000000015,FENCE_DISTURB_S-1,FENCE_DISTURB,PERIMETER,S-1,PERIM_S-1,alarm,invalid,false_positive,false_positive,26.611066212691508,env,balanced_train
2026-01-01T11:40:04,E000000015,FENCE_DISTURB_S-1,FENCE_DISTURB,PERIMETER,S-1,PERIM_S-1,alarm,invalid,false_positive,false_positive,26.611066212691508,env,balanced_train
2026-01-01T11:40:04,E000000015,FENCE_DISTURB_S-1,FENCE_DISTURB,PERIMETER,S-1,PERIM_S-1,alarm,invalid,false_positive,false_positive,26.611066212691508,env,balanced_train
2026-01-01T11:40:04,E000000015,FENCE_DISTURB_S-1,FENCE_DISTURB,PERIMETER,S-1,PERIM_S-1,alarm,invalid,false_positive,false_positive,26.611066212691508,env,balanced_train
2026-01-01T11:40:04,E000000015,FENCE_DISTURB_S-1,FENCE_DISTURB,PERIMETER,S-1,PERIM_S-1,alarm,invalid,false_positive,false_positive,26.611066212691508,env,balanced_train
2026-01-01T11:40:04,E000000015,FENCE_DISTURB_S-1,FENCE_DISTURB,PERIMETER,S-1,PERIM_S-1,alarm,invalid,false_positive,false_positive,26.611066212691508,env,balanced_train
2026-01-01T11:40:04,E000000015,FENCE_DISTURB_S-1,FENCE_DISTURB,PERIMETER,S-1,PERIM_S-1,alarm,invalid,false_positive,false_positive,26.611066212691508,env,balanced_train
2026-01-01T11:40:04,E000000015,FENCE_DISTURB_S-1,FENCE_DISTURB,PERIMETER,S-1,PERIM_S-1,alarm,invalid,false_positive,false_positive,26.611066212691508,env,balanced_train
2026-01-01T11:40:04,E000000015,FENCE_DISTURB_S-1,FENCE_DISTURB,PERIMETER,S-1,PERIM_S-1,alarm,invalid,false_positive,false_positive,26.611066212691508,env,balanced_train
2026-01-01T11:40:04,E000000015,FENCE_DISTURB_S-1,FENCE_DISTURB,PERIMETER,S-1,PERIM_S-1,alarm,invalid,false_positive,false_positive,26.611066212691508,env,balanced_train
2026-01-01T11:40:21,E000001074,PIR_ROOM_ADMIN,PIR,INTERIOR,BLDG,ROOM_ADMIN,alarm,valid,normal,benign,13.63627285538302,baseline,balanced_train:meal_exit:move_to:ROOM_ADMIN
2026-01-01T11:43:03,E000000977,ACS_S-AC,ACCESS_CTRL,PERIMETER,S-AC,TURNSTILE_S-AC,alarm,valid,normal,benign,19.58750825192858,baseline,balanced_train:meal_exit:turnstile_entry
2026-01-01T11:50:43,E000001155,ACS_S-AC,ACCESS_CTRL,PERIMETER,S-AC,TURNSTILE_S-AC,alarm,valid,normal,benign,8.349823032942759,baseline,balanced_train:meal_exit:exit_from:ROOM_ADMIN
2026-01-01T11:55:17,E000001056,PIR_HALL_MAIN,PIR,INTERIOR,BLDG,HALL_MAIN,alarm,valid,normal,benign,14.798954401865537,baseline,balanced_train:meal_exit:exit_from:ROOM_ADMIN
2026-01-01T12:06:13,E000001037,BMS_SKIN_S_DOOR,BMS,SKIN,BLDG,SKIN_S_DOOR,alarm,valid,normal,benign,38.04742620022964,baseline,balanced_train:meal_exit:exit_from:ROOM_ADMIN
2026-01-01T12:06:37,E000001038,PA_RADAR_S,RADAR,PROTECTED_AREA,S,PA_RADAR_S,alarm,valid,normal,benign,17.11731565255115,baseline,balanced_train:meal_exit:exit_from:ROOM_ADMIN
2026-01-01T12:17:55,E000001229,BMS_SKIN_S_DOOR,BMS,SKIN,BLDG,SKIN_S_DOOR,alarm,valid,normal,benign,16.56622389031069,baseline,balanced_train:meal_return:move_to:ROOM_SECURITY
2026-01-01T12:34:54,E000001237,ACS_S-AC,ACCESS_CTRL,PERIMETER,S-AC,TURNSTILE_S-AC,alarm,valid,normal,benign,14.299742713398263,baseline,balanced_train:meal_return:turnstile_entry
2026-01-01T12:42:20,E000001287,ACS_S-AC,ACCESS_CTRL,PERIMETER,S-AC,TURNSTILE_S-AC,alarm,valid,normal,benign,21.189830034042327,baseline,balanced_train:meal_return:turnstile_entry
2026-01-01T12:42:49,E000001289,BMS_SKIN_S_DOOR,BMS,SKIN,BLDG,SKIN_S_DOOR,alarm,valid,normal,benign,23.652973562286732,baseline,balanced_train:meal_return:move_to:ROOM_SECURITY
2026-01-01T12:43:26,E000001291,PIR_HALL_MAIN,PIR,INTERIOR,BLDG,HALL_MAIN,alarm,valid,normal,benign,9.186497009735504,baseline,balanced_train:meal_return:move_to:ROOM_SECURITY
2026-01-01T12:54:11,E000001244,PA_RADAR_S,RADAR,PROTECTED_AREA,S,PA_RADAR_S,alarm,valid,normal,benign,29.346799572404652,baseline,balanced_train:meal_return:exit_from:ROOM_SECURITY
2026-01-01T14:14:55,E000001341,PIR_HALL_MAIN,PIR,INTERIOR,BLDG,HALL_MAIN,alarm,valid,normal,benign,4.534090779331784,baseline,balanced_train:straggler:move_to:ASSET_ROOM
2026-01-01T15:03:39,E000001383,PIR_HALL_MAIN,PIR,INTERIOR,BLDG,HALL_MAIN,alarm,valid,normal,benign,12.64783559075663,baseline,balanced_train:straggler:move_to:ROOM_SECURITY
2026-01-01T15:40:05,E000000005,RADAR_N-1,RADAR,PERIMETER,N-1,PERIM_N-1,alarm,invalid,false_positive,false_positive,37.076085324291114,env,balanced_train
2026-01-01T15:40:05,E000000005,RADAR_N-1,RADAR,PERIMETER,N-1,PERIM_N-1,alarm,invalid,false_positive,false_positive,37.076085324291114,env,balanced_train
2026-01-01T15:40:05,E000000005,RADAR_N-1,RADAR,PERIMETER,N-1,PERIM_N-1,alarm,invalid,false_positive,false_positive,37.076085324291114,env,balanced_train
2026-01-01T15:40:05,E000000005,RADAR_N-1,RADAR,PERIMETER,N-1,PERIM_N-1,alarm,invalid,false_positive,false_positive,37.076085324291114,env,balanced_train
2026-01-01T15:40:05,E000000005,RADAR_N-1,RADAR,PERIMETER,N-1,PERIM_N-1,alarm,invalid,false_positive,false_positive,37.076085324291114,env,balanced_train
2026-01-01T15:40:05,E000000005,RADAR_N-1,RADAR,PERIMETER,N-1,PERIM_N-1,alarm,invalid,false_positive,false_positive,37.076085324291114,env,balanced_train
2026-01-01T15:40:05,E000000005,RADAR_N-1,RADAR,PERIMETER,N-1,PERIM_N-1,alarm,invalid,false_positive,false_positive,37.076085324291114,env,balanced_train
2026-01-01T15:40:05,E000000005,RADAR_N-1,RADAR,PERIMETER,N-1,PERIM_N-1,alarm,invalid,false_positive,false_positive,37.076085324291114,env,balanced_train
2026-01-01T15:40:05,E000000005,RADAR_N-1,RADAR,PERIMETER,N-1,PERIM_N-1,alarm,invalid,false_positive,false_positive,37.076085324291114,env,balanced_train
2026-01-01T15:44:42,E000000807,PIR_ROOM_S_ENTRY,PIR,INTERIOR,BLDG,ROOM_S_ENTRY,alarm,valid,normal,benign,9.789707768268855,baseline,balanced_train:shift_out:exit_from:ROOM_SECURITY
2026-01-01T16:02:58,E000000634,PA_RADAR_S,RADAR,PROTECTED_AREA,S,PA_RADAR_S,alarm,valid,normal,benign,20.187857086121475,baseline,balanced_train:shift_out:move_to:ROOM_ADMIN
2026-01-01T16:06:56,E000000718,PIR_ROOM_ADMIN,PIR,INTERIOR,BLDG,ROOM_ADMIN,alarm,valid,normal,benign,24.699587647497886,baseline,balanced_train:shift_out:move_to:ROOM_ADMIN
2026-01-01T16:09:11,E000000577,PIR_HALL_MAIN,PIR,INTERIOR,BLDG,HALL_MAIN,alarm,valid,normal,benign,16.631283094611348,baseline,balanced_train:shift_out:exit_from:ROOM_ADMIN
2026-01-01T16:09:49,E000000553,PA_RADAR_S,RADAR,PROTECTED_AREA,S,PA_RADAR_S,alarm,valid,normal,benign,24.092878909660286,baseline,balanced_train:shift_out:move_to:ROOM_SECURITY
2026-01-01T16:22:53,E000000583,PIR_HALL_MAIN,PIR,INTERIOR,BLDG,HALL_MAIN,alarm,valid,normal,benign,16.03664018258051,baseline,balanced_train:shift_out:move_to:ROOM_SECURITY
2026-01-01T16:23:29,E000000584,PIR_ROOM_SECURITY,PIR,INTERIOR,BLDG,ROOM_SECURITY,alarm,valid,normal,benign,10.802298421251098,baseline,balanced_train:shift_out:move_to:ROOM_SECURITY
2026-01-01T16:26:21,E000000662,PA_RADAR_S,RADAR,PROTECTED_AREA,S,PA_RADAR_S,alarm,valid,normal,benign,15.637369739862216,baseline,balanced_train:shift_out:exit_from:ROOM_ADMIN
2026-01-01T16:26:55,E000000918,PA_RADAR_S,RADAR,PROTECTED_AREA,S,PA_RADAR_S,alarm,valid,normal,benign,8.139493544668845,baseline,balanced_train:shift_out:move_to:ROOM_SECURITY
2026-01-01T16:31:13,E000000885,PA_RADAR_S,RADAR,PROTECTED_AREA,S,PA_RADAR_S,alarm,valid,normal,benign,17.883297176629625,baseline,balanced_train:shift_out:exit_from:ROOM_ADMIN
2026-01-01T16:35:39,E000000815,PIR_ROOM_ADMIN,PIR,INTERIOR,BLDG,ROOM_ADMIN,alarm,valid,normal,benign,13.534971089605074,baseline,balanced_train:shift_out:move_to:ROOM_ADMIN
2026-01-01T16:36:01,E000001401,ACS_S-AC,ACCESS_CTRL,PERIMETER,S-AC,TURNSTILE_S-AC,alarm,valid,normal,benign,16.37449645788632,baseline,balanced_train:straggler:turnstile_entry
2026-01-01T16:36:50,E000001402,BMS_SKIN_S_DOOR,BMS,SKIN,BLDG,SKIN_S_DOOR,alarm,valid,normal,benign,21.32058091433546,baseline,balanced_train:straggler:move_to:ROOM_SECURITY
2026-01-01T16:37:39,E000000936,PA_RADAR_S,RADAR,PROTECTED_AREA,S,PA_RADAR_S,alarm,valid,normal,benign,19.309851143694992,baseline,balanced_train:shift_out:exit_from:ROOM_ADMIN
2026-01-01T16:38:02,E000000833,PA_RADAR_S,RADAR,PROTECTED_AREA,S,PA_RADAR_S,alarm,valid,normal,benign,8.403015161873316,baseline,balanced_train:shift_out:move_to:ASSET_ROOM
2026-01-01T16:39:12,E000000836,PIR_HALL_MAIN,PIR,INTERIOR,BLDG,HALL_MAIN,alarm,valid,normal,benign,12.927232866016185,baseline,balanced_train:shift_out:move_to:ASSET_ROOM
2026-01-01T16:39:23,E000000567,PIR_HALL_MAIN,PIR,INTERIOR,BLDG,HALL_MAIN,alarm,valid,normal,benign,21.34166930125915,baseline,balanced_train:shift_out:exit_from:ROOM_SECURITY
2026-01-01T16:41:03,E000000711,PIR_ROOM_S_ENTRY,PIR,INTERIOR,BLDG,ROOM_S_ENTRY,alarm,valid,normal,benign,15.5737434726475,baseline,balanced_train:shift_out:exit_from:ROOM_SECURITY
2026-01-01T16:42:30,E000000732,ACS_S-AC,ACCESS_CTRL,PERIMETER,S-AC,TURNSTILE_S-AC,alarm,valid,normal,benign,9.652956399238388,baseline,balanced_train:shift_out:turnstile_entry
2026-01-01T16:42:59,E000000734,BMS_SKIN_S_DOOR,BMS,SKIN,BLDG,SKIN_S_DOOR,alarm,valid,normal,benign,14.241369568106963,baseline,balanced_train:shift_out:move_to:ROOM_SECURITY
2026-01-01T16:45:57,E000000610,ACS_S-AC,ACCESS_CTRL,PERIMETER,S-AC,TURNSTILE_S-AC,alarm,valid,normal,benign,7.6558933971262135,baseline,balanced_train:shift_out:exit_from:ROOM_ADMIN
2026-01-01T16:46:30,E000000594,PIR_ROOM_ADMIN,PIR,INTERIOR,BLDG,ROOM_ADMIN,alarm,valid,normal,benign,8.29601737583656,baseline,balanced_train:shift_out:move_to:ROOM_ADMIN
2026-01-01T16:49:34,E000000730,PA_RADAR_S,RADAR,PROTECTED_AREA,S,PA_RADAR_S,alarm,valid,normal,benign,19.374907717723744,baseline,balanced_train:shift_out:exit_from:ROOM_SECURITY
2026-01-01T17:02:21,E000000939,PA_RADAR_S,RADAR,PROTECTED_AREA,S,PA_RADAR_S,alarm,valid,normal,benign,0.45399204149735795,baseline,balanced_train:shift_out:move_to:ROOM_ADMIN
2026-01-01T17:09:07,E000000672,PA_RADAR_S,RADAR,PROTECTED_AREA,S,PA_RADAR_S,alarm,valid,normal,benign,19.252890505635634,baseline,balanced_train:shift_out:exit_from:ROOM_ADMIN
2026-01-01T17:11:46,E000000819,PA_RADAR_S,RADAR,PROTECTED_AREA,S,PA_RADAR_S,alarm,valid,normal,benign,18.16464685130854,baseline,balanced_train:shift_out:exit_from:ROOM_ADMIN
2026-01-01T17:23:57,E000000798,PA_RADAR_S,RADAR,PROTECTED_AREA,S,PA_RADAR_S,alarm,valid,normal,benign,23.188965544748903,baseline,balanced_train:shift_out:exit_from:ROOM_SECURITY
2026-01-01T17:30:47,E000000766,PIR_ROOM_S_ENTRY,PIR,INTERIOR,BLDG,ROOM_S_ENTRY,alarm,valid,normal,benign,13.455313950851863,baseline,balanced_train:shift_out:exit_from:ROOM_ADMIN
2026-01-02T00:17:26,E000009609,PA_RADAR_W,RADAR,PROTECTED_AREA,W,PA_RADAR_W,alarm,invalid,intrusion:attack_03:step_01:PA_RADAR_W,intrusion,19.945374021388155,adversary,balanced_train:attack
2026-01-02T00:17:26,E000009609,PA_RADAR_W,RADAR,PROTECTED_AREA,W,PA_RADAR_W,alarm,invalid,intrusion:attack_03:step_01:PA_RADAR_W,intrusion,19.945374021388155,adversary,balanced_train:attack
2026-01-02T00:17:26,E000009609,PA_RADAR_W,RADAR,PROTECTED_AREA,W,PA_RADAR_W,alarm,invalid,intrusion:attack_03:step_01:PA_RADAR_W,intrusion,19.945374021388155,adversary,balanced_train:attack
2026-01-02T00:17:26,E000009609,PA_RADAR_W,RADAR,PROTECTED_AREA,W,PA_RADAR_W,alarm,invalid,intrusion:attack_03:step_01:PA_RADAR_W,intrusion,19.945374021388155,adversary,balanced_train:attack
2026-01-02T00:17:26,E000009609,PA_RADAR_W,RADAR,PROTECTED_AREA,W,PA_RADAR_W,alarm,invalid,intrusion:attack_03:step_01:PA_RADAR_W,intrusion,19.945374021388155,adversary,balanced_train:attack
2026-01-02T00:17:26,E000009609,PA_RADAR_W,RADAR,PROTECTED_AREA,W,PA_RADAR_W,alarm,invalid,intrusion:attack_03:step_01:PA_RADAR_W,intrusion,19.945374021388155,adversary,balanced_train:attack
2026-01-02T00:17:26,E000009609,PA_RADAR_W,RADAR,PROTECTED_AREA,W,PA_RADAR_W,alarm,invalid,intrusion:attack_03:step_01:PA_RADAR_W,intrusion,19.945374021388155,adversary,balanced_train:attack
2026-01-02T00:17:26,E000009609,PA_RADAR_W,RADAR,PROTECTED_AREA,W,PA_RADAR_W,alarm,invalid,intrusion:attack_03:step_01:PA_RADAR_W,intrusion,19.945374021388155,adversary,balanced_train:attack
2026-01-02T00:17:26,E000009609,PA_RADAR_W,RADAR,PROTECTED_AREA,W,PA_RADAR_W,alarm,invalid,intrusion:attack_03:step_01:PA_RADAR_W,intrusion,19.945374021388155,adversary,balanced_train:attack
2026-01-02T00:17:26,E000009609,PA_RADAR_W,RADAR,PROTECTED_AREA,W,PA_RADAR_W,alarm,invalid,intrusion:attack_03:step_01:PA_RADAR_W,intrusion,19.945374021388155,adversary,balanced_train:attack
2026-01-02T00:17:26,E000009609,PA_RADAR_W,RADAR,PROTECTED_AREA,W,PA_RADAR_W,alarm,invalid,intrusion:attack_03:step_01:PA_RADAR_W,intrusion,19.945374021388155,adversary,balanced_train:attack
2026-01-02T00:17:26,E000009609,PA_RADAR_W,RADAR,PROTECTED_AREA,W,PA_RADAR_W,alarm,invalid,intrusion:attack_03:step_01:PA_RADAR_W,intrusion,19.945374021388155,adversary,balanced_train:attack
2026-01-02T00:17:26,E000009609,PA_RADAR_W,RADAR,PROTECTED_AREA,W,PA_RADAR_W,alarm,invalid,intrusion:attack_03:step_01:PA_RADAR_W,intrusion,19.945374021388155,adversary,balanced_train:attack
2026-01-02T00:17:26,E000009609,PA_RADAR_W,RADAR,PROTECTED_AREA,W,PA_RADAR_W,alarm,invalid,intrusion:attack_03:step_01:PA_RADAR_W,intrusion,19.945374021388155,adversary,balanced_train:attack
2026-01-02T00:17:26,E000009609,PA_RADAR_W,RADAR,PROTECTED_AREA,W,PA_RADAR_W,alarm,invalid,intrusion:attack_03:step_01:PA_RADAR_W,intrusion,19.945374021388155,adversary,balanced_train:attack
2026-01-02T00:17:26,E000009609,PA_RADAR_W,RADAR,PROTECTED_AREA,W,PA_RADAR_W,alarm,invalid,intrusion:attack_03:step_01:PA_RADAR_W,intrusion,19.945374021388155,adversary,balanced_train:attack
2026-01-02T00:17:26,E000009609,PA_RADAR_W,RADAR,PROTECTED_AREA,W,PA_RADAR_W,alarm,invalid,intrusion:attack_03:step_01:PA_RADAR_W,intrusion,19.945374021388155,adversary,balanced_train:attack
2026-01-02T00:17:26,E000009609,PA_RADAR_W,RADAR,PROTECTED_AREA,W,PA_RADAR_W,alarm,invalid,intrusion:attack_03:step_01:PA_RADAR_W,intrusion,19.945374021388155,adversary,balanced_train:attack
2026-01-02T00:17:26,E000009609,PA_RADAR_W,RADAR,PROTECTED_AREA,W,PA_RADAR_W,alarm,invalid,intrusion:attack_03:step_01:PA_RADAR_W,intrusion,19.945374021388155,adversary,balanced_train:attack
2026-01-02T00:17:26,E000009609,PA_RADAR_W,RADAR,PROTECTED_AREA,W,PA_RADAR_W,alarm,invalid,intrusion:attack_03:step_01:PA_RADAR_W,intrusion,19.945374021388155,adversary,balanced_train:attack
2026-01-02T00:17:26,E000009609,PA_RADAR_W,RADAR,PROTECTED_AREA,W,PA_RADAR_W,alarm,invalid,intrusion:attack_03:step_01:PA_RADAR_W,intrusion,19.945374021388155,adversary,balanced_train:attack
2026-01-02T00:17:26,E000009609,PA_RADAR_W,RADAR,PROTECTED_AREA,W,PA_RADAR_W,alarm,invalid,intrusion:attack_03:step_01:PA_RADAR_W,intrusion,19.945374021388155,adversary,balanced_train:attack
2026-01-02T00:17:26,E000009609,PA_RADAR_W,RADAR,PROTECTED_AREA,W,PA_RADAR_W,alarm,invalid,intrusion:attack_03:step_01:PA_RADAR_W,intrusion,19.945374021388155,adversary,balanced_train:attack
2026-01-02T00:17:26,E000009609,PA_RADAR_W,RADAR,PROTECTED_AREA,W,PA_RADAR_W,alarm,invalid,intrusion:attack_03:step_01:PA_RADAR_W,intrusion,19.945374021388155,adversary,balanced_train:attack
2026-01-02T00:17:26,E000009609,PA_RADAR_W,RADAR,PROTECTED_AREA,W,PA_RADAR_W,alarm,invalid,intrusion:attack_03:step_01:PA_RADAR_W,intrusion,19.945374021388155,adversary,balanced_train:attack
2026-01-02T00:17:26,E000009609,PA_RADAR_W,RADAR,PROTECTED_AREA,W,PA_RADAR_W,alarm,invalid,intrusion:attack_03:step_01:PA_RADAR_W,intrusion,19.945374021388155,adversary,balanced_train:attack
2026-01-02T00:17:26,E000009609,PA_RADAR_W,RADAR,PROTECTED_AREA,W,PA_RADAR_W,alarm,invalid,intrusion:attack_03:step_01:PA_RADAR_W,intrusion,19.945374021388155,adversary,balanced_train:attack
2026-01-02T00:17:26,E000009609,PA_RADAR_W,RADAR,PROTECTED_AREA,W,PA_RADAR_W,alarm,invalid,intrusion:attack_03:step_01:PA_RADAR_W,intrusion,19.945374021388155,adversary,balanced_train:attack
2026-01-02T00:17:26,E000009609,PA_RADAR_W,RADAR,PROTECTED_AREA,W,PA_RADAR_W,alarm,invalid,intrusion:attack_03:step_01:PA_RADAR_W,intrusion,19.945374021388155,adversary,balanced_train:attack
2026-01-02T00:17:26,E000009609,PA_RADAR_W,RADAR,PROTECTED_AREA,W,PA_RADAR_W,alarm,invalid,intrusion:attack_03:step_01:PA_RADAR_W,intrusion,19.945374021388155,adversary,balanced_train:attack
2026-01-02T00:17:26,E000009609,PA_RADAR_W,RADAR,PROTECTED_AREA,W,PA_RADAR_W,alarm,invalid,intrusion:attack_03:step_01:PA_RADAR_W,intrusion,19.945374021388155,adversary,balanced_train:attack
2026-01-02T00:17:26,E000009609,PA_RADAR_W,RADAR,PROTECTED_AREA,W,PA_RADAR_W,alarm,invalid,intrusion:attack_03:step_01:PA_RADAR_W,intrusion,19.945374021388155,adversary,balanced_train:attack
2026-01-02T00:17:26,E000009609,PA_RADAR_W,RADAR,PROTECTED_AREA,W,PA_RADAR_W,alarm,invalid,intrusion:attack_03:step_01:PA_RADAR_W,intrusion,19.945374021388155,adversary,balanced_train:attack
2026-01-02T00:17:26,E000009609,PA_RADAR_W,RADAR,PROTECTED_AREA,W,PA_RADAR_W,alarm,invalid,intrusion:attack_03:step_01:PA_RADAR_W,intrusion,19.945374021388155,adversary,balanced_train:attack
2026-01-02T00:17:26,E000009609,PA_RADAR_W,RADAR,PROTECTED_AREA,W,PA_RADAR_W,alarm,invalid,intrusion:attack_03:step_01:PA_RADAR_W,intrusion,19.945374021388155,adversary,balanced_train:attack
2026-01-02T00:17:26,E000009609,PA_RADAR_W,RADAR,PROTECTED_AREA,W,PA_RADAR_W,alarm,invalid,intrusion:attack_03:step_01:PA_RADAR_W,intrusion,19.945374021388155,adversary,balanced_train:attack
2026-01-02T01:31:47,E000009610,RADAR_W-1,RADAR,PERIMETER,W-1,PERIM_W-1,alarm,invalid,intrusion:attack_04:step_00:PERIM_W-1,intrusion,17.481421687480744,adversary,balanced_train:attack
2026-01-02T01:31:47,E000009611,FENCE_DISTURB_W-1,FENCE_DISTURB,PERIMETER,W-1,PERIM_W-1,alarm,intrusion,intrusion:attack_04:step_00:PERIM_W-1,intrusion,0.0,adversary,balanced_train:attack
2026-01-02T01:31:47,E000009611,FENCE_DISTURB_W-1,FENCE_DISTURB,PERIMETER,W-1,PERIM_W-1,alarm,intrusion,intrusion:attack_04:step_00:PERIM_W-1,intrusion,0.0,adversary,balanced_train:attack
2026-01-02T01:31:47,E000009610,RADAR_W-1,RADAR,PERIMETER,W-1,PERIM_W-1,alarm,invalid,intrusion:attack_04:step_00:PERIM_W-1,intrusion,17.481421687480744,adversary,balanced_train:attack
2026-01-02T01:31:47,E000009610,RADAR_W-1,RADAR,PERIMETER,W-1,PERIM_W-1,alarm,invalid,intrusion:attack_04:step_00:PERIM_W-1,intrusion,17.481421687480744,adversary,balanced_train:attack
2026-01-02T01:31:47,E000009611,FENCE_DISTURB_W-1,FENCE_DISTURB,PERIMETER,W-1,PERIM_W-1,alarm,intrusion,intrusion:attack_04:step_00:PERIM_W-1,intrusion,0.0,adversary,balanced_train:attack
2026-01-02T01:31:47,E000009610,RADAR_W-1,RADAR,PERIMETER,W-1,PERIM_W-1,alarm,invalid,intrusion:attack_04:step_00:PERIM_W-1,intrusion,17.481421687480744,adversary,balanced_train:attack
2026-01-02T01:31:47,E000009610,RADAR_W-1,RADAR,PERIMETER,W-1,PERIM_W-1,alarm,invalid,intrusion:attack_04:step_00:PERIM_W-1,intrusion,17.481421687480744,adversary,balanced_train:attack
2026-01-02T01:31:47,E000009611,FENCE_DISTURB_W-1,FENCE_DISTURB,PERIMETER,W-1,PERIM_W-1,alarm,intrusion,intrusion:attack_04:step_00:PERIM_W-1,intrusion,0.0,adversary,balanced_train:attack
2026-01-02T01:31:47,E000009610,RADAR_W-1,RADAR,PERIMETER,W-1,PERIM_W-1,alarm,invalid,intrusion:attack_04:step_00:PERIM_W-1,intrusion,17.481421687480744,adversary,balanced_train:attack
2026-01-02T01:31:47,E000009610,RADAR_W-1,RADAR,PERIMETER,W-1,PERIM_W-1,alarm,invalid,intrusion:attack_04:step_00:PERIM_W-1,intrusion,17.481421687480744,adversary,balanced_train:attack
2026-01-02T01:31:47,E000009611,FENCE_DISTURB_W-1,FENCE_DISTURB,PERIMETER,W-1,PERIM_W-1,alarm,intrusion,intrusion:attack_04:step_00:PERIM_W-1,intrusion,0.0,adversary,balanced_train:attack
2026-01-02T01:31:47,E000009611,FENCE_DISTURB_W-1,FENCE_DISTURB,PERIMETER,W-1,PERIM_W-1,alarm,intrusion,intrusion:attack_04:step_00:PERIM_W-1,intrusion,0.0,adversary,balanced_train:attack
2026-01-02T01:31:47,E000009611,FENCE_DISTURB_W-1,FENCE_DISTURB,PERIMETER,W-1,PERIM_W-1,alarm,intrusion,intrusion:attack_04:step_00:PERIM_W-1,intrusion,0.0,adversary,balanced_train:attack
2026-01-02T01:31:47,E000009610,RADAR_W-1,RADAR,PERIMETER,W-1,PERIM_W-1,alarm,invalid,intrusion:attack_04:step_00:PERIM_W-1,intrusion,17.481421687480744,adversary,balanced_train:attack
2026-01-02T01:31:47,E000009611,FENCE_DISTURB_W-1,FENCE_DISTURB,PERIMETER,W-1,PERIM_W-1,alarm,intrusion,intrusion:attack_04:step_00:PERIM_W-1,intrusion,0.0,adversary,balanced_train:attack
2026-01-02T01:31:47,E000009611,FENCE_DISTURB_W-1,FENCE_DISTURB,PERIMETER,W-1,PERIM_W-1,alarm,intrusion,intrusion:attack_04:step_00:PERIM_W-1,intrusion,0.0,adversary,balanced_train:attack
2026-01-02T01:31:47,E000009611,FENCE_DISTURB_W-1,FENCE_DISTURB,PERIMETER,W-1,PERIM_W-1,alarm,intrusion,intrusion:attack_04:step_00:PERIM_W-1,intrusion,0.0,adversary,balanced_train:attack
2026-01-02T01:31:47,E000009610,RADAR_W-1,RADAR,PERIMETER,W-1,PERIM_W-1,alarm,invalid,intrusion:attack_04:step_00:PERIM_W-1,intrusion,17.481421687480744,adversary,balanced_train:attack
2026-01-02T01:31:47,E000009610,RADAR_W-1,RADAR,PERIMETER,W-1,PERIM_W-1,alarm,invalid,intrusion:attack_04:step_00:PERIM_W-1,intrusion,17.481421687480744,adversary,balanced_train:attack
2026-01-02T01:31:47,E000009610,RADAR_W-1,RADAR,PERIMETER,W-1,PERIM_W-1,alarm,invalid,intrusion:attack_04:step_00:PERIM_W-1,intrusion,17.481421687480744,adversary,balanced_train:attack
2026-01-02T01:31:47,E000009611,FENCE_DISTURB_W-1,FENCE_DISTURB,PERIMETER,W-1,PERIM_W-1,alarm,intrusion,intrusion:attack_04:step_00:PERIM_W-1,intrusion,0.0,adversary,balanced_train:attack
2026-01-02T01:31:47,E000009611,FENCE_DISTURB_W-1,FENCE_DISTURB,PERIMETER,W-1,PERIM_W-1,alarm,intrusion,intrusion:attack_04:step_00:PERIM_W-1,intrusion,0.0,adversary,balanced_train:attack
2026-01-02T01:31:47,E000009610,RADAR_W-1,RADAR,PERIMETER,W-1,PERIM_W-1,alarm,invalid,intrusion:attack_04:step_00:PERIM_W-1,intrusion,17.481421687480744,adversary,balanced_train:attack
2026-01-02T01:31:47,E000009611,FENCE_DISTURB_W-1,FENCE_DISTURB,PERIMETER,W-1,PERIM_W-1,alarm,intrusion,intrusion:attack_04:step_00:PERIM_W-1,intrusion,0.0,adversary,balanced_train:attack
2026-01-02T01:31:47,E000009611,FENCE_DISTURB_W-1,FENCE_DISTURB,PERIMETER,W-1,PERIM_W-1,alarm,intrusion,intrusion:attack_04:step_00:PERIM_W-1,intrusion,0.0,adversary,balanced_train:attack
2026-01-02T01:31:47,E000009610,RADAR_W-1,RADAR,PERIMETER,W-1,PERIM_W-1,alarm,invalid,intrusion:attack_04:step_00:PERIM_W-1,intrusion,17.481421687480744,adversary,balanced_train:attack
2026-01-02T01:31:47,E000009610,RADAR_W-1,RADAR,PERIMETER,W-1,PERIM_W-1,alarm,invalid,intrusion:attack_04:step_00:PERIM_W-1,intrusion,17.481421687480744,adversary,balanced_train:attack
2026-01-02T01:31:47,E000009611,FENCE_DISTURB_W-1,FENCE_DISTURB,PERIMETER,W-1,PERIM_W-1,alarm,intrusion,intrusion:attack_04:step_00:PERIM_W-1,intrusion,0.0,adversary,balanced_train:attack
2026-01-02T01:31:47,E000009611,FENCE_DISTURB_W-1,FENCE_DISTURB,PERIMETER,W-1,PERIM_W-1,alarm,intrusion,intrusion:attack_04:step_00:PERIM_W-1,intrusion,0.0,adversary,balanced_train:attack
2026-01-02T01:31:47,E000009610,RADAR_W-1,RADAR,PERIMETER,W-1,PERIM_W-1,alarm,invalid,intrusion:attack_04:step_00:PERIM_W-1,intrusion,17.481421687480744,adversary,balanced_train:attack
2026-01-02T01:31:47,E000009611,FENCE_DISTURB_W-1,FENCE_DISTURB,PERIMETER,W-1,PERIM_W-1,alarm,intrusion,intrusion:attack_04:step_00:PERIM_W-1,intrusion,0.0,adversary,balanced_train:attack
2026-01-02T01:31:47,E000009611,FENCE_DISTURB_W-1,FENCE_DISTURB,PERIMETER,W-1,PERIM_W-1,alarm,intrusion,intrusion:attack_04:step_00:PERIM_W-1,intrusion,0.0,adversary,balanced_train:attack
2026-01-02T01:31:47,E000009610,RADAR_W-1,RADAR,PERIMETER,W-1,PERIM_W-1,alarm,invalid,intrusion:attack_04:step_00:PERIM_W-1,intrusion,17.481421687480744,adversary,balanced_train:attack
2026-01-02T01:31:47,E000009610,RADAR_W-1,RADAR,PERIMETER,W-1,PERIM_W-1,alarm,invalid,intrusion:attack_04:step_00:PERIM_W-1,intrusion,17.481421687480744,adversary,balanced_train:attack
2026-01-02T01:31:47,E000009611,FENCE_DISTURB_W-1,FENCE_DISTURB,PERIMETER,W-1,PERIM_W-1,alarm,intrusion,intrusion:attack_04:step_00:PERIM_W-1,intrusion,0.0,adversary,balanced_train:attack
2026-01-02T01:31:47,E000009611,FENCE_DISTURB_W-1,FENCE_DISTURB,PERIMETER,W-1,PERIM_W-1,alarm,intrusion,intrusion:attack_04:step_00:PERIM_W-1,intrusion,0.0,adversary,balanced_train:attack
2026-01-02T01:31:47,E000009611,FENCE_DISTURB_W-1,FENCE_DISTURB,PERIMETER,W-1,PERIM_W-1,alarm,intrusion,intrusion:attack_04:step_00:PERIM_W-1,intrusion,0.0,adversary,balanced_train:attack
2026-01-02T01:31:47,E000009611,FENCE_DISTURB_W-1,FENCE_DISTURB,PERIMETER,W-1,PERIM_W-1,alarm,intrusion,intrusion:attack_04:step_00:PERIM_W-1,intrusion,0.0,adversary,balanced_train:attack
2026-01-02T01:31:47,E000009611,FENCE_DISTURB_W-1,FENCE_DISTURB,PERIMETER,W-1,PERIM_W-1,alarm,intrusion,intrusion:attack_04:step_00:PERIM_W-1,intrusion,0.0,adversary,balanced_train:attack
2026-01-02T01:31:47,E000009611,FENCE_DISTURB_W-1,FENCE_DISTURB,PERIMETER,W-1,PERIM_W-1,alarm,intrusion,intrusion:attack_04:step_00:PERIM_W-1,intrusion,0.0,adversary,balanced_train:attack
2026-01-02T01:31:47,E000009611,FENCE_DISTURB_W-1,FENCE_DISTURB,PERIMETER,W-1,PERIM_W-1,alarm,intrusion,intrusion:attack_04:step_00:PERIM_W-1,intrusion,0.0,adversary,balanced_train:attack
2026-01-02T01:31:47,E000009610,RADAR_W-1,RADAR,PERIMETER,W-1,PERIM_W-1,alarm,invalid,intrusion:attack_04:step_00:PERIM_W-1,intrusion,17.481421687480744,adversary,balanced_train:attack
2026-01-02T01:31:47,E000009611,FENCE_DISTURB_W-1,FENCE_DISTURB,PERIMETER,W-1,PERIM_W-1,alarm,intrusion,intrusion:attack_04:step_00:PERIM_W-1,intrusion,0.0,adversary,balanced_train:attack
2026-01-02T01:31:47,E000009611,FENCE_DISTURB_W-1,FENCE_DISTURB,PERIMETER,W-1,PERIM_W-1,alarm,intrusion,intrusion:attack_04:step_00:PERIM_W-1,intrusion,0.0,adversary,balanced_train:attack
2026-01-02T01:31:47,E000009611,FENCE_DISTURB_W-1,FENCE_DISTURB,PERIMETER,W-1,PERIM_W-1,alarm,intrusion,intrusion:attack_04:step_00:PERIM_W-1,intrusion,0.0,adversary,balanced_train:attack
2026-01-02T01:31:47,E000009611,FENCE_DISTURB_W-1,FENCE_DISTURB,PERIMETER,W-1,PERIM_W-1,alarm,intrusion,intrusion:attack_04:step_00:PERIM_W-1,intrusion,0.0,adversary,balanced_train:attack
2026-01-02T01:31:47,E000009611,FENCE_DISTURB_W-1,FENCE_DISTURB,PERIMETER,W-1,PERIM_W-1,alarm,intrusion,intrusion:attack_04:step_00:PERIM_W-1,intrusion,0.0,adversary,balanced_train:attack
2026-01-02T01:31:47,E000009610,RADAR_W-1,RADAR,PERIMETER,W-1,PERIM_W-1,alarm,invalid,intrusion:attack_04:step_00:PERIM_W-1,intrusion,17.481421687480744,adversary,balanced_train:attack
2026-01-02T01:31:47,E000009610,RADAR_W-1,RADAR,PERIMETER,W-1,PERIM_W-1,alarm,invalid,intrusion:attack_04:step_00:PERIM_W-1,intrusion,17.481421687480744,adversary,balanced_train:attack
2026-01-02T01:31:47,E000009610,RADAR_W-1,RADAR,PERIMETER,W-1,PERIM_W-1,alarm,invalid,intrusion:attack_04:step_00:PERIM_W-1,intrusion,17.481421687480744,adversary,balanced_train:attack
2026-01-02T01:31:47,E000009610,RADAR_W-1,RADAR,PERIMETER,W-1,PERIM_W-1,alarm,invalid,intrusion:attack_04:step_00:PERIM_W-1,intrusion,17.481421687480744,adversary,balanced_train:attack
2026-01-02T01:31:47,E000009611,FENCE_DISTURB_W-1,FENCE_DISTURB,PERIMETER,W-1,PERIM_W-1,alarm,intrusion,intrusion:attack_04:step_00:PERIM_W-1,intrusion,0.0,adversary,balanced_train:attack
2026-01-02T01:31:47,E000009610,RADAR_W-1,RADAR,PERIMETER,W-1,PERIM_W-1,alarm,invalid,intrusion:attack_04:step_00:PERIM_W-1,intrusion,17.481421687480744,adversary,balanced_train:attack
2026-01-02T01:31:47,E000009610,RADAR_W-1,RADAR,PERIMETER,W-1,PERIM_W-1,alarm,invalid,intrusion:attack_04:step_00:PERIM_W-1,intrusion,17.481421687480744,adversary,balanced_train:attack
2026-01-02T01:31:47,E000009610,RADAR_W-1,RADAR,PERIMETER,W-1,PERIM_W-1,alarm,invalid,intrusion:attack_04:step_00:PERIM_W-1,intrusion,17.481421687480744,adversary,balanced_train:attack
2026-01-02T01:31:47,E000009610,RADAR_W-1,RADAR,PERIMETER,W-1,PERIM_W-1,alarm,invalid,intrusion:attack_04:step_00:PERIM_W-1,intrusion,17.481421687480744,adversary,balanced_train:attack
2026-01-02T01:31:47,E000009611,FENCE_DISTURB_W-1,FENCE_DISTURB,PERIMETER,W-1,PERIM_W-1,alarm,intrusion,intrusion:attack_04:step_00:PERIM_W-1,intrusion,0.0,adversary,balanced_train:attack
2026-01-02T01:31:47,E000009610,RADAR_W-1,RADAR,PERIMETER,W-1,PERIM_W-1,alarm,invalid,intrusion:attack_04:step_00:PERIM_W-1,intrusion,17.481421687480744,adversary,balanced_train:attack
2026-01-02T01:31:47,E000009610,RADAR_W-1,RADAR,PERIMETER,W-1,PERIM_W-1,alarm,invalid,intrusion:attack_04:step_00:PERIM_W-1,intrusion,17.481421687480744,adversary,balanced_train:attack
2026-01-02T01:31:47,E000009611,FENCE_DISTURB_W-1,FENCE_DISTURB,PERIMETER,W-1,PERIM_W-1,alarm,intrusion,intrusion:attack_04:step_00:PERIM_W-1,intrusion,0.0,adversary,balanced_train:attack
2026-01-02T01:31:47,E000009610,RADAR_W-1,RADAR,PERIMETER,W-1,PERIM_W-1,alarm,invalid,intrusion:attack_04:step_00:PERIM_W-1,intrusion,17.481421687480744,adversary,balanced_train:attack
2026-01-02T01:31:47,E000009610,RADAR_W-1,RADAR,PERIMETER,W-1,PERIM_W-1,alarm,invalid,intrusion:attack_04:step_00:PERIM_W-1,intrusion,17.481421687480744,adversary,balanced_train:attack
2026-01-02T01:31:47,E000009611,FENCE_DISTURB_W-1,FENCE_DISTURB,PERIMETER,W-1,PERIM_W-1,alarm,intrusion,intrusion:attack_04:step_00:PERIM_W-1,intrusion,0.0,adversary,balanced_train:attack
2026-01-02T01:31:47,E000009611,FENCE_DISTURB_W-1,FENCE_DISTURB,PERIMETER,W-1,PERIM_W-1,alarm,intrusion,intrusion:attack_04:step_00:PERIM_W-1,intrusion,0.0,adversary,balanced_train:attack
2026-01-02T01:31:47,E000009610,RADAR_W-1,RADAR,PERIMETER,W-1,PERIM_W-1,alarm,invalid,intrusion:attack_04:step_00:PERIM_W-1,intrusion,17.481421687480744,adversary,balanced_train:attack
2026-01-02T01:31:47,E000009610,RADAR_W-1,RADAR,PERIMETER,W-1,PERIM_W-1,alarm,invalid,intrusion:attack_04:step_00:PERIM_W-1,intrusion,17.481421687480744,adversary,balanced_train:attack
2026-01-02T01:31:47,E000009610,RADAR_W-1,RADAR,PERIMETER,W-1,PERIM_W-1,alarm,invalid,intrusion:attack_04:step_00:PERIM_W-1,intrusion,17.481421687480744,adversary,balanced_train:attack
2026-01-02T01:31:47,E000009610,RADAR_W-1,RADAR,PERIMETER,W-1,PERIM_W-1,alarm,invalid,intrusion:attack_04:step_00:PERIM_W-1,intrusion,17.481421687480744,adversary,balanced_train:attack
2026-01-02T01:31:47,E000009610,RADAR_W-1,RADAR,PERIMETER,W-1,PERIM_W-1,alarm,invalid,intrusion:attack_04:step_00:PERIM_W-1,intrusion,17.481421687480744,adversary,balanced_train:attack
2026-01-02T01:31:47,E000009611,FENCE_DISTURB_W-1,FENCE_DISTURB,PERIMETER,W-1,PERIM_W-1,alarm,intrusion,intrusion:attack_04:step_00:PERIM_W-1,intrusion,0.0,adversary,balanced_train:attack
2026-01-02T01:31:47,E000009611,FENCE_DISTURB_W-1,FENCE_DISTURB,PERIMETER,W-1,PERIM_W-1,alarm,intrusion,intrusion:attack_04:step_00:PERIM_W-1,intrusion,0.0,adversary,balanced_train:attack
2026-01-02T01:31:47,E000009610,RADAR_W-1,RADAR,PERIMETER,W-1,PERIM_W-1,alarm,invalid,intrusion:attack_04:step_00:PERIM_W-1,intrusion,17.481421687480744,adversary,balanced_train:attack
2026-01-02T01:31:47,E000009611,FENCE_DISTURB_W-1,FENCE_DISTURB,PERIMETER,W-1,PERIM_W-1,alarm,intrusion,intrusion:attack_04:step_00:PERIM_W-1,intrusion,0.0,adversary,balanced_train:attack
2026-01-02T01:31:47,E000009610,RADAR_W-1,RADAR,PERIMETER,W-1,PERIM_W-1,alarm,invalid,intrusion:attack_04:step_00:PERIM_W-1,intrusion,17.481421687480744,adversary,balanced_train:attack
2026-01-02T01:31:47,E000009610,RADAR_W-1,RADAR,PERIMETER,W-1,PERIM_W-1,alarm,invalid,intrusion:attack_04:step_00:PERIM_W-1,intrusion,17.481421687480744,adversary,balanced_train:attack
2026-01-02T01:31:47,E000009610,RADAR_W-1,RADAR,PERIMETER,W-1,PERIM_W-1,alarm,invalid,intrusion:attack_04:step_00:PERIM_W-1,intrusion,17.481421687480744,adversary,balanced_train:attack
2026-01-02T01:31:47,E000009610,RADAR_W-1,RADAR,PERIMETER,W-1,PERIM_W-1,alarm,invalid,intrusion:attack_04:step_00:PERIM_W-1,intrusion,17.481421687480744,adversary,balanced_train:attack
2026-01-02T01:31:47,E000009611,FENCE_DISTURB_W-1,FENCE_DISTURB,PERIMETER,W-1,PERIM_W-1,alarm,intrusion,intrusion:attack_04:step_00:PERIM_W-1,intrusion,0.0,adversary,balanced_train:attack
2026-01-02T01:31:47,E000009611,FENCE_DISTURB_W-1,FENCE_DISTURB,PERIMETER,W-1,PERIM_W-1,alarm,intrusion,intrusion:attack_04:step_00:PERIM_W-1,intrusion,0.0,adversary,balanced_train:attack
2026-01-02T01:31:47,E000009611,FENCE_DISTURB_W-1,FENCE_DISTURB,PERIMETER,W-1,PERIM_W-1,alarm,intrusion,intrusion:attack_04:step_00:PERIM_W-1,intrusion,0.0,adversary,balanced_train:attack
2026-01-02T01:31:47,E000009611,FENCE_DISTURB_W-1,FENCE_DISTURB,PERIMETER,W-1,PERIM_W-1,alarm,intrusion,intrusion:attack_04:step_00:PERIM_W-1,intrusion,0.0,adversary,balanced_train:attack
2026-01-02T07:02:16,E000001494,PIR_ROOM_S_ENTRY,PIR,INTERIOR,BLDG,ROOM_S_ENTRY,alarm,valid,normal,benign,18.040403956683768,baseline,balanced_train:shift_in:move_to:ROOM_SECURITY
2026-01-02T07:20:05,E000001514,BMS_SKIN_S_DOOR,BMS,SKIN,BLDG,SKIN_S_DOOR,alarm,valid,normal,benign,17.088541266636465,baseline,balanced_train:shift_in:move_to:ROOM_SECURITY
2026-01-02T07:23:59,E000001421,ACS_S-AC,ACCESS_CTRL,PERIMETER,S-AC,TURNSTILE_S-AC,alarm,valid,normal,benign,16.356116866394668,baseline,balanced_train:shift_in:turnstile_entry
2026-01-02T07:27:47,E000001739,PA_RADAR_S,RADAR,PROTECTED_AREA,S,PA_RADAR_S,alarm,valid,normal,benign,3.447402624281384,baseline,balanced_train:shift_in:move_to:ROOM_SECURITY
2026-01-02T07:28:46,E000001484,PIR_ROOM_S_ENTRY,PIR,INTERIOR,BLDG,ROOM_S_ENTRY,alarm,valid,normal,benign,11.381092529629836,baseline,balanced_train:shift_in:move_to:ROOM_SECURITY
2026-01-02T07:29:53,E000001768,ACS_S-AC,ACCESS_CTRL,PERIMETER,S-AC,TURNSTILE_S-AC,alarm,valid,normal,benign,12.61128620321847,baseline,balanced_train:shift_in:turnstile_entry
2026-01-02T07:30:38,E000001769,BMS_SKIN_S_DOOR,BMS,SKIN,BLDG,SKIN_S_DOOR,alarm,valid,normal,benign,14.482415239770845,baseline,balanced_train:shift_in:move_to:ROOM_ADMIN
2026-01-02T07:39:12,E000001864,BMS_SKIN_S_DOOR,BMS,SKIN,BLDG,SKIN_S_DOOR,alarm,valid,normal,benign,12.64572214660997,baseline,balanced_train:shift_in:exit_from:ROOM_SECURITY
2026-01-02T07:39:55,E000001865,ACS_S-AC,ACCESS_CTRL,PERIMETER,S-AC,TURNSTILE_S-AC,alarm,valid,normal,benign,14.384828681588099,baseline,balanced_train:shift_in:exit_from:ROOM_SECURITY
2026-01-02T07:40:51,E000001656,ACS_S-AC,ACCESS_CTRL,PERIMETER,S-AC,TURNSTILE_S-AC,alarm,valid,normal,benign,10.698744909464486,baseline,balanced_train:shift_in:turnstile_entry
2026-01-02T07:50:08,E000001667,ACS_S-AC,ACCESS_CTRL,PERIMETER,S-AC,TURNSTILE_S-AC,alarm,valid,normal,benign,8.160581906890075,baseline,balanced_train:shift_in:turnstile_entry
2026-01-02T07:51:36,E000001828,ACS_S-AC,ACCESS_CTRL,PERIMETER,S-AC,TURNSTILE_S-AC,alarm,valid,normal,benign,13.509285207710242,baseline,balanced_train:shift_in:turnstile_entry
2026-01-02T07:57:18,E000001700,PIR_ROOM_ADMIN,PIR,INTERIOR,BLDG,ROOM_ADMIN,alarm,valid,normal,benign,24.711779604342997,baseline,balanced_train:shift_in:move_to:ROOM_ADMIN
2026-01-02T07:59:27,E000001436,PIR_HALL_MAIN,PIR,INTERIOR,BLDG,HALL_MAIN,alarm,valid,normal,benign,24.712435084572,baseline,balanced_train:shift_in:exit_from:ROOM_SECURITY
2026-01-02T08:00:40,E000001784,BMS_SKIN_S_DOOR,BMS,SKIN,BLDG,SKIN_S_DOOR,alarm,valid,normal,benign,15.259001692548246,baseline,balanced_train:shift_in:exit_from:ROOM_SECURITY
2026-01-02T08:29:11,E000001575,ACS_S-AC,ACCESS_CTRL,PERIMETER,S-AC,TURNSTILE_S-AC,alarm,valid,normal,benign,21.901461653467692,baseline,balanced_train:shift_in:exit_from:ROOM_ADMIN
2026-01-02T09:39:36,E000002706,PA_RADAR_S,RADAR,PROTECTED_AREA,S,PA_RADAR_S,alarm,valid,normal,benign,16.39038819575744,baseline,balanced_train:straggler:move_to:ROOM_SECURITY
2026-01-02T11:25:29,E000002407,PIR_ROOM_ADMIN,PIR,INTERIOR,BLDG,ROOM_ADMIN,alarm,valid,normal,benign,13.595528661717353,baseline,balanced_train:meal_exit:move_to:ROOM_ADMIN
2026-01-02T11:39:43,E000002322,ACS_S-AC,ACCESS_CTRL,PERIMETER,S-AC,TURNSTILE_S-AC,alarm,valid,normal,benign,24.221394971713906,baseline,balanced_train:meal_exit:turnstile_entry
2026-01-02T11:50:01,E000002388,PIR_HALL_MAIN,PIR,INTERIOR,BLDG,HALL_MAIN,alarm,valid,normal,benign,14.806211519904004,baseline,balanced_train:meal_exit:move_to:ROOM_ADMIN
2026-01-02T11:52:10,E000002616,ACS_S-AC,ACCESS_CTRL,PERIMETER,S-AC,TURNSTILE_S-AC,alarm,valid,normal,benign,19.83866067125895,baseline,balanced_train:meal_return:turnstile_entry
2026-01-02T12:05:04,E000002450,BMS_SKIN_S_DOOR,BMS,SKIN,BLDG,SKIN_S_DOOR,alarm,valid,normal,benign,20.344242366029818,baseline,balanced_train:meal_exit:exit_from:ROOM_SECURITY
2026-01-02T12:08:46,E000002437,PIR_HALL_MAIN,PIR,INTERIOR,BLDG,HALL_MAIN,alarm,valid,normal,benign,14.070576439918776,baseline,balanced_train:meal_exit:exit_from:ROOM_ADMIN
2026-01-02T12:10:46,E000002493,ACS_S-AC,ACCESS_CTRL,PERIMETER,S-AC,TURNSTILE_S-AC,alarm,valid,normal,benign,20.76996450119703,baseline,balanced_train:meal_exit:exit_from:ROOM_ADMIN
2026-01-02T12:28:37,E000002508,PIR_HALL_MAIN,PIR,INTERIOR,BLDG,HALL_MAIN,alarm,valid,normal,benign,10.844645904427264,baseline,balanced_train:meal_return:move_to:ROOM_ADMIN
2026-01-02T12:41:21,E000002550,PIR_ROOM_S_ENTRY,PIR,INTERIOR,BLDG,ROOM_S_ENTRY,alarm,valid,normal,benign,6.726184909779656,baseline,balanced_train:meal_return:exit_from:ROOM_SECURITY
2026-01-02T12:45:42,E000002579,PIR_ROOM_SECURITY,PIR,INTERIOR,BLDG,ROOM_SECURITY,alarm,valid,normal,benign,12.508480037348683,baseline,balanced_train:meal_return:move_to:ROOM_SECURITY
2026-01-02T12:53:38,E000000024,PA_RADAR_W,RADAR,PROTECTED_AREA,W,PA_RADAR_W,alarm,invalid,false_positive,false_positive,23.1425694007295,env,balanced_train
2026-01-02T12:53:38,E000000024,PA_RADAR_W,RADAR,PROTECTED_AREA,W,PA_RADAR_W,alarm,invalid,false_positive,false_positive,23.1425694007295,env,balanced_train
2026-01-02T12:53:38,E000000024,PA_RADAR_W,RADAR,PROTECTED_AREA,W,PA_RADAR_W,alarm,invalid,false_positive,false_positive,23.1425694007295,env,balanced_train
2026-01-02T12:53:38,E000000024,PA_RADAR_W,RADAR,PROTECTED_AREA,W,PA_RADAR_W,alarm,invalid,false_positive,false_positive,23.1425694007295,env,balanced_train
2026-01-02T12:53:38,E000000024,PA_RADAR_W,RADAR,PROTECTED_AREA,W,PA_RADAR_W,alarm,invalid,false_positive,false_positive,23.1425694007295,env,balanced_train
2026-01-02T12:53:38,E000000024,PA_RADAR_W,RADAR,PROTECTED_AREA,W,PA_RADAR_W,alarm,invalid,false_positive,false_positive,23.1425694007295,env,balanced_train
2026-01-02T12:53:38,E000000024,PA_RADAR_W,RADAR,PROTECTED_AREA,W,PA_RADAR_W,alarm,invalid,false_positive,false_positive,23.1425694007295,env,balanced_train
2026-01-02T12:53:38,E000000024,PA_RADAR_W,RADAR,PROTECTED_AREA,W,PA_RADAR_W,alarm,invalid,false_positive,false_positive,23.1425694007295,env,balanced_train
2026-01-02T12:53:38,E000000024,PA_RADAR_W,RADAR,PROTECTED_AREA,W,PA_RADAR_W,alarm,invalid,false_positive,false_positive,23.1425694007295,env,balanced_train
2026-01-02T12:53:38,E000000024,PA_RADAR_W,RADAR,PROTECTED_AREA,W,PA_RADAR_W,alarm,invalid,false_positive,false_positive,23.1425694007295,env,balanced_train
2026-01-02T12:53:38,E000000024,PA_RADAR_W,RADAR,PROTECTED_AREA,W,PA_RADAR_W,alarm,invalid,false_positive,false_positive,23.1425694007295,env,balanced_train
2026-01-02T12:53:38,E000000024,PA_RADAR_W,RADAR,PROTECTED_AREA,W,PA_RADAR_W,alarm,invalid,false_positive,false_positive,23.1425694007295,env,balanced_train
2026-01-02T13:52:53,E000000035,PIR_ROOM_W_ENTRY,PIR,INTERIOR,BLDG,ROOM_W_ENTRY,alarm,invalid,false_positive,false_positive,25.190475205765463,env,balanced_train
2026-01-02T13:52:53,E000000035,PIR_ROOM_W_ENTRY,PIR,INTERIOR,BLDG,ROOM_W_ENTRY,alarm,invalid,false_positive,false_positive,25.190475205765463,env,balanced_train
2026-01-02T13:52:53,E000000035,PIR_ROOM_W_ENTRY,PIR,INTERIOR,BLDG,ROOM_W_ENTRY,alarm,invalid,false_positive,false_positive,25.190475205765463,env,balanced_train
2026-01-02T13:52:53,E000000035,PIR_ROOM_W_ENTRY,PIR,INTERIOR,BLDG,ROOM_W_ENTRY,alarm,invalid,false_positive,false_positive,25.190475205765463,env,balanced_train
2026-01-02T13:52:53,E000000035,PIR_ROOM_W_ENTRY,PIR,INTERIOR,BLDG,ROOM_W_ENTRY,alarm,invalid,false_positive,false_positive,25.190475205765463,env,balanced_train
2026-01-02T13:52:53,E000000035,PIR_ROOM_W_ENTRY,PIR,INTERIOR,BLDG,ROOM_W_ENTRY,alarm,invalid,false_positive,false_positive,25.190475205765463,env,balanced_train
2026-01-02T13:52:53,E000000035,PIR_ROOM_W_ENTRY,PIR,INTERIOR,BLDG,ROOM_W_ENTRY,alarm,invalid,false_positive,false_positive,25.190475205765463,env,balanced_train
2026-01-02T13:52:53,E000000035,PIR_ROOM_W_ENTRY,PIR,INTERIOR,BLDG,ROOM_W_ENTRY,alarm,invalid,false_positive,false_positive,25.190475205765463,env,balanced_train
2026-01-02T13:52:53,E000000035,PIR_ROOM_W_ENTRY,PIR,INTERIOR,BLDG,ROOM_W_ENTRY,alarm,invalid,false_positive,false_positive,25.190475205765463,env,balanced_train
2026-01-02T13:52:53,E000000035,PIR_ROOM_W_ENTRY,PIR,INTERIOR,BLDG,ROOM_W_ENTRY,alarm,invalid,false_positive,false_positive,25.190475205765463,env,balanced_train
2026-01-02T13:52:53,E000000035,PIR_ROOM_W_ENTRY,PIR,INTERIOR,BLDG,ROOM_W_ENTRY,alarm,invalid,false_positive,false_positive,25.190475205765463,env,balanced_train
2026-01-02T13:52:53,E000000035,PIR_ROOM_W_ENTRY,PIR,INTERIOR,BLDG,ROOM_W_ENTRY,alarm,invalid,false_positive,false_positive,25.190475205765463,env,balanced_train
2026-01-02T15:37:28,E000001886,ACS_S-AC,ACCESS_CTRL,PERIMETER,S-AC,TURNSTILE_S-AC,alarm,valid,normal,benign,14.324250298653233,baseline,balanced_train:shift_out:turnstile_entry
2026-01-02T15:38:45,E000001889,PIR_HALL_MAIN,PIR,INTERIOR,BLDG,HALL_MAIN,alarm,valid,normal,benign,17.875928230980936,baseline,balanced_train:shift_out:move_to:ROOM_SECURITY
2026-01-02T15:46:01,E000002068,PIR_ROOM_S_ENTRY,PIR,INTERIOR,BLDG,ROOM_S_ENTRY,alarm,valid,normal,benign,4.755534536126062,baseline,balanced_train:shift_out:move_to:ROOM_SECURITY
2026-01-02T15:46:41,E000002069,PIR_HALL_MAIN,PIR,INTERIOR,BLDG,HALL_MAIN,alarm,valid,normal,benign,17.57142202025661,baseline,balanced_train:shift_out:move_to:ROOM_SECURITY
2026-01-02T15:48:05,E000002689,BMS_SKIN_S_DOOR,BMS,SKIN,BLDG,SKIN_S_DOOR,alarm,valid,normal,benign,11.228810499822602,baseline,balanced_train:straggler:move_to:ROOM_SECURITY
2026-01-02T16:00:09,E000002118,PA_RADAR_S,RADAR,PROTECTED_AREA,S,PA_RADAR_S,alarm,valid,normal,benign,12.915538005926283,baseline,balanced_train:shift_out:move_to:ROOM_ADMIN
2026-01-02T16:04:24,E000002289,PIR_HALL_MAIN,PIR,INTERIOR,BLDG,HALL_MAIN,alarm,valid,normal,benign,19.092183170952627,baseline,balanced_train:shift_out:exit_from:ROOM_ADMIN
2026-01-02T16:06:00,E000001896,ACS_S-AC,ACCESS_CTRL,PERIMETER,S-AC,TURNSTILE_S-AC,alarm,valid,normal,benign,14.527471388725122,baseline,balanced_train:shift_out:turnstile_entry
2026-01-02T16:19:34,E000002149,ACS_S-AC,ACCESS_CTRL,PERIMETER,S-AC,TURNSTILE_S-AC,alarm,valid,normal,benign,18.623445848754425,baseline,balanced_train:shift_out:turnstile_entry
2026-01-02T16:20:16,E000001938,PIR_ROOM_S_ENTRY,PIR,INTERIOR,BLDG,ROOM_S_ENTRY,alarm,valid,normal,benign,26.90980652044682,baseline,balanced_train:shift_out:move_to:ROOM_ADMIN
2026-01-02T16:21:20,E000002315,PIR_ROOM_S_ENTRY,PIR,INTERIOR,BLDG,ROOM_S_ENTRY,alarm,valid,normal,benign,8.06673930643392,baseline,balanced_train:shift_out:move_to:ROOM_ADMIN
2026-01-02T16:21:22,E000002145,PIR_ROOM_S_ENTRY,PIR,INTERIOR,BLDG,ROOM_S_ENTRY,alarm,valid,normal,benign,11.713266056940926,baseline,balanced_train:shift_out:exit_from:ROOM_SECURITY
2026-01-02T16:24:32,E000002279,PIR_HALL_MAIN,PIR,INTERIOR,BLDG,HALL_MAIN,alarm,valid,normal,benign,6.131904971352576,baseline,balanced_train:shift_out:move_to:ROOM_ADMIN
2026-01-02T16:32:57,E000002005,ACS_S-AC,ACCESS_CTRL,PERIMETER,S-AC,TURNSTILE_S-AC,alarm,valid,normal,benign,12.55153598954273,baseline,balanced_train:shift_out:turnstile_entry
2026-01-02T16:33:06,E000002006,PA_RADAR_S,RADAR,PROTECTED_AREA,S,PA_RADAR_S,alarm,valid,normal,benign,18.08994411122412,baseline,balanced_train:shift_out:move_to:ROOM_SECURITY
2026-01-02T16:38:18,E000001943,BMS_SKIN_S_DOOR,BMS,SKIN,BLDG,SKIN_S_DOOR,alarm,valid,normal,benign,13.359021843706563,baseline,balanced_train:shift_out:exit_from:ROOM_ADMIN
2026-01-02T16:38:58,E000002035,ACS_S-AC,ACCESS_CTRL,PERIMETER,S-AC,TURNSTILE_S-AC,alarm,valid,normal,benign,13.598414756719148,baseline,balanced_train:shift_out:exit_from:ASSET_ROOM
2026-01-02T16:40:17,E000001959,PIR_HALL_MAIN,PIR,INTERIOR,BLDG,HALL_MAIN,alarm,valid,normal,benign,15.499980225677081,baseline,balanced_train:shift_out:move_to:ROOM_ADMIN
2026-01-02T16:40:22,E000002232,PIR_ROOM_S_ENTRY,PIR,INTERIOR,BLDG,ROOM_S_ENTRY,alarm,valid,normal,benign,1.4384616101865042,baseline,balanced_train:shift_out:exit_from:ROOM_SECURITY
2026-01-02T16:41:02,E000002214,PIR_ROOM_S_ENTRY,PIR,INTERIOR,BLDG,ROOM_S_ENTRY,alarm,valid,normal,benign,20.15350621970774,baseline,balanced_train:shift_out:exit_from:ROOM_ADMIN
2026-01-02T16:42:49,E000002217,ACS_S-AC,ACCESS_CTRL,PERIMETER,S-AC,TURNSTILE_S-AC,alarm,valid,normal,benign,18.364488355289573,baseline,balanced_train:shift_out:exit_from:ROOM_ADMIN
2026-01-02T16:46:57,E000002281,PIR_HALL_MAIN,PIR,INTERIOR,BLDG,HALL_MAIN,alarm,valid,normal,benign,13.747696032223882,baseline,balanced_train:shift_out:exit_from:ROOM_ADMIN
2026-01-02T16:49:55,E000002206,BMS_SKIN_S_DOOR,BMS,SKIN,BLDG,SKIN_S_DOOR,alarm,valid,normal,benign,15.503660062838849,baseline,balanced_train:shift_out:exit_from:ROOM_ADMIN
2026-01-02T16:52:58,E000002104,PIR_ROOM_S_ENTRY,PIR,INTERIOR,BLDG,ROOM_S_ENTRY,alarm,valid,normal,benign,8.636442774561248,baseline,balanced_train:shift_out:exit_from:ROOM_SECURITY
2026-01-02T16:53:43,E000002247,PA_RADAR_S,RADAR,PROTECTED_AREA,S,PA_RADAR_S,alarm,valid,normal,benign,14.270474249399644,baseline,balanced_train:shift_out:move_to:ROOM_ADMIN
2026-01-02T16:54:29,E000002249,PIR_ROOM_S_ENTRY,PIR,INTERIOR,BLDG,ROOM_S_ENTRY,alarm,valid,normal,benign,24.373478606905117,baseline,balanced_train:shift_out:move_to:ROOM_ADMIN
2026-01-02T16:56:53,E000002076,ACS_S-AC,ACCESS_CTRL,PERIMETER,S-AC,TURNSTILE_S-AC,alarm,valid,normal,benign,12.354739137594509,baseline,balanced_train:shift_out:turnstile_entry
2026-01-02T16:58:36,E000001950,PIR_ROOM_SECURITY,PIR,INTERIOR,BLDG,ROOM_SECURITY,alarm,valid,normal,benign,24.538832816131034,baseline,balanced_train:shift_out:move_to:ROOM_SECURITY
2026-01-02T16:59:34,E000002170,ACS_S-AC,ACCESS_CTRL,PERIMETER,S-AC,TURNSTILE_S-AC,alarm,valid,normal,benign,8.476929401565918,baseline,balanced_train:shift_out:turnstile_entry
2026-01-02T17:00:19,E000002225,BMS_SKIN_S_DOOR,BMS,SKIN,BLDG,SKIN_S_DOOR,alarm,valid,normal,benign,21.75922362184916,baseline,balanced_train:shift_out:exit_from:ROOM_SECURITY
2026-01-02T17:00:52,E000002269,PIR_ROOM_ADMIN,PIR,INTERIOR,BLDG,ROOM_ADMIN,alarm,valid,normal,benign,23.934953420710922,baseline,balanced_train:shift_out:move_to:ROOM_ADMIN
2026-01-02T17:01:01,E000002175,PIR_ROOM_ADMIN,PIR,INTERIOR,BLDG,ROOM_ADMIN,alarm,valid,normal,benign,10.255752899611402,baseline,balanced_train:shift_out:move_to:ROOM_ADMIN
2026-01-02T17:02:31,E000001994,ACS_S-AC,ACCESS_CTRL,PERIMETER,S-AC,TURNSTILE_S-AC,alarm,valid,normal,benign,21.399069291949182,baseline,balanced_train:shift_out:exit_from:ROOM_SECURITY
2026-01-02T17:07:57,E000001963,BMS_SKIN_S_DOOR,BMS,SKIN,BLDG,SKIN_S_DOOR,alarm,valid,normal,benign,10.14243539373995,baseline,balanced_train:shift_out:exit_from:ROOM_ADMIN
2026-01-02T17:20:13,E000002263,BMS_SKIN_S_DOOR,BMS,SKIN,BLDG,SKIN_S_DOOR,alarm,valid,normal,benign,16.176494956425326,baseline,balanced_train:shift_out:exit_from:ROOM_ADMIN
2026-01-02T17:36:07,E000002273,PA_RADAR_S,RADAR,PROTECTED_AREA,S,PA_RADAR_S,alarm,valid,normal,benign,21.15974659857686,baseline,balanced_train:shift_out:exit_from:ROOM_ADMIN
2026-01-02T18:22:19,E000000016,RADAR_S-1,RADAR,PERIMETER,S-1,PERIM_S-1,alarm,valid,false_positive,false_positive,7.246745636034548,env,balanced_train
2026-01-02T18:22:19,E000000016,RADAR_S-1,RADAR,PERIMETER,S-1,PERIM_S-1,alarm,valid,false_positive,false_positive,7.246745636034548,env,balanced_train
2026-01-02T18:22:19,E000000016,RADAR_S-1,RADAR,PERIMETER,S-1,PERIM_S-1,alarm,valid,false_positive,false_positive,7.246745636034548,env,balanced_train
2026-01-02T18:22:19,E000000016,RADAR_S-1,RADAR,PERIMETER,S-1,PERIM_S-1,alarm,valid,false_positive,false_positive,7.246745636034548,env,balanced_train
2026-01-02T18:22:19,E000000016,RADAR_S-1,RADAR,PERIMETER,S-1,PERIM_S-1,alarm,valid,false_positive,false_positive,7.246745636034548,env,balanced_train
2026-01-02T18:22:19,E000000016,RADAR_S-1,RADAR,PERIMETER,S-1,PERIM_S-1,alarm,valid,false_positive,false_positive,7.246745636034548,env,balanced_train
2026-01-02T18:22:19,E000000016,RADAR_S-1,RADAR,PERIMETER,S-1,PERIM_S-1,alarm,valid,false_positive,false_positive,7.246745636034548,env,balanced_train
2026-01-02T18:22:19,E000000016,RADAR_S-1,RADAR,PERIMETER,S-1,PERIM_S-1,alarm,valid,false_positive,false_positive,7.246745636034548,env,balanced_train
2026-01-02T18:22:19,E000000016,RADAR_S-1,RADAR,PERIMETER,S-1,PERIM_S-1,alarm,valid,false_positive,false_positive,7.246745636034548,env,balanced_train
2026-01-02T18:22:19,E000000016,RADAR_S-1,RADAR,PERIMETER,S-1,PERIM_S-1,alarm,valid,false_positive,false_positive,7.246745636034548,env,balanced_train
2026-01-02T18:22:19,E000000016,RADAR_S-1,RADAR,PERIMETER,S-1,PERIM_S-1,alarm,valid,false_positive,false_positive,7.246745636034548,env,balanced_train
2026-01-02T18:22:19,E000000016,RADAR_S-1,RADAR,PERIMETER,S-1,PERIM_S-1,alarm,valid,false_positive,false_positive,7.246745636034548,env,balanced_train
2026-01-02T18:22:19,E000000016,RADAR_S-1,RADAR,PERIMETER,S-1,PERIM_S-1,alarm,valid,false_positive,false_positive,7.246745636034548,env,balanced_train
2026-01-02T18:22:19,E000000016,RADAR_S-1,RADAR,PERIMETER,S-1,PERIM_S-1,alarm,valid,false_positive,false_positive,7.246745636034548,env,balanced_train
2026-01-02T18:22:19,E000000016,RADAR_S-1,RADAR,PERIMETER,S-1,PERIM_S-1,alarm,valid,false_positive,false_positive,7.246745636034548,env,balanced_train
2026-01-02T18:22:19,E000000016,RADAR_S-1,RADAR,PERIMETER,S-1,PERIM_S-1,alarm,valid,false_positive,false_positive,7.246745636034548,env,balanced_train
2026-01-02T18:22:19,E000000016,RADAR_S-1,RADAR,PERIMETER,S-1,PERIM_S-1,alarm,valid,false_positive,false_positive,7.246745636034548,env,balanced_train
2026-01-03T06:34:49,E000002916,ACS_S-AC,ACCESS_CTRL,PERIMETER,S-AC,TURNSTILE_S-AC,alarm,valid,normal,benign,25.38083894863851,baseline,balanced_train:shift_in:turnstile_entry
2026-01-03T06:35:49,E000002919,PIR_ROOM_S_ENTRY,PIR,INTERIOR,BLDG,ROOM_S_ENTRY,alarm,valid,normal,benign,20.30625621353007,baseline,balanced_train:shift_in:move_to:ASSET_ROOM
2026-01-03T07:14:57,E000002959,ACS_S-AC,ACCESS_CTRL,PERIMETER,S-AC,TURNSTILE_S-AC,alarm,valid,normal,benign,0.0,baseline,balanced_train:shift_in:turnstile_entry
2026-01-03T07:18:34,E000003196,PIR_ROOM_ADMIN,PIR,INTERIOR,BLDG,ROOM_ADMIN,alarm,valid,normal,benign,12.93101900741981,baseline,balanced_train:shift_in:move_to:ROOM_ADMIN
2026-01-03T07:19:44,E000002839,PIR_ROOM_SECURITY,PIR,INTERIOR,BLDG,ROOM_SECURITY,alarm,valid,normal,benign,15.67985379204637,baseline,balanced_train:shift_in:move_to:ROOM_SECURITY
2026-01-03T07:26:33,E000002898,PIR_ROOM_SECURITY,PIR,INTERIOR,BLDG,ROOM_SECURITY,alarm,valid,normal,benign,20.32720130012613,baseline,balanced_train:shift_in:move_to:ROOM_SECURITY
2026-01-03T07:29:20,E000003080,PIR_HALL_MAIN,PIR,INTERIOR,BLDG,HALL_MAIN,alarm,valid,normal,benign,12.182238041504755,baseline,balanced_train:shift_in:exit_from:ROOM_ADMIN
2026-01-03T07:30:43,E000002817,PIR_ROOM_S_ENTRY,PIR,INTERIOR,BLDG,ROOM_S_ENTRY,alarm,valid,normal,benign,16.343243301789148,baseline,balanced_train:shift_in:move_to:ROOM_SECURITY
2026-01-03T07:30:43,E000002816,BMS_SKIN_S_DOOR,BMS,SKIN,BLDG,SKIN_S_DOOR,alarm,valid,normal,benign,17.233377148930245,baseline,balanced_train:shift_in:move_to:ROOM_SECURITY
2026-01-03T07:31:28,E000002819,PIR_ROOM_SECURITY,PIR,INTERIOR,BLDG,ROOM_SECURITY,alarm,valid,normal,benign,17.613355162394747,baseline,balanced_train:shift_in:move_to:ROOM_SECURITY
2026-01-03T07:34:16,E000002769,PIR_HALL_MAIN,PIR,INTERIOR,BLDG,HALL_MAIN,alarm,valid,normal,benign,18.10197486252924,baseline,balanced_train:shift_in:exit_from:ROOM_SECURITY
2026-01-03T07:38:32,E000003049,PIR_ROOM_S_ENTRY,PIR,INTERIOR,BLDG,ROOM_S_ENTRY,alarm,valid,normal,benign,14.943670145597839,baseline,balanced_train:shift_in:move_to:ROOM_SECURITY
2026-01-03T07:40:50,E000003177,BMS_SKIN_S_DOOR,BMS,SKIN,BLDG,SKIN_S_DOOR,alarm,valid,normal,benign,18.99587302632642,baseline,balanced_train:shift_in:exit_from:ROOM_SECURITY
2026-01-03T07:42:00,E000002943,PIR_HALL_MAIN,PIR,INTERIOR,BLDG,HALL_MAIN,alarm,valid,normal,benign,14.827308434307263,baseline,balanced_train:shift_in:move_to:ROOM_SECURITY
2026-01-03T07:43:09,E000002904,ACS_S-AC,ACCESS_CTRL,PERIMETER,S-AC,TURNSTILE_S-AC,alarm,valid,normal,benign,10.242753097574516,baseline,balanced_train:shift_in:turnstile_entry
2026-01-03T07:46:04,E000002840,PIR_HALL_MAIN,PIR,INTERIOR,BLDG,HALL_MAIN,alarm,valid,normal,benign,19.223566825445637,baseline,balanced_train:shift_in:exit_from:ROOM_SECURITY
2026-01-03T07:46:53,E000002842,BMS_SKIN_S_DOOR,BMS,SKIN,BLDG,SKIN_S_DOOR,alarm,valid,normal,benign,10.504312887309528,baseline,balanced_train:shift_in:exit_from:ROOM_SECURITY
2026-01-03T07:47:36,E000002799,PIR_ROOM_S_ENTRY,PIR,INTERIOR,BLDG,ROOM_S_ENTRY,alarm,valid,normal,benign,6.83013606416424,baseline,balanced_train:shift_in:exit_from:ROOM_ADMIN
2026-01-03T07:52:38,E000003187,PIR_ROOM_S_ENTRY,PIR,INTERIOR,BLDG,ROOM_S_ENTRY,alarm,valid,normal,benign,16.475172202865345,baseline,balanced_train:shift_in:exit_from:ROOM_ADMIN
2026-01-03T07:53:10,E000003141,BMS_SKIN_S_DOOR,BMS,SKIN,BLDG,SKIN_S_DOOR,alarm,valid,normal,benign,19.667839326321676,baseline,balanced_train:shift_in:move_to:ROOM_SECURITY
2026-01-03T07:53:35,E000003143,PIR_HALL_MAIN,PIR,INTERIOR,BLDG,HALL_MAIN,alarm,valid,normal,benign,15.024045446356734,baseline,balanced_train:shift_in:move_to:ROOM_SECURITY
2026-01-03T07:55:06,E000002958,ACS_S-AC,ACCESS_CTRL,PERIMETER,S-AC,TURNSTILE_S-AC,alarm,valid,normal,benign,17.708316219144223,baseline,balanced_train:shift_in:exit_from:ROOM_SECURITY
2026-01-03T07:56:39,E000002887,PIR_ROOM_ADMIN,PIR,INTERIOR,BLDG,ROOM_ADMIN,alarm,valid,normal,benign,12.83701735307104,baseline,balanced_train:shift_in:move_to:ROOM_ADMIN
2026-01-03T07:58:46,E000002780,BMS_SKIN_S_DOOR,BMS,SKIN,BLDG,SKIN_S_DOOR,alarm,valid,normal,benign,10.880916879391098,baseline,balanced_train:shift_in:exit_from:ROOM_ADMIN
2026-01-03T08:00:00,E000003042,PIR_ROOM_S_ENTRY,PIR,INTERIOR,BLDG,ROOM_S_ENTRY,alarm,valid,normal,benign,11.311291969960788,baseline,balanced_train:shift_in:exit_from:ROOM_ADMIN
2026-01-03T08:02:52,E000003070,PIR_HALL_MAIN,PIR,INTERIOR,BLDG,HALL_MAIN,alarm,valid,normal,benign,24.84083901396373,baseline,balanced_train:shift_in:exit_from:ASSET_ROOM
2026-01-03T08:03:31,E000002821,PIR_ROOM_S_ENTRY,PIR,INTERIOR,BLDG,ROOM_S_ENTRY,alarm,valid,normal,benign,3.338029512860899,baseline,balanced_train:shift_in:exit_from:ROOM_SECURITY
2026-01-03T08:04:11,E000003135,PIR_ROOM_S_ENTRY,PIR,INTERIOR,BLDG,ROOM_S_ENTRY,alarm,valid,normal,benign,24.61997632519994,baseline,balanced_train:shift_in:exit_from:ROOM_ADMIN
2026-01-03T08:04:37,E000004115,PIR_HALL_MAIN,PIR,INTERIOR,BLDG,HALL_MAIN,alarm,valid,normal,benign,21.986139286364896,baseline,balanced_train:straggler:move_to:ROOM_ADMIN
2026-01-03T08:14:16,E000003010,BMS_SKIN_S_DOOR,BMS,SKIN,BLDG,SKIN_S_DOOR,alarm,valid,normal,benign,16.24835596401075,baseline,balanced_train:shift_in:exit_from:ROOM_ADMIN
2026-01-03T11:23:18,E000003697,PIR_HALL_MAIN,PIR,INTERIOR,BLDG,HALL_MAIN,alarm,valid,normal,benign,7.052289876939725,baseline,balanced_train:meal_exit:exit_from:ROOM_SECURITY
2026-01-03T11:24:26,E000003699,BMS_SKIN_S_DOOR,BMS,SKIN,BLDG,SKIN_S_DOOR,alarm,valid,normal,benign,10.417462186354197,baseline,balanced_train:meal_exit:exit_from:ROOM_SECURITY
2026-01-03T11:28:16,E000003757,PIR_ROOM_SECURITY,PIR,INTERIOR,BLDG,ROOM_SECURITY,alarm,valid,normal,benign,19.697045679155387,baseline,balanced_train:meal_exit:move_to:ROOM_SECURITY
2026-01-03T11:32:28,E000003854,PIR_ROOM_ADMIN,PIR,INTERIOR,BLDG,ROOM_ADMIN,alarm,valid,normal,benign,14.139775483184321,baseline,balanced_train:meal_exit:move_to:ROOM_ADMIN
2026-01-03T11:37:11,E000003731,PA_RADAR_S,RADAR,PROTECTED_AREA,S,PA_RADAR_S,alarm,valid,normal,benign,26.218072722697045,baseline,balanced_train:meal_exit:move_to:ROOM_SECURITY
2026-01-03T11:37:30,E000003821,PIR_ROOM_ADMIN,PIR,INTERIOR,BLDG,ROOM_ADMIN,alarm,valid,normal,benign,12.017663719097921,baseline,balanced_train:meal_exit:move_to:ROOM_ADMIN
2026-01-03T11:38:00,E000003734,PIR_HALL_MAIN,PIR,INTERIOR,BLDG,HALL_MAIN,alarm,valid,normal,benign,24.19305573480526,baseline,balanced_train:meal_exit:move_to:ROOM_SECURITY
2026-01-03T11:38:52,E000003772,PA_RADAR_S,RADAR,PROTECTED_AREA,S,PA_RADAR_S,alarm,valid,normal,benign,23.825873530499997,baseline,balanced_train:meal_exit:move_to:ROOM_SECURITY
2026-01-03T11:59:43,E000003750,PA_RADAR_S,RADAR,PROTECTED_AREA,S,PA_RADAR_S,alarm,valid,normal,benign,16.638076051113767,baseline,balanced_train:meal_exit:exit_from:ROOM_SECURITY
2026-01-03T12:06:00,E000003767,PIR_HALL_MAIN,PIR,INTERIOR,BLDG,HALL_MAIN,alarm,valid,normal,benign,6.975728817438256,baseline,balanced_train:meal_exit:exit_from:ROOM_ADMIN
2026-01-03T12:23:34,E000004101,PA_RADAR_S,RADAR,PROTECTED_AREA,S,PA_RADAR_S,alarm,valid,normal,benign,21.69321625033048,baseline,balanced_train:straggler:move_to:ASSET_ROOM
2026-01-03T12:28:24,E000003928,BMS_SKIN_S_DOOR,BMS,SKIN,BLDG,SKIN_S_DOOR,alarm,valid,normal,benign,14.167571978229658,baseline,balanced_train:meal_return:move_to:ROOM_SECURITY
2026-01-03T12:32:46,E000003957,PIR_ROOM_S_ENTRY,PIR,INTERIOR,BLDG,ROOM_S_ENTRY,alarm,valid,normal,benign,15.623806435613442,baseline,balanced_train:meal_return:move_to:ROOM_ADMIN
2026-01-03T12:41:52,E000003871,PA_RADAR_S,RADAR,PROTECTED_AREA,S,PA_RADAR_S,alarm,valid,normal,benign,17.45775533126306,baseline,balanced_train:meal_return:move_to:ROOM_SECURITY
2026-01-03T12:41:58,E000003906,PA_RADAR_S,RADAR,PROTECTED_AREA,S,PA_RADAR_S,alarm,valid,normal,benign,5.310667593773539,baseline,balanced_train:meal_return:move_to:ROOM_ADMIN
2026-01-03T12:43:17,E000003910,PIR_ROOM_ADMIN,PIR,INTERIOR,BLDG,ROOM_ADMIN,alarm,valid,normal,benign,26.422182833761937,baseline,balanced_train:meal_return:move_to:ROOM_ADMIN
2026-01-03T12:47:44,E000003990,PIR_HALL_MAIN,PIR,INTERIOR,BLDG,HALL_MAIN,alarm,valid,normal,benign,5.372149538881487,baseline,balanced_train:meal_return:move_to:ROOM_SECURITY
2026-01-03T12:54:17,E000003902,BMS_SKIN_S_DOOR,BMS,SKIN,BLDG,SKIN_S_DOOR,alarm,valid,normal,benign,17.398754734396267,baseline,balanced_train:meal_return:exit_from:ROOM_ADMIN
2026-01-03T12:59:54,E000003962,PA_RADAR_S,RADAR,PROTECTED_AREA,S,PA_RADAR_S,alarm,valid,normal,benign,11.598057663522882,baseline,balanced_train:meal_return:exit_from:ROOM_ADMIN
2026-01-03T13:00:05,E000003875,PIR_HALL_MAIN,PIR,INTERIOR,BLDG,HALL_MAIN,alarm,valid,normal,benign,11.421749275488363,baseline,balanced_train:meal_return:exit_from:ROOM_SECURITY
2026-01-03T13:03:46,E000004004,PA_RADAR_S,RADAR,PROTECTED_AREA,S,PA_RADAR_S,alarm,valid,normal,benign,13.678824747948873,baseline,balanced_train:meal_return:exit_from:ROOM_SECURITY
2026-01-03T13:21:25,E000000004,FENCE_DISTURB_N-1,FENCE_DISTURB,PERIMETER,N-1,PERIM_N-1,alarm,invalid,false_positive,false_positive,0.43912684645259503,env,balanced_train
2026-01-03T13:21:25,E000000004,FENCE_DISTURB_N-1,FENCE_DISTURB,PERIMETER,N-1,PERIM_N-1,alarm,invalid,false_positive,false_positive,0.43912684645259503,env,balanced_train
2026-01-03T13:21:25,E000000004,FENCE_DISTURB_N-1,FENCE_DISTURB,PERIMETER,N-1,PERIM_N-1,alarm,invalid,false_positive,false_positive,0.43912684645259503,env,balanced_train
2026-01-03T13:21:25,E000000004,FENCE_DISTURB_N-1,FENCE_DISTURB,PERIMETER,N-1,PERIM_N-1,alarm,invalid,false_positive,false_positive,0.43912684645259503,env,balanced_train
2026-01-03T13:21:25,E000000004,FENCE_DISTURB_N-1,FENCE_DISTURB,PERIMETER,N-1,PERIM_N-1,alarm,invalid,false_positive,false_positive,0.43912684645259503,env,balanced_train
2026-01-03T13:21:25,E000000004,FENCE_DISTURB_N-1,FENCE_DISTURB,PERIMETER,N-1,PERIM_N-1,alarm,invalid,false_positive,false_positive,0.43912684645259503,env,balanced_train
2026-01-03T13:21:25,E000000004,FENCE_DISTURB_N-1,FENCE_DISTURB,PERIMETER,N-1,PERIM_N-1,alarm,invalid,false_positive,false_positive,0.43912684645259503,env,balanced_train
2026-01-03T13:21:25,E000000004,FENCE_DISTURB_N-1,FENCE_DISTURB,PERIMETER,N-1,PERIM_N-1,alarm,invalid,false_positive,false_positive,0.43912684645259503,env,balanced_train
2026-01-03T13:21:25,E000000004,FENCE_DISTURB_N-1,FENCE_DISTURB,PERIMETER,N-1,PERIM_N-1,alarm,invalid,false_positive,false_positive,0.43912684645259503,env,balanced_train
2026-01-03T13:21:25,E000000004,FENCE_DISTURB_N-1,FENCE_DISTURB,PERIMETER,N-1,PERIM_N-1,alarm,invalid,false_positive,false_positive,0.43912684645259503,env,balanced_train
2026-01-03T13:21:25,E000000004,FENCE_DISTURB_N-1,FENCE_DISTURB,PERIMETER,N-1,PERIM_N-1,alarm,invalid,false_positive,false_positive,0.43912684645259503,env,balanced_train
2026-01-03T13:21:25,E000000004,FENCE_DISTURB_N-1,FENCE_DISTURB,PERIMETER,N-1,PERIM_N-1,alarm,invalid,false_positive,false_positive,0.43912684645259503,env,balanced_train
2026-01-03T14:44:45,E000004092,PIR_ROOM_S_ENTRY,PIR,INTERIOR,BLDG,ROOM_S_ENTRY,alarm,valid,normal,benign,28.386478332637033,baseline,balanced_train:straggler:move_to:ROOM_SECURITY
2026-01-03T14:45:27,E000004094,PIR_ROOM_SECURITY,PIR,INTERIOR,BLDG,ROOM_SECURITY,alarm,valid,normal,benign,3.521225035152554,baseline,balanced_train:straggler:move_to:ROOM_SECURITY
2026-01-03T15:05:38,E000000011,RADAR_S-0,RADAR,PERIMETER,S-0,PERIM_S-0,alarm,invalid,false_positive,false_positive,17.8805581345203,env,balanced_train
2026-01-03T15:05:38,E000000011,RADAR_S-0,RADAR,PERIMETER,S-0,PERIM_S-0,alarm,invalid,false_positive,false_positive,17.8805581345203,env,balanced_train
2026-01-03T15:05:38,E000000011,RADAR_S-0,RADAR,PERIMETER,S-0,PERIM_S-0,alarm,invalid,false_positive,false_positive,17.8805581345203,env,balanced_train
2026-01-03T15:05:38,E000000011,RADAR_S-0,RADAR,PERIMETER,S-0,PERIM_S-0,alarm,invalid,false_positive,false_positive,17.8805581345203,env,balanced_train
2026-01-03T15:05:38,E000000011,RADAR_S-0,RADAR,PERIMETER,S-0,PERIM_S-0,alarm,invalid,false_positive,false_positive,17.8805581345203,env,balanced_train
2026-01-03T15:05:38,E000000011,RADAR_S-0,RADAR,PERIMETER,S-0,PERIM_S-0,alarm,invalid,false_positive,false_positive,17.8805581345203,env,balanced_train
2026-01-03T15:05:38,E000000011,RADAR_S-0,RADAR,PERIMETER,S-0,PERIM_S-0,alarm,invalid,false_positive,false_positive,17.8805581345203,env,balanced_train
2026-01-03T15:05:38,E000000011,RADAR_S-0,RADAR,PERIMETER,S-0,PERIM_S-0,alarm,invalid,false_positive,false_positive,17.8805581345203,env,balanced_train
2026-01-03T15:05:38,E000000011,RADAR_S-0,RADAR,PERIMETER,S-0,PERIM_S-0,alarm,invalid,false_positive,false_positive,17.8805581345203,env,balanced_train
2026-01-03T15:05:38,E000000011,RADAR_S-0,RADAR,PERIMETER,S-0,PERIM_S-0,alarm,invalid,false_positive,false_positive,17.8805581345203,env,balanced_train
2026-01-03T15:05:38,E000000011,RADAR_S-0,RADAR,PERIMETER,S-0,PERIM_S-0,alarm,invalid,false_positive,false_positive,17.8805581345203,env,balanced_train
2026-01-03T15:05:38,E000000011,RADAR_S-0,RADAR,PERIMETER,S-0,PERIM_S-0,alarm,invalid,false_positive,false_positive,17.8805581345203,env,balanced_train
2026-01-03T15:05:38,E000000011,RADAR_S-0,RADAR,PERIMETER,S-0,PERIM_S-0,alarm,invalid,false_positive,false_positive,17.8805581345203,env,balanced_train
2026-01-03T15:05:38,E000000011,RADAR_S-0,RADAR,PERIMETER,S-0,PERIM_S-0,alarm,invalid,false_positive,false_positive,17.8805581345203,env,balanced_train
2026-01-03T15:05:38,E000000011,RADAR_S-0,RADAR,PERIMETER,S-0,PERIM_S-0,alarm,invalid,false_positive,false_positive,17.8805581345203,env,balanced_train
2026-01-03T15:05:38,E000000011,RADAR_S-0,RADAR,PERIMETER,S-0,PERIM_S-0,alarm,invalid,false_positive,false_positive,17.8805581345203,env,balanced_train
2026-01-03T15:17:33,E000004071,PIR_ROOM_S_ENTRY,PIR,INTERIOR,BLDG,ROOM_S_ENTRY,alarm,valid,normal,benign,20.74150086340778,baseline,balanced_train:straggler:move_to:ASSET_ROOM
2026-01-03T16:03:51,E000003296,PA_RADAR_S,RADAR,PROTECTED_AREA,S,PA_RADAR_S,alarm,valid,normal,benign,11.627699921759906,baseline,balanced_train:shift_out:move_to:ROOM_ADMIN
2026-01-03T16:04:10,E000003531,ACS_S-AC,ACCESS_CTRL,PERIMETER,S-AC,TURNSTILE_S-AC,alarm,valid,normal,benign,30.05091742700072,baseline,balanced_train:shift_out:turnstile_entry
2026-01-03T16:14:48,E000003284,ACS_S-AC,ACCESS_CTRL,PERIMETER,S-AC,TURNSTILE_S-AC,alarm,valid,normal,benign,12.150773340376762,baseline,balanced_train:shift_out:turnstile_entry
2026-01-03T16:15:51,E000003288,PIR_HALL_MAIN,PIR,INTERIOR,BLDG,HALL_MAIN,alarm,valid,normal,benign,15.386821063457312,baseline,balanced_train:shift_out:move_to:ROOM_SECURITY
2026-01-03T16:17:39,E000003687,PIR_ROOM_SECURITY,PIR,INTERIOR,BLDG,ROOM_SECURITY,alarm,valid,normal,benign,6.978304455426128,baseline,balanced_train:shift_out:move_to:ROOM_SECURITY
2026-01-03T16:19:13,E000003543,BMS_SKIN_S_DOOR,BMS,SKIN,BLDG,SKIN_S_DOOR,alarm,valid,normal,benign,16.853676417505046,baseline,balanced_train:shift_out:move_to:ROOM_SECURITY
2026-01-03T16:20:57,E000003442,PIR_ROOM_S_ENTRY,PIR,INTERIOR,BLDG,ROOM_S_ENTRY,alarm,valid,normal,benign,10.74227633545501,baseline,balanced_train:shift_out:move_to:ROOM_SECURITY
2026-01-03T16:27:52,E000003309,PIR_ROOM_ADMIN,PIR,INTERIOR,BLDG,ROOM_ADMIN,alarm,valid,normal,benign,6.467795090554379,baseline,balanced_train:shift_out:move_to:ROOM_ADMIN
2026-01-03T16:28:58,E000003569,PA_RADAR_S,RADAR,PROTECTED_AREA,S,PA_RADAR_S,alarm,valid,normal,benign,10.259454679419985,baseline,balanced_train:shift_out:exit_from:ROOM_SECURITY
2026-01-03T16:30:14,E000003634,ACS_S-AC,ACCESS_CTRL,PERIMETER,S-AC,TURNSTILE_S-AC,alarm,valid,normal,benign,9.279776717236459,baseline,balanced_train:shift_out:turnstile_entry
2026-01-03T16:37:06,E000004067,ACS_S-AC,ACCESS_CTRL,PERIMETER,S-AC,TURNSTILE_S-AC,alarm,valid,normal,benign,10.591694790290347,baseline,balanced_train:straggler:exit_from:ROOM_SECURITY
2026-01-03T16:39:38,E000004054,PIR_ROOM_S_ENTRY,PIR,INTERIOR,BLDG,ROOM_S_ENTRY,alarm,valid,normal,benign,23.750226782499052,baseline,balanced_train:straggler:exit_from:ASSET_ROOM
2026-01-03T16:40:09,E000003345,BMS_SKIN_S_DOOR,BMS,SKIN,BLDG,SKIN_S_DOOR,alarm,valid,normal,benign,19.5955218794725,baseline,balanced_train:shift_out:move_to:ROOM_SECURITY
2026-01-03T16:44:04,E000003353,ACS_S-AC,ACCESS_CTRL,PERIMETER,S-AC,TURNSTILE_S-AC,alarm,valid,normal,benign,12.925384905275813,baseline,balanced_train:shift_out:exit_from:ROOM_SECURITY
2026-01-03T16:47:24,E000003601,ACS_S-AC,ACCESS_CTRL,PERIMETER,S-AC,TURNSTILE_S-AC,alarm,valid,normal,benign,13.572630045623896,baseline,balanced_train:shift_out:exit_from:ROOM_SECURITY
2026-01-03T16:47:39,E000003562,ACS_S-AC,ACCESS_CTRL,PERIMETER,S-AC,TURNSTILE_S-AC,alarm,valid,normal,benign,14.20366510107849,baseline,balanced_train:shift_out:exit_from:ROOM_SECURITY
2026-01-03T16:48:40,E000003417,ACS_S-AC,ACCESS_CTRL,PERIMETER,S-AC,TURNSTILE_S-AC,alarm,valid,normal,benign,15.713057560009974,baseline,balanced_train:shift_out:turnstile_entry
2026-01-03T16:53:02,E000003396,PA_RADAR_S,RADAR,PROTECTED_AREA,S,PA_RADAR_S,alarm,valid,normal,benign,27.170579529818482,baseline,balanced_train:shift_out:move_to:ROOM_SECURITY
2026-01-03T17:00:31,E000003454,PIR_ROOM_ADMIN,PIR,INTERIOR,BLDG,ROOM_ADMIN,alarm,valid,normal,benign,24.54138781256673,baseline,balanced_train:shift_out:move_to:ROOM_ADMIN
2026-01-03T17:01:12,E000003517,BMS_SKIN_S_DOOR,BMS,SKIN,BLDG,SKIN_S_DOOR,alarm,valid,normal,benign,15.515554851606094,baseline,balanced_train:shift_out:exit_from:ROOM_SECURITY
2026-01-03T17:02:02,E000003246,PIR_ROOM_S_ENTRY,PIR,INTERIOR,BLDG,ROOM_S_ENTRY,alarm,valid,normal,benign,16.437235769714867,baseline,balanced_train:shift_out:move_to:ROOM_ADMIN
2026-01-03T17:04:29,E000003675,BMS_SKIN_S_DOOR,BMS,SKIN,BLDG,SKIN_S_DOOR,alarm,valid,normal,benign,23.882169038252385,baseline,balanced_train:shift_out:move_to:ROOM_SECURITY
2026-01-03T17:05:27,E000003677,PIR_ROOM_SECURITY,PIR,INTERIOR,BLDG,ROOM_SECURITY,alarm,valid,normal,benign,8.96937910713125,baseline,balanced_train:shift_out:move_to:ROOM_SECURITY
2026-01-03T17:08:50,E000003633,ACS_S-AC,ACCESS_CTRL,PERIMETER,S-AC,TURNSTILE_S-AC,alarm,valid,normal,benign,14.73687594816773,baseline,balanced_train:shift_out:exit_from:ROOM_ADMIN
2026-01-03T17:13:09,E000003402,PIR_ROOM_S_ENTRY,PIR,INTERIOR,BLDG,ROOM_S_ENTRY,alarm,valid,normal,benign,10.552682790253954,baseline,balanced_train:shift_out:exit_from:ROOM_SECURITY
2026-01-03T17:37:48,E000003489,PA_RADAR_S,RADAR,PROTECTED_AREA,S,PA_RADAR_S,alarm,valid,normal,benign,16.83436202417033,baseline,balanced_train:shift_out:exit_from:ROOM_ADMIN
2026-01-03T20:08:30,E000000022,RADAR_W-1,RADAR,PERIMETER,W-1,PERIM_W-1,alarm,valid,false_positive,false_positive,23.551831528098052,env,balanced_train
2026-01-03T20:08:30,E000000022,RADAR_W-1,RADAR,PERIMETER,W-1,PERIM_W-1,alarm,valid,false_positive,false_positive,23.551831528098052,env,balanced_train
2026-01-03T20:08:30,E000000022,RADAR_W-1,RADAR,PERIMETER,W-1,PERIM_W-1,alarm,valid,false_positive,false_positive,23.551831528098052,env,balanced_train
2026-01-03T20:08:30,E000000022,RADAR_W-1,RADAR,PERIMETER,W-1,PERIM_W-1,alarm,valid,false_positive,false_positive,23.551831528098052,env,balanced_train
2026-01-03T20:08:30,E000000022,RADAR_W-1,RADAR,PERIMETER,W-1,PERIM_W-1,alarm,valid,false_positive,false_positive,23.551831528098052,env,balanced_train
2026-01-03T20:08:30,E000000022,RADAR_W-1,RADAR,PERIMETER,W-1,PERIM_W-1,alarm,valid,false_positive,false_positive,23.551831528098052,env,balanced_train
2026-01-03T20:08:30,E000000022,RADAR_W-1,RADAR,PERIMETER,W-1,PERIM_W-1,alarm,valid,false_positive,false_positive,23.551831528098052,env,balanced_train
2026-01-03T20:08:30,E000000022,RADAR_W-1,RADAR,PERIMETER,W-1,PERIM_W-1,alarm,valid,false_positive,false_positive,23.551831528098052,env,balanced_train
2026-01-04T02:21:46,E000000034,PIR_ROOM_W_ENTRY,PIR,INTERIOR,BLDG,ROOM_W_ENTRY,alarm,invalid,false_positive,false_positive,13.77360374433433,env,balanced_train
2026-01-04T02:21:46,E000000034,PIR_ROOM_W_ENTRY,PIR,INTERIOR,BLDG,ROOM_W_ENTRY,alarm,invalid,false_positive,false_positive,13.77360374433433,env,balanced_train
2026-01-04T02:21:46,E000000034,PIR_ROOM_W_ENTRY,PIR,INTERIOR,BLDG,ROOM_W_ENTRY,alarm,invalid,false_positive,false_positive,13.77360374433433,env,balanced_train
2026-01-04T02:21:46,E000000034,PIR_ROOM_W_ENTRY,PIR,INTERIOR,BLDG,ROOM_W_ENTRY,alarm,invalid,false_positive,false_positive,13.77360374433433,env,balanced_train
2026-01-04T02:21:46,E000000034,PIR_ROOM_W_ENTRY,PIR,INTERIOR,BLDG,ROOM_W_ENTRY,alarm,invalid,false_positive,false_positive,13.77360374433433,env,balanced_train
2026-01-04T02:21:46,E000000034,PIR_ROOM_W_ENTRY,PIR,INTERIOR,BLDG,ROOM_W_ENTRY,alarm,invalid,false_positive,false_positive,13.77360374433433,env,balanced_train
2026-01-04T02:21:46,E000000034,PIR_ROOM_W_ENTRY,PIR,INTERIOR,BLDG,ROOM_W_ENTRY,alarm,invalid,false_positive,false_positive,13.77360374433433,env,balanced_train
2026-01-04T02:21:46,E000000034,PIR_ROOM_W_ENTRY,PIR,INTERIOR,BLDG,ROOM_W_ENTRY,alarm,invalid,false_positive,false_positive,13.77360374433433,env,balanced_train
2026-01-04T02:21:46,E000000034,PIR_ROOM_W_ENTRY,PIR,INTERIOR,BLDG,ROOM_W_ENTRY,alarm,invalid,false_positive,false_positive,13.77360374433433,env,balanced_train
2026-01-04T02:21:46,E000000034,PIR_ROOM_W_ENTRY,PIR,INTERIOR,BLDG,ROOM_W_ENTRY,alarm,invalid,false_positive,false_positive,13.77360374433433,env,balanced_train
2026-01-04T02:21:46,E000000034,PIR_ROOM_W_ENTRY,PIR,INTERIOR,BLDG,ROOM_W_ENTRY,alarm,invalid,false_positive,false_positive,13.77360374433433,env,balanced_train
2026-01-04T02:21:46,E000000034,PIR_ROOM_W_ENTRY,PIR,INTERIOR,BLDG,ROOM_W_ENTRY,alarm,invalid,false_positive,false_positive,13.77360374433433,env,balanced_train
2026-01-04T02:21:46,E000000034,PIR_ROOM_W_ENTRY,PIR,INTERIOR,BLDG,ROOM_W_ENTRY,alarm,invalid,false_positive,false_positive,13.77360374433433,env,balanced_train
2026-01-04T02:21:46,E000000034,PIR_ROOM_W_ENTRY,PIR,INTERIOR,BLDG,ROOM_W_ENTRY,alarm,invalid,false_positive,false_positive,13.77360374433433,env,balanced_train
2026-01-04T02:21:46,E000000034,PIR_ROOM_W_ENTRY,PIR,INTERIOR,BLDG,ROOM_W_ENTRY,alarm,invalid,false_positive,false_positive,13.77360374433433,env,balanced_train
2026-01-04T02:21:46,E000000034,PIR_ROOM_W_ENTRY,PIR,INTERIOR,BLDG,ROOM_W_ENTRY,alarm,invalid,false_positive,false_positive,13.77360374433433,env,balanced_train
2026-01-04T06:53:12,E000004407,PIR_ROOM_S_ENTRY,PIR,INTERIOR,BLDG,ROOM_S_ENTRY,alarm,valid,normal,benign,13.548018512728516,baseline,balanced_train:shift_in:move_to:ROOM_SECURITY
2026-01-04T07:01:27,E000004540,PIR_ROOM_S_ENTRY,PIR,INTERIOR,BLDG,ROOM_S_ENTRY,alarm,valid,normal,benign,14.58746027469121,baseline,balanced_train:shift_in:move_to:ROOM_SECURITY
2026-01-04T07:17:35,E000004384,BMS_SKIN_S_DOOR,BMS,SKIN,BLDG,SKIN_S_DOOR,alarm,valid,normal,benign,9.161034318675764,baseline,balanced_train:shift_in:move_to:ROOM_SECURITY
2026-01-04T07:20:47,E000004271,PA_RADAR_S,RADAR,PROTECTED_AREA,S,PA_RADAR_S,alarm,valid,normal,benign,10.885345796997735,baseline,balanced_train:shift_in:move_to:ROOM_SECURITY
2026-01-04T07:20:57,E000004449,PIR_HALL_MAIN,PIR,INTERIOR,BLDG,HALL_MAIN,alarm,valid,normal,benign,3.0505298749854557,baseline,balanced_train:shift_in:move_to:ROOM_SECURITY
2026-01-04T07:23:20,E000004191,BMS_SKIN_S_DOOR,BMS,SKIN,BLDG,SKIN_S_DOOR,alarm,valid,normal,benign,19.458895009531194,baseline,balanced_train:shift_in:move_to:ROOM_SECURITY
2026-01-04T07:29:26,E000004469,BMS_SKIN_S_DOOR,BMS,SKIN,BLDG,SKIN_S_DOOR,alarm,valid,normal,benign,26.101179120982053,baseline,balanced_train:shift_in:move_to:ASSET_ROOM
2026-01-04T07:30:39,E000004313,BMS_SKIN_S_DOOR,BMS,SKIN,BLDG,SKIN_S_DOOR,alarm,valid,normal,benign,11.01325990210385,baseline,balanced_train:shift_in:move_to:ROOM_SECURITY
2026-01-04T07:36:39,E000004439,PIR_HALL_MAIN,PIR,INTERIOR,BLDG,HALL_MAIN,alarm,valid,normal,benign,16.19310165081054,baseline,balanced_train:shift_in:move_to:ROOM_ADMIN
2026-01-04T07:38:36,E000004133,PIR_HALL_MAIN,PIR,INTERIOR,BLDG,HALL_MAIN,alarm,valid,normal,benign,10.565530122172255,baseline,balanced_train:shift_in:move_to:ROOM_ADMIN
2026-01-04T07:43:00,E000004520,BMS_SKIN_S_DOOR,BMS,SKIN,BLDG,SKIN_S_DOOR,alarm,valid,normal,benign,14.017656482655802,baseline,balanced_train:shift_in:move_to:ROOM_SECURITY
2026-01-04T07:45:21,E000004368,BMS_SKIN_S_DOOR,BMS,SKIN,BLDG,SKIN_S_DOOR,alarm,valid,normal,benign,13.154892269776626,baseline,balanced_train:shift_in:exit_from:ROOM_ADMIN
2026-01-04T07:45:50,E000004392,ACS_S-AC,ACCESS_CTRL,PERIMETER,S-AC,TURNSTILE_S-AC,alarm,valid,normal,benign,13.018306420699547,baseline,balanced_train:shift_in:exit_from:ROOM_SECURITY
2026-01-04T07:46:23,E000004535,BMS_SKIN_S_DOOR,BMS,SKIN,BLDG,SKIN_S_DOOR,alarm,valid,normal,benign,10.356231670300655,baseline,balanced_train:shift_in:exit_from:ROOM_ADMIN
2026-01-04T07:58:15,E000004487,BMS_SKIN_S_DOOR,BMS,SKIN,BLDG,SKIN_S_DOOR,alarm,valid,normal,benign,6.024975530197768,baseline,balanced_train:shift_in:exit_from:ROOM_ADMIN
2026-01-04T07:58:20,E000004257,PIR_ROOM_S_ENTRY,PIR,INTERIOR,BLDG,ROOM_S_ENTRY,alarm,invalid,normal,benign,16.429512568510646,baseline,balanced_train:shift_in:exit_from:ROOM_SECURITY
2026-01-04T08:01:21,E000000002,FENCE_DISTURB_N-1,FENCE_DISTURB,PERIMETER,N-1,PERIM_N-1,alarm,invalid,false_positive,false_positive,25.483465005781756,env,balanced_train
2026-01-04T08:01:21,E000000002,FENCE_DISTURB_N-1,FENCE_DISTURB,PERIMETER,N-1,PERIM_N-1,alarm,invalid,false_positive,false_positive,25.483465005781756,env,balanced_train
2026-01-04T08:01:21,E000000002,FENCE_DISTURB_N-1,FENCE_DISTURB,PERIMETER,N-1,PERIM_N-1,alarm,invalid,false_positive,false_positive,25.483465005781756,env,balanced_train
2026-01-04T08:01:21,E000000002,FENCE_DISTURB_N-1,FENCE_DISTURB,PERIMETER,N-1,PERIM_N-1,alarm,invalid,false_positive,false_positive,25.483465005781756,env,balanced_train
2026-01-04T08:01:21,E000000002,FENCE_DISTURB_N-1,FENCE_DISTURB,PERIMETER,N-1,PERIM_N-1,alarm,invalid,false_positive,false_positive,25.483465005781756,env,balanced_train
2026-01-04T08:01:21,E000000002,FENCE_DISTURB_N-1,FENCE_DISTURB,PERIMETER,N-1,PERIM_N-1,alarm,invalid,false_positive,false_positive,25.483465005781756,env,balanced_train
2026-01-04T08:01:21,E000000002,FENCE_DISTURB_N-1,FENCE_DISTURB,PERIMETER,N-1,PERIM_N-1,alarm,invalid,false_positive,false_positive,25.483465005781756,env,balanced_train
2026-01-04T08:01:21,E000000002,FENCE_DISTURB_N-1,FENCE_DISTURB,PERIMETER,N-1,PERIM_N-1,alarm,invalid,false_positive,false_positive,25.483465005781756,env,balanced_train
2026-01-04T08:01:21,E000000002,FENCE_DISTURB_N-1,FENCE_DISTURB,PERIMETER,N-1,PERIM_N-1,alarm,invalid,false_positive,false_positive,25.483465005781756,env,balanced_train
2026-01-04T08:01:21,E000000002,FENCE_DISTURB_N-1,FENCE_DISTURB,PERIMETER,N-1,PERIM_N-1,alarm,invalid,false_positive,false_positive,25.483465005781756,env,balanced_train
2026-01-04T08:01:21,E000000002,FENCE_DISTURB_N-1,FENCE_DISTURB,PERIMETER,N-1,PERIM_N-1,alarm,invalid,false_positive,false_positive,25.483465005781756,env,balanced_train
2026-01-04T08:01:21,E000000002,FENCE_DISTURB_N-1,FENCE_DISTURB,PERIMETER,N-1,PERIM_N-1,alarm,invalid,false_positive,false_positive,25.483465005781756,env,balanced_train
2026-01-04T08:01:21,E000000002,FENCE_DISTURB_N-1,FENCE_DISTURB,PERIMETER,N-1,PERIM_N-1,alarm,invalid,false_positive,false_positive,25.483465005781756,env,balanced_train
2026-01-04T08:01:21,E000000002,FENCE_DISTURB_N-1,FENCE_DISTURB,PERIMETER,N-1,PERIM_N-1,alarm,invalid,false_positive,false_positive,25.483465005781756,env,balanced_train
2026-01-04T08:01:21,E000000002,FENCE_DISTURB_N-1,FENCE_DISTURB,PERIMETER,N-1,PERIM_N-1,alarm,invalid,false_positive,false_positive,25.483465005781756,env,balanced_train
2026-01-04T08:01:21,E000000002,FENCE_DISTURB_N-1,FENCE_DISTURB,PERIMETER,N-1,PERIM_N-1,alarm,invalid,false_positive,false_positive,25.483465005781756,env,balanced_train
2026-01-04T08:01:21,E000000002,FENCE_DISTURB_N-1,FENCE_DISTURB,PERIMETER,N-1,PERIM_N-1,alarm,invalid,false_positive,false_positive,25.483465005781756,env,balanced_train
2026-01-04T08:03:07,E000004147,BMS_SKIN_S_DOOR,BMS,SKIN,BLDG,SKIN_S_DOOR,alarm,valid,normal,benign,15.343338367768121,baseline,balanced_train:shift_in:exit_from:ROOM_SECURITY
2026-01-04T08:12:22,E000004249,ACS_S-AC,ACCESS_CTRL,PERIMETER,S-AC,TURNSTILE_S-AC,alarm,valid,normal,benign,17.198415784110864,baseline,balanced_train:shift_in:exit_from:ASSET_ROOM
2026-01-04T08:15:44,E000004265,PIR_HALL_MAIN,PIR,INTERIOR,BLDG,HALL_MAIN,alarm,valid,normal,benign,16.754816764342554,baseline,balanced_train:shift_in:exit_from:ROOM_SECURITY
2026-01-04T08:16:33,E000004266,PIR_ROOM_S_ENTRY,PIR,INTERIOR,BLDG,ROOM_S_ENTRY,alarm,valid,normal,benign,17.37497092414083,baseline,balanced_train:shift_in:exit_from:ROOM_SECURITY
2026-01-04T08:28:26,E000004554,BMS_SKIN_S_DOOR,BMS,SKIN,BLDG,SKIN_S_DOOR,alarm,valid,normal,benign,19.830945421810394,baseline,balanced_train:shift_in:exit_from:ASSET_ROOM
2026-01-04T08:35:26,E000000038,PIR_ROOM_SECURITY,PIR,INTERIOR,BLDG,ROOM_SECURITY,alarm,invalid,false_positive,false_positive,16.554213717761915,env,balanced_train
2026-01-04T08:35:26,E000000038,PIR_ROOM_SECURITY,PIR,INTERIOR,BLDG,ROOM_SECURITY,alarm,invalid,false_positive,false_positive,16.554213717761915,env,balanced_train
2026-01-04T08:35:26,E000000038,PIR_ROOM_SECURITY,PIR,INTERIOR,BLDG,ROOM_SECURITY,alarm,invalid,false_positive,false_positive,16.554213717761915,env,balanced_train
2026-01-04T08:35:26,E000000038,PIR_ROOM_SECURITY,PIR,INTERIOR,BLDG,ROOM_SECURITY,alarm,invalid,false_positive,false_positive,16.554213717761915,env,balanced_train
2026-01-04T08:35:26,E000000038,PIR_ROOM_SECURITY,PIR,INTERIOR,BLDG,ROOM_SECURITY,alarm,invalid,false_positive,false_positive,16.554213717761915,env,balanced_train
2026-01-04T08:35:26,E000000038,PIR_ROOM_SECURITY,PIR,INTERIOR,BLDG,ROOM_SECURITY,alarm,invalid,false_positive,false_positive,16.554213717761915,env,balanced_train
2026-01-04T08:35:26,E000000038,PIR_ROOM_SECURITY,PIR,INTERIOR,BLDG,ROOM_SECURITY,alarm,invalid,false_positive,false_positive,16.554213717761915,env,balanced_train
2026-01-04T08:35:26,E000000038,PIR_ROOM_SECURITY,PIR,INTERIOR,BLDG,ROOM_SECURITY,alarm,invalid,false_positive,false_positive,16.554213717761915,env,balanced_train
2026-01-04T08:35:26,E000000038,PIR_ROOM_SECURITY,PIR,INTERIOR,BLDG,ROOM_SECURITY,alarm,invalid,false_positive,false_positive,16.554213717761915,env,balanced_train
2026-01-04T08:35:26,E000000038,PIR_ROOM_SECURITY,PIR,INTERIOR,BLDG,ROOM_SECURITY,alarm,invalid,false_positive,false_positive,16.554213717761915,env,balanced_train
2026-01-04T08:35:26,E000000038,PIR_ROOM_SECURITY,PIR,INTERIOR,BLDG,ROOM_SECURITY,alarm,invalid,false_positive,false_positive,16.554213717761915,env,balanced_train
2026-01-04T08:35:26,E000000038,PIR_ROOM_SECURITY,PIR,INTERIOR,BLDG,ROOM_SECURITY,alarm,invalid,false_positive,false_positive,16.554213717761915,env,balanced_train
2026-01-04T08:35:26,E000000038,PIR_ROOM_SECURITY,PIR,INTERIOR,BLDG,ROOM_SECURITY,alarm,invalid,false_positive,false_positive,16.554213717761915,env,balanced_train
2026-01-04T08:35:26,E000000038,PIR_ROOM_SECURITY,PIR,INTERIOR,BLDG,ROOM_SECURITY,alarm,invalid,false_positive,false_positive,16.554213717761915,env,balanced_train
2026-01-04T08:35:26,E000000038,PIR_ROOM_SECURITY,PIR,INTERIOR,BLDG,ROOM_SECURITY,alarm,invalid,false_positive,false_positive,16.554213717761915,env,balanced_train
2026-01-04T08:35:26,E000000038,PIR_ROOM_SECURITY,PIR,INTERIOR,BLDG,ROOM_SECURITY,alarm,invalid,false_positive,false_positive,16.554213717761915,env,balanced_train
2026-01-04T09:46:47,E000000037,PIR_ROOM_ADMIN,PIR,INTERIOR,BLDG,ROOM_ADMIN,alarm,invalid,false_positive,false_positive,11.292175764274875,env,balanced_train
2026-01-04T09:46:47,E000000037,PIR_ROOM_ADMIN,PIR,INTERIOR,BLDG,ROOM_ADMIN,alarm,invalid,false_positive,false_positive,11.292175764274875,env,balanced_train
2026-01-04T09:46:47,E000000037,PIR_ROOM_ADMIN,PIR,INTERIOR,BLDG,ROOM_ADMIN,alarm,invalid,false_positive,false_positive,11.292175764274875,env,balanced_train
2026-01-04T09:46:47,E000000037,PIR_ROOM_ADMIN,PIR,INTERIOR,BLDG,ROOM_ADMIN,alarm,invalid,false_positive,false_positive,11.292175764274875,env,balanced_train
2026-01-04T09:46:47,E000000037,PIR_ROOM_ADMIN,PIR,INTERIOR,BLDG,ROOM_ADMIN,alarm,invalid,false_positive,false_positive,11.292175764274875,env,balanced_train
2026-01-04T09:46:47,E000000037,PIR_ROOM_ADMIN,PIR,INTERIOR,BLDG,ROOM_ADMIN,alarm,invalid,false_positive,false_positive,11.292175764274875,env,balanced_train
2026-01-04T09:46:47,E000000037,PIR_ROOM_ADMIN,PIR,INTERIOR,BLDG,ROOM_ADMIN,alarm,invalid,false_positive,false_positive,11.292175764274875,env,balanced_train
2026-01-04T09:46:47,E000000037,PIR_ROOM_ADMIN,PIR,INTERIOR,BLDG,ROOM_ADMIN,alarm,invalid,false_positive,false_positive,11.292175764274875,env,balanced_train
2026-01-04T09:46:47,E000000037,PIR_ROOM_ADMIN,PIR,INTERIOR,BLDG,ROOM_ADMIN,alarm,invalid,false_positive,false_positive,11.292175764274875,env,balanced_train
2026-01-04T09:46:47,E000000037,PIR_ROOM_ADMIN,PIR,INTERIOR,BLDG,ROOM_ADMIN,alarm,invalid,false_positive,false_positive,11.292175764274875,env,balanced_train
2026-01-04T09:46:47,E000000037,PIR_ROOM_ADMIN,PIR,INTERIOR,BLDG,ROOM_ADMIN,alarm,invalid,false_positive,false_positive,11.292175764274875,env,balanced_train
2026-01-04T09:46:47,E000000037,PIR_ROOM_ADMIN,PIR,INTERIOR,BLDG,ROOM_ADMIN,alarm,invalid,false_positive,false_positive,11.292175764274875,env,balanced_train
2026-01-04T09:46:47,E000000037,PIR_ROOM_ADMIN,PIR,INTERIOR,BLDG,ROOM_ADMIN,alarm,invalid,false_positive,false_positive,11.292175764274875,env,balanced_train
2026-01-04T09:46:47,E000000037,PIR_ROOM_ADMIN,PIR,INTERIOR,BLDG,ROOM_ADMIN,alarm,invalid,false_positive,false_positive,11.292175764274875,env,balanced_train
2026-01-04T09:46:47,E000000037,PIR_ROOM_ADMIN,PIR,INTERIOR,BLDG,ROOM_ADMIN,alarm,invalid,false_positive,false_positive,11.292175764274875,env,balanced_train
2026-01-04T11:12:26,E000005415,PA_RADAR_S,RADAR,PROTECTED_AREA,S,PA_RADAR_S,alarm,valid,normal,benign,17.126871201067853,baseline,balanced_train:straggler:move_to:ROOM_ADMIN
2026-01-04T11:15:08,E000005194,PIR_HALL_MAIN,PIR,INTERIOR,BLDG,HALL_MAIN,alarm,valid,normal,benign,16.014814913109767,baseline,balanced_train:meal_exit:move_to:ROOM_SECURITY
2026-01-04T11:20:39,E000005131,BMS_SKIN_S_DOOR,BMS,SKIN,BLDG,SKIN_S_DOOR,alarm,valid,normal,benign,22.84282479492898,baseline,balanced_train:meal_exit:move_to:ROOM_ADMIN
2026-01-04T11:20:45,E000005122,PIR_HALL_MAIN,PIR,INTERIOR,BLDG,HALL_MAIN,alarm,valid,normal,benign,13.112263863091586,baseline,balanced_train:meal_exit:move_to:ROOM_ADMIN
2026-01-04T11:41:26,E000005112,PIR_HALL_MAIN,PIR,INTERIOR,BLDG,HALL_MAIN,alarm,valid,normal,benign,9.640187544038461,baseline,balanced_train:meal_exit:move_to:ROOM_ADMIN
2026-01-04T11:44:52,E000005151,PA_RADAR_S,RADAR,PROTECTED_AREA,S,PA_RADAR_S,alarm,valid,normal,benign,19.36978400153329,baseline,balanced_train:meal_exit:move_to:ROOM_SECURITY
2026-01-04T11:57:57,E000005063,PIR_HALL_MAIN,PIR,INTERIOR,BLDG,HALL_MAIN,alarm,valid,normal,benign,20.266606322078317,baseline,balanced_train:meal_exit:exit_from:ROOM_ADMIN
2026-01-04T12:04:46,E000005076,ACS_S-AC,ACCESS_CTRL,PERIMETER,S-AC,TURNSTILE_S-AC,alarm,valid,normal,benign,21.950312472518355,baseline,balanced_train:meal_exit:exit_from:ROOM_SECURITY
2026-01-04T12:12:04,E000005363,ACS_S-AC,ACCESS_CTRL,PERIMETER,S-AC,TURNSTILE_S-AC,alarm,valid,normal,benign,22.27668880103039,baseline,balanced_train:meal_return:turnstile_entry
2026-01-04T12:27:23,E000005247,PIR_ROOM_SECURITY,PIR,INTERIOR,BLDG,ROOM_SECURITY,alarm,valid,normal,benign,12.936981269208772,baseline,balanced_train:meal_return:move_to:ROOM_SECURITY
2026-01-04T12:32:49,E000005403,ACS_S-AC,ACCESS_CTRL,PERIMETER,S-AC,TURNSTILE_S-AC,alarm,valid,normal,benign,16.93594847307361,baseline,balanced_train:meal_return:exit_from:ROOM_ADMIN
2026-01-04T12:34:46,E000005374,ACS_S-AC,ACCESS_CTRL,PERIMETER,S-AC,TURNSTILE_S-AC,alarm,valid,normal,benign,15.618349568108592,baseline,balanced_train:meal_return:turnstile_entry
2026-01-04T12:37:57,E000005266,PIR_HALL_MAIN,PIR,INTERIOR,BLDG,HALL_MAIN,alarm,valid,normal,benign,10.320953811210838,baseline,balanced_train:meal_return:move_to:ROOM_ADMIN
2026-01-04T12:56:03,E000005360,BMS_SKIN_S_DOOR,BMS,SKIN,BLDG,SKIN_S_DOOR,alarm,valid,normal,benign,25.518228798647847,baseline,balanced_train:meal_return:exit_from:ROOM_SECURITY
2026-01-04T13:04:59,E000005251,PA_RADAR_S,RADAR,PROTECTED_AREA,S,PA_RADAR_S,alarm,invalid,normal,benign,17.385970065645342,baseline,balanced_train:meal_return:exit_from:ROOM_SECURITY
2026-01-04T15:39:17,E000004896,ACS_S-AC,ACCESS_CTRL,PERIMETER,S-AC,TURNSTILE_S-AC,alarm,valid,normal,benign,13.484628117163881,baseline,balanced_train:shift_out:turnstile_entry
2026-01-04T15:57:18,E000004764,PIR_HALL_MAIN,PIR,INTERIOR,BLDG,HALL_MAIN,alarm,valid,normal,benign,5.018496380803507,baseline,balanced_train:shift_out:move_to:ROOM_ADMIN
2026-01-04T16:04:56,E000004673,ACS_S-AC,ACCESS_CTRL,PERIMETER,S-AC,TURNSTILE_S-AC,alarm,valid,normal,benign,25.083749110056388,baseline,balanced_train:shift_out:turnstile_entry
2026-01-04T16:12:43,E000004767,BMS_SKIN_S_DOOR,BMS,SKIN,BLDG,SKIN_S_DOOR,alarm,valid,normal,benign,10.285612660983698,baseline,balanced_train:shift_out:exit_from:ROOM_ADMIN
2026-01-04T16:14:01,E000004857,PIR_ROOM_S_ENTRY,PIR,INTERIOR,BLDG,ROOM_S_ENTRY,alarm,valid,normal,benign,10.735458996699178,baseline,balanced_train:shift_out:move_to:ROOM_ADMIN
2026-01-04T16:15:16,E000004969,ACS_S-AC,ACCESS_CTRL,PERIMETER,S-AC,TURNSTILE_S-AC,alarm,valid,normal,benign,9.082664624868302,baseline,balanced_train:shift_out:turnstile_entry
2026-01-04T16:15:48,E000004668,PIR_ROOM_ADMIN,PIR,INTERIOR,BLDG,ROOM_ADMIN,alarm,valid,normal,benign,15.497068284355386,baseline,balanced_train:shift_out:move_to:ROOM_ADMIN
2026-01-04T16:20:09,E000004797,BMS_SKIN_S_DOOR,BMS,SKIN,BLDG,SKIN_S_DOOR,alarm,valid,normal,benign,23.364989536213177,baseline,balanced_train:shift_out:exit_from:ROOM_ADMIN
2026-01-04T16:21:19,E000004964,PIR_ROOM_SECURITY,PIR,INTERIOR,BLDG,ROOM_SECURITY,alarm,valid,normal,benign,27.655717502933967,baseline,balanced_train:shift_out:move_to:ROOM_SECURITY
2026-01-04T16:23:18,E000004983,PIR_ASSET_ROOM,PIR,ASSET,BLDG,ASSET_ROOM,alarm,valid,normal,benign,17.452616971760346,baseline,balanced_train:shift_out:move_to:ASSET_ROOM
2026-01-04T16:25:26,E000004735,PIR_HALL_MAIN,PIR,INTERIOR,BLDG,HALL_MAIN,alarm,valid,normal,benign,30.19953575480167,baseline,balanced_train:shift_out:move_to:ROOM_SECURITY
2026-01-04T16:28:27,E000004999,BMS_SKIN_S_DOOR,BMS,SKIN,BLDG,SKIN_S_DOOR,alarm,valid,normal,benign,23.44471136036096,baseline,balanced_train:shift_out:move_to:ROOM_SECURITY
2026-01-04T16:35:04,E000004810,ACS_S-AC,ACCESS_CTRL,PERIMETER,S-AC,TURNSTILE_S-AC,alarm,valid,normal,benign,11.711085338196659,baseline,balanced_train:shift_out:exit_from:ROOM_SECURITY
2026-01-04T16:35:23,E000004965,PIR_ROOM_S_ENTRY,PIR,INTERIOR,BLDG,ROOM_S_ENTRY,alarm,valid,normal,benign,20.80727912111917,baseline,balanced_train:shift_out:exit_from:ROOM_SECURITY
2026-01-04T16:36:15,E000004681,BMS_SKIN_S_DOOR,BMS,SKIN,BLDG,SKIN_S_DOOR,alarm,valid,normal,benign,7.968067130495535,baseline,balanced_train:shift_out:exit_from:ROOM_SECURITY
2026-01-04T16:40:17,E000004622,BMS_SKIN_S_DOOR,BMS,SKIN,BLDG,SKIN_S_DOOR,alarm,valid,normal,benign,14.743354405904727,baseline,balanced_train:shift_out:move_to:ROOM_ADMIN
2026-01-04T16:44:51,E000004839,PIR_ROOM_S_ENTRY,PIR,INTERIOR,BLDG,ROOM_S_ENTRY,alarm,valid,normal,benign,21.889778500310666,baseline,balanced_train:shift_out:exit_from:ROOM_ADMIN
2026-01-04T16:45:32,E000005006,PA_RADAR_S,RADAR,PROTECTED_AREA,S,PA_RADAR_S,alarm,valid,normal,benign,16.583218555720773,baseline,balanced_train:shift_out:exit_from:ROOM_SECURITY
2026-01-04T16:46:09,E000004828,PIR_ROOM_S_ENTRY,PIR,INTERIOR,BLDG,ROOM_S_ENTRY,alarm,valid,normal,benign,18.70501938159028,baseline,balanced_train:shift_out:exit_from:ROOM_SECURITY
2026-01-04T16:50:13,E000005035,BMS_SKIN_S_DOOR,BMS,SKIN,BLDG,SKIN_S_DOOR,alarm,valid,normal,benign,25.912019561522733,baseline,balanced_train:shift_out:exit_from:ROOM_ADMIN
2026-01-04T16:51:08,E000005008,ACS_S-AC,ACCESS_CTRL,PERIMETER,S-AC,TURNSTILE_S-AC,alarm,valid,normal,benign,20.085742980104527,baseline,balanced_train:shift_out:turnstile_entry
2026-01-04T16:55:37,E000005429,PIR_ROOM_ADMIN,PIR,INTERIOR,BLDG,ROOM_ADMIN,alarm,valid,normal,benign,20.83368483457049,baseline,balanced_train:straggler:move_to:ROOM_ADMIN
2026-01-04T17:01:39,E000004936,ACS_S-AC,ACCESS_CTRL,PERIMETER,S-AC,TURNSTILE_S-AC,alarm,valid,normal,benign,13.033305380378106,baseline,balanced_train:shift_out:exit_from:ROOM_SECURITY
2026-01-04T17:21:19,E000004778,ACS_S-AC,ACCESS_CTRL,PERIMETER,S-AC,TURNSTILE_S-AC,alarm,valid,normal,benign,14.958903575398487,baseline,balanced_train:shift_out:exit_from:ROOM_ADMIN
2026-01-04T17:51:51,E000009607,RADAR_E-0,RADAR,PERIMETER,E-0,PERIM_E-0,alarm,intrusion,intrusion:attack_02:step_00:PERIM_E-0,intrusion,17.793905721343418,adversary,balanced_train:attack
2026-01-04T17:51:51,E000009606,FENCE_DISTURB_E-0,FENCE_DISTURB,PERIMETER,E-0,PERIM_E-0,alarm,invalid,intrusion:attack_02:step_00:PERIM_E-0,intrusion,15.279300068005282,adversary,balanced_train:attack
2026-01-04T17:51:51,E000009607,RADAR_E-0,RADAR,PERIMETER,E-0,PERIM_E-0,alarm,intrusion,intrusion:attack_02:step_00:PERIM_E-0,intrusion,17.793905721343418,adversary,balanced_train:attack
2026-01-04T17:51:51,E000009606,FENCE_DISTURB_E-0,FENCE_DISTURB,PERIMETER,E-0,PERIM_E-0,alarm,invalid,intrusion:attack_02:step_00:PERIM_E-0,intrusion,15.279300068005282,adversary,balanced_train:attack
2026-01-04T17:51:51,E000009606,FENCE_DISTURB_E-0,FENCE_DISTURB,PERIMETER,E-0,PERIM_E-0,alarm,invalid,intrusion:attack_02:step_00:PERIM_E-0,intrusion,15.279300068005282,adversary,balanced_train:attack
2026-01-04T17:51:51,E000009607,RADAR_E-0,RADAR,PERIMETER,E-0,PERIM_E-0,alarm,intrusion,intrusion:attack_02:step_00:PERIM_E-0,intrusion,17.793905721343418,adversary,balanced_train:attack
2026-01-04T17:51:51,E000009606,FENCE_DISTURB_E-0,FENCE_DISTURB,PERIMETER,E-0,PERIM_E-0,alarm,invalid,intrusion:attack_02:step_00:PERIM_E-0,intrusion,15.279300068005282,adversary,balanced_train:attack
2026-01-04T17:51:51,E000009606,FENCE_DISTURB_E-0,FENCE_DISTURB,PERIMETER,E-0,PERIM_E-0,alarm,invalid,intrusion:attack_02:step_00:PERIM_E-0,intrusion,15.279300068005282,adversary,balanced_train:attack
2026-01-04T17:51:51,E000009607,RADAR_E-0,RADAR,PERIMETER,E-0,PERIM_E-0,alarm,intrusion,intrusion:attack_02:step_00:PERIM_E-0,intrusion,17.793905721343418,adversary,balanced_train:attack
2026-01-04T17:51:51,E000009606,FENCE_DISTURB_E-0,FENCE_DISTURB,PERIMETER,E-0,PERIM_E-0,alarm,invalid,intrusion:attack_02:step_00:PERIM_E-0,intrusion,15.279300068005282,adversary,balanced_train:attack
2026-01-04T17:51:51,E000009606,FENCE_DISTURB_E-0,FENCE_DISTURB,PERIMETER,E-0,PERIM_E-0,alarm,invalid,intrusion:attack_02:step_00:PERIM_E-0,intrusion,15.279300068005282,adversary,balanced_train:attack
2026-01-04T17:51:51,E000009606,FENCE_DISTURB_E-0,FENCE_DISTURB,PERIMETER,E-0,PERIM_E-0,alarm,invalid,intrusion:attack_02:step_00:PERIM_E-0,intrusion,15.279300068005282,adversary,balanced_train:attack
2026-01-04T17:51:51,E000009607,RADAR_E-0,RADAR,PERIMETER,E-0,PERIM_E-0,alarm,intrusion,intrusion:attack_02:step_00:PERIM_E-0,intrusion,17.793905721343418,adversary,balanced_train:attack
2026-01-04T17:51:51,E000009606,FENCE_DISTURB_E-0,FENCE_DISTURB,PERIMETER,E-0,PERIM_E-0,alarm,invalid,intrusion:attack_02:step_00:PERIM_E-0,intrusion,15.279300068005282,adversary,balanced_train:attack
2026-01-04T17:51:51,E000009606,FENCE_DISTURB_E-0,FENCE_DISTURB,PERIMETER,E-0,PERIM_E-0,alarm,invalid,intrusion:attack_02:step_00:PERIM_E-0,intrusion,15.279300068005282,adversary,balanced_train:attack
2026-01-04T17:51:51,E000009607,RADAR_E-0,RADAR,PERIMETER,E-0,PERIM_E-0,alarm,intrusion,intrusion:attack_02:step_00:PERIM_E-0,intrusion,17.793905721343418,adversary,balanced_train:attack
2026-01-04T17:51:51,E000009606,FENCE_DISTURB_E-0,FENCE_DISTURB,PERIMETER,E-0,PERIM_E-0,alarm,invalid,intrusion:attack_02:step_00:PERIM_E-0,intrusion,15.279300068005282,adversary,balanced_train:attack
2026-01-04T17:51:51,E000009607,RADAR_E-0,RADAR,PERIMETER,E-0,PERIM_E-0,alarm,intrusion,intrusion:attack_02:step_00:PERIM_E-0,intrusion,17.793905721343418,adversary,balanced_train:attack
2026-01-04T17:51:51,E000009606,FENCE_DISTURB_E-0,FENCE_DISTURB,PERIMETER,E-0,PERIM_E-0,alarm,invalid,intrusion:attack_02:step_00:PERIM_E-0,intrusion,15.279300068005282,adversary,balanced_train:attack
2026-01-04T17:51:51,E000009606,FENCE_DISTURB_E-0,FENCE_DISTURB,PERIMETER,E-0,PERIM_E-0,alarm,invalid,intrusion:attack_02:step_00:PERIM_E-0,intrusion,15.279300068005282,adversary,balanced_train:attack
2026-01-04T17:51:51,E000009606,FENCE_DISTURB_E-0,FENCE_DISTURB,PERIMETER,E-0,PERIM_E-0,alarm,invalid,intrusion:attack_02:step_00:PERIM_E-0,intrusion,15.279300068005282,adversary,balanced_train:attack
2026-01-04T17:51:51,E000009607,RADAR_E-0,RADAR,PERIMETER,E-0,PERIM_E-0,alarm,intrusion,intrusion:attack_02:step_00:PERIM_E-0,intrusion,17.793905721343418,adversary,balanced_train:attack
2026-01-04T17:51:51,E000009607,RADAR_E-0,RADAR,PERIMETER,E-0,PERIM_E-0,alarm,intrusion,intrusion:attack_02:step_00:PERIM_E-0,intrusion,17.793905721343418,adversary,balanced_train:attack
2026-01-04T17:51:51,E000009606,FENCE_DISTURB_E-0,FENCE_DISTURB,PERIMETER,E-0,PERIM_E-0,alarm,invalid,intrusion:attack_02:step_00:PERIM_E-0,intrusion,15.279300068005282,adversary,balanced_train:attack
2026-01-04T17:51:51,E000009607,RADAR_E-0,RADAR,PERIMETER,E-0,PERIM_E-0,alarm,intrusion,intrusion:attack_02:step_00:PERIM_E-0,intrusion,17.793905721343418,adversary,balanced_train:attack
2026-01-04T17:51:51,E000009607,RADAR_E-0,RADAR,PERIMETER,E-0,PERIM_E-0,alarm,intrusion,intrusion:attack_02:step_00:PERIM_E-0,intrusion,17.793905721343418,adversary,balanced_train:attack
2026-01-04T17:51:51,E000009607,RADAR_E-0,RADAR,PERIMETER,E-0,PERIM_E-0,alarm,intrusion,intrusion:attack_02:step_00:PERIM_E-0,intrusion,17.793905721343418,adversary,balanced_train:attack
2026-01-04T17:51:51,E000009606,FENCE_DISTURB_E-0,FENCE_DISTURB,PERIMETER,E-0,PERIM_E-0,alarm,invalid,intrusion:attack_02:step_00:PERIM_E-0,intrusion,15.279300068005282,adversary,balanced_train:attack
2026-01-04T17:51:51,E000009607,RADAR_E-0,RADAR,PERIMETER,E-0,PERIM_E-0,alarm,intrusion,intrusion:attack_02:step_00:PERIM_E-0,intrusion,17.793905721343418,adversary,balanced_train:attack
2026-01-04T17:51:51,E000009607,RADAR_E-0,RADAR,PERIMETER,E-0,PERIM_E-0,alarm,intrusion,intrusion:attack_02:step_00:PERIM_E-0,intrusion,17.793905721343418,adversary,balanced_train:attack
2026-01-04T17:51:51,E000009607,RADAR_E-0,RADAR,PERIMETER,E-0,PERIM_E-0,alarm,intrusion,intrusion:attack_02:step_00:PERIM_E-0,intrusion,17.793905721343418,adversary,balanced_train:attack
2026-01-04T17:51:51,E000009606,FENCE_DISTURB_E-0,FENCE_DISTURB,PERIMETER,E-0,PERIM_E-0,alarm,invalid,intrusion:attack_02:step_00:PERIM_E-0,intrusion,15.279300068005282,adversary,balanced_train:attack
2026-01-04T17:51:51,E000009607,RADAR_E-0,RADAR,PERIMETER,E-0,PERIM_E-0,alarm,intrusion,intrusion:attack_02:step_00:PERIM_E-0,intrusion,17.793905721343418,adversary,balanced_train:attack
2026-01-04T17:51:51,E000009607,RADAR_E-0,RADAR,PERIMETER,E-0,PERIM_E-0,alarm,intrusion,intrusion:attack_02:step_00:PERIM_E-0,intrusion,17.793905721343418,adversary,balanced_train:attack
2026-01-04T17:51:51,E000009607,RADAR_E-0,RADAR,PERIMETER,E-0,PERIM_E-0,alarm,intrusion,intrusion:attack_02:step_00:PERIM_E-0,intrusion,17.793905721343418,adversary,balanced_train:attack
2026-01-04T17:51:51,E000009607,RADAR_E-0,RADAR,PERIMETER,E-0,PERIM_E-0,alarm,intrusion,intrusion:attack_02:step_00:PERIM_E-0,intrusion,17.793905721343418,adversary,balanced_train:attack
2026-01-04T17:51:51,E000009607,RADAR_E-0,RADAR,PERIMETER,E-0,PERIM_E-0,alarm,intrusion,intrusion:attack_02:step_00:PERIM_E-0,intrusion,17.793905721343418,adversary,balanced_train:attack
2026-01-04T17:51:51,E000009606,FENCE_DISTURB_E-0,FENCE_DISTURB,PERIMETER,E-0,PERIM_E-0,alarm,invalid,intrusion:attack_02:step_00:PERIM_E-0,intrusion,15.279300068005282,adversary,balanced_train:attack
2026-01-04T17:51:51,E000009606,FENCE_DISTURB_E-0,FENCE_DISTURB,PERIMETER,E-0,PERIM_E-0,alarm,invalid,intrusion:attack_02:step_00:PERIM_E-0,intrusion,15.279300068005282,adversary,balanced_train:attack
2026-01-04T17:51:51,E000009606,FENCE_DISTURB_E-0,FENCE_DISTURB,PERIMETER,E-0,PERIM_E-0,alarm,invalid,intrusion:attack_02:step_00:PERIM_E-0,intrusion,15.279300068005282,adversary,balanced_train:attack
2026-01-04T17:51:51,E000009607,RADAR_E-0,RADAR,PERIMETER,E-0,PERIM_E-0,alarm,intrusion,intrusion:attack_02:step_00:PERIM_E-0,intrusion,17.793905721343418,adversary,balanced_train:attack
2026-01-04T17:51:51,E000009607,RADAR_E-0,RADAR,PERIMETER,E-0,PERIM_E-0,alarm,intrusion,intrusion:attack_02:step_00:PERIM_E-0,intrusion,17.793905721343418,adversary,balanced_train:attack
2026-01-04T17:51:51,E000009606,FENCE_DISTURB_E-0,FENCE_DISTURB,PERIMETER,E-0,PERIM_E-0,alarm,invalid,intrusion:attack_02:step_00:PERIM_E-0,intrusion,15.279300068005282,adversary,balanced_train:attack
2026-01-04T17:51:51,E000009607,RADAR_E-0,RADAR,PERIMETER,E-0,PERIM_E-0,alarm,intrusion,intrusion:attack_02:step_00:PERIM_E-0,intrusion,17.793905721343418,adversary,balanced_train:attack
2026-01-04T17:51:51,E000009606,FENCE_DISTURB_E-0,FENCE_DISTURB,PERIMETER,E-0,PERIM_E-0,alarm,invalid,intrusion:attack_02:step_00:PERIM_E-0,intrusion,15.279300068005282,adversary,balanced_train:attack
2026-01-04T17:51:51,E000009606,FENCE_DISTURB_E-0,FENCE_DISTURB,PERIMETER,E-0,PERIM_E-0,alarm,invalid,intrusion:attack_02:step_00:PERIM_E-0,intrusion,15.279300068005282,adversary,balanced_train:attack
2026-01-04T17:51:51,E000009607,RADAR_E-0,RADAR,PERIMETER,E-0,PERIM_E-0,alarm,intrusion,intrusion:attack_02:step_00:PERIM_E-0,intrusion,17.793905721343418,adversary,balanced_train:attack
2026-01-04T17:51:51,E000009606,FENCE_DISTURB_E-0,FENCE_DISTURB,PERIMETER,E-0,PERIM_E-0,alarm,invalid,intrusion:attack_02:step_00:PERIM_E-0,intrusion,15.279300068005282,adversary,balanced_train:attack
2026-01-04T17:51:51,E000009607,RADAR_E-0,RADAR,PERIMETER,E-0,PERIM_E-0,alarm,intrusion,intrusion:attack_02:step_00:PERIM_E-0,intrusion,17.793905721343418,adversary,balanced_train:attack
2026-01-04T17:51:51,E000009607,RADAR_E-0,RADAR,PERIMETER,E-0,PERIM_E-0,alarm,intrusion,intrusion:attack_02:step_00:PERIM_E-0,intrusion,17.793905721343418,adversary,balanced_train:attack
2026-01-04T17:51:51,E000009606,FENCE_DISTURB_E-0,FENCE_DISTURB,PERIMETER,E-0,PERIM_E-0,alarm,invalid,intrusion:attack_02:step_00:PERIM_E-0,intrusion,15.279300068005282,adversary,balanced_train:attack
2026-01-04T17:51:51,E000009606,FENCE_DISTURB_E-0,FENCE_DISTURB,PERIMETER,E-0,PERIM_E-0,alarm,invalid,intrusion:attack_02:step_00:PERIM_E-0,intrusion,15.279300068005282,adversary,balanced_train:attack
2026-01-04T17:51:51,E000009606,FENCE_DISTURB_E-0,FENCE_DISTURB,PERIMETER,E-0,PERIM_E-0,alarm,invalid,intrusion:attack_02:step_00:PERIM_E-0,intrusion,15.279300068005282,adversary,balanced_train:attack
2026-01-04T17:51:51,E000009606,FENCE_DISTURB_E-0,FENCE_DISTURB,PERIMETER,E-0,PERIM_E-0,alarm,invalid,intrusion:attack_02:step_00:PERIM_E-0,intrusion,15.279300068005282,adversary,balanced_train:attack
2026-01-04T17:51:51,E000009606,FENCE_DISTURB_E-0,FENCE_DISTURB,PERIMETER,E-0,PERIM_E-0,alarm,invalid,intrusion:attack_02:step_00:PERIM_E-0,intrusion,15.279300068005282,adversary,balanced_train:attack
2026-01-04T17:51:51,E000009606,FENCE_DISTURB_E-0,FENCE_DISTURB,PERIMETER,E-0,PERIM_E-0,alarm,invalid,intrusion:attack_02:step_00:PERIM_E-0,intrusion,15.279300068005282,adversary,balanced_train:attack
2026-01-04T17:51:51,E000009606,FENCE_DISTURB_E-0,FENCE_DISTURB,PERIMETER,E-0,PERIM_E-0,alarm,invalid,intrusion:attack_02:step_00:PERIM_E-0,intrusion,15.279300068005282,adversary,balanced_train:attack
2026-01-04T17:51:51,E000009606,FENCE_DISTURB_E-0,FENCE_DISTURB,PERIMETER,E-0,PERIM_E-0,alarm,invalid,intrusion:attack_02:step_00:PERIM_E-0,intrusion,15.279300068005282,adversary,balanced_train:attack
2026-01-04T17:51:51,E000009606,FENCE_DISTURB_E-0,FENCE_DISTURB,PERIMETER,E-0,PERIM_E-0,alarm,invalid,intrusion:attack_02:step_00:PERIM_E-0,intrusion,15.279300068005282,adversary,balanced_train:attack
2026-01-04T17:51:51,E000009607,RADAR_E-0,RADAR,PERIMETER,E-0,PERIM_E-0,alarm,intrusion,intrusion:attack_02:step_00:PERIM_E-0,intrusion,17.793905721343418,adversary,balanced_train:attack
2026-01-04T17:51:51,E000009607,RADAR_E-0,RADAR,PERIMETER,E-0,PERIM_E-0,alarm,intrusion,intrusion:attack_02:step_00:PERIM_E-0,intrusion,17.793905721343418,adversary,balanced_train:attack
2026-01-04T17:51:51,E000009606,FENCE_DISTURB_E-0,FENCE_DISTURB,PERIMETER,E-0,PERIM_E-0,alarm,invalid,intrusion:attack_02:step_00:PERIM_E-0,intrusion,15.279300068005282,adversary,balanced_train:attack
2026-01-04T17:51:51,E000009606,FENCE_DISTURB_E-0,FENCE_DISTURB,PERIMETER,E-0,PERIM_E-0,alarm,invalid,intrusion:attack_02:step_00:PERIM_E-0,intrusion,15.279300068005282,adversary,balanced_train:attack
2026-01-04T17:51:51,E000009606,FENCE_DISTURB_E-0,FENCE_DISTURB,PERIMETER,E-0,PERIM_E-0,alarm,invalid,intrusion:attack_02:step_00:PERIM_E-0,intrusion,15.279300068005282,adversary,balanced_train:attack
2026-01-04T17:51:51,E000009607,RADAR_E-0,RADAR,PERIMETER,E-0,PERIM_E-0,alarm,intrusion,intrusion:attack_02:step_00:PERIM_E-0,intrusion,17.793905721343418,adversary,balanced_train:attack
2026-01-04T17:51:51,E000009607,RADAR_E-0,RADAR,PERIMETER,E-0,PERIM_E-0,alarm,intrusion,intrusion:attack_02:step_00:PERIM_E-0,intrusion,17.793905721343418,adversary,balanced_train:attack
2026-01-04T17:51:51,E000009606,FENCE_DISTURB_E-0,FENCE_DISTURB,PERIMETER,E-0,PERIM_E-0,alarm,invalid,intrusion:attack_02:step_00:PERIM_E-0,intrusion,15.279300068005282,adversary,balanced_train:attack
2026-01-04T17:51:51,E000009606,FENCE_DISTURB_E-0,FENCE_DISTURB,PERIMETER,E-0,PERIM_E-0,alarm,invalid,intrusion:attack_02:step_00:PERIM_E-0,intrusion,15.279300068005282,adversary,balanced_train:attack
2026-01-04T17:51:51,E000009607,RADAR_E-0,RADAR,PERIMETER,E-0,PERIM_E-0,alarm,intrusion,intrusion:attack_02:step_00:PERIM_E-0,intrusion,17.793905721343418,adversary,balanced_train:attack
2026-01-04T17:51:51,E000009607,RADAR_E-0,RADAR,PERIMETER,E-0,PERIM_E-0,alarm,intrusion,intrusion:attack_02:step_00:PERIM_E-0,intrusion,17.793905721343418,adversary,balanced_train:attack
2026-01-04T17:51:51,E000009607,RADAR_E-0,RADAR,PERIMETER,E-0,PERIM_E-0,alarm,intrusion,intrusion:attack_02:step_00:PERIM_E-0,intrusion,17.793905721343418,adversary,balanced_train:attack
2026-01-04T17:51:51,E000009606,FENCE_DISTURB_E-0,FENCE_DISTURB,PERIMETER,E-0,PERIM_E-0,alarm,invalid,intrusion:attack_02:step_00:PERIM_E-0,intrusion,15.279300068005282,adversary,balanced_train:attack
2026-01-04T17:51:51,E000009607,RADAR_E-0,RADAR,PERIMETER,E-0,PERIM_E-0,alarm,intrusion,intrusion:attack_02:step_00:PERIM_E-0,intrusion,17.793905721343418,adversary,balanced_train:attack
2026-01-04T17:51:51,E000009607,RADAR_E-0,RADAR,PERIMETER,E-0,PERIM_E-0,alarm,intrusion,intrusion:attack_02:step_00:PERIM_E-0,intrusion,17.793905721343418,adversary,balanced_train:attack
2026-01-04T17:51:51,E000009606,FENCE_DISTURB_E-0,FENCE_DISTURB,PERIMETER,E-0,PERIM_E-0,alarm,invalid,intrusion:attack_02:step_00:PERIM_E-0,intrusion,15.279300068005282,adversary,balanced_train:attack
2026-01-04T17:51:51,E000009607,RADAR_E-0,RADAR,PERIMETER,E-0,PERIM_E-0,alarm,intrusion,intrusion:attack_02:step_00:PERIM_E-0,intrusion,17.793905721343418,adversary,balanced_train:attack
2026-01-04T17:51:51,E000009606,FENCE_DISTURB_E-0,FENCE_DISTURB,PERIMETER,E-0,PERIM_E-0,alarm,invalid,intrusion:attack_02:step_00:PERIM_E-0,intrusion,15.279300068005282,adversary,balanced_train:attack
2026-01-04T17:51:51,E000009607,RADAR_E-0,RADAR,PERIMETER,E-0,PERIM_E-0,alarm,intrusion,intrusion:attack_02:step_00:PERIM_E-0,intrusion,17.793905721343418,adversary,balanced_train:attack
2026-01-04T17:51:51,E000009607,RADAR_E-0,RADAR,PERIMETER,E-0,PERIM_E-0,alarm,intrusion,intrusion:attack_02:step_00:PERIM_E-0,intrusion,17.793905721343418,adversary,balanced_train:attack
2026-01-04T17:51:51,E000009606,FENCE_DISTURB_E-0,FENCE_DISTURB,PERIMETER,E-0,PERIM_E-0,alarm,invalid,intrusion:attack_02:step_00:PERIM_E-0,intrusion,15.279300068005282,adversary,balanced_train:attack
2026-01-04T17:51:51,E000009607,RADAR_E-0,RADAR,PERIMETER,E-0,PERIM_E-0,alarm,intrusion,intrusion:attack_02:step_00:PERIM_E-0,intrusion,17.793905721343418,adversary,balanced_train:attack
2026-01-04T17:51:51,E000009606,FENCE_DISTURB_E-0,FENCE_DISTURB,PERIMETER,E-0,PERIM_E-0,alarm,invalid,intrusion:attack_02:step_00:PERIM_E-0,intrusion,15.279300068005282,adversary,balanced_train:attack
2026-01-04T17:51:51,E000009606,FENCE_DISTURB_E-0,FENCE_DISTURB,PERIMETER,E-0,PERIM_E-0,alarm,invalid,intrusion:attack_02:step_00:PERIM_E-0,intrusion,15.279300068005282,adversary,balanced_train:attack
2026-01-04T17:51:51,E000009606,FENCE_DISTURB_E-0,FENCE_DISTURB,PERIMETER,E-0,PERIM_E-0,alarm,invalid,intrusion:attack_02:step_00:PERIM_E-0,intrusion,15.279300068005282,adversary,balanced_train:attack
2026-01-04T17:51:51,E000009606,FENCE_DISTURB_E-0,FENCE_DISTURB,PERIMETER,E-0,PERIM_E-0,alarm,invalid,intrusion:attack_02:step_00:PERIM_E-0,intrusion,15.279300068005282,adversary,balanced_train:attack
2026-01-04T17:51:51,E000009606,FENCE_DISTURB_E-0,FENCE_DISTURB,PERIMETER,E-0,PERIM_E-0,alarm,invalid,intrusion:attack_02:step_00:PERIM_E-0,intrusion,15.279300068005282,adversary,balanced_train:attack
2026-01-04T17:51:51,E000009606,FENCE_DISTURB_E-0,FENCE_DISTURB,PERIMETER,E-0,PERIM_E-0,alarm,invalid,intrusion:attack_02:step_00:PERIM_E-0,intrusion,15.279300068005282,adversary,balanced_train:attack
2026-01-04T17:51:51,E000009607,RADAR_E-0,RADAR,PERIMETER,E-0,PERIM_E-0,alarm,intrusion,intrusion:attack_02:step_00:PERIM_E-0,intrusion,17.793905721343418,adversary,balanced_train:attack
2026-01-04T17:51:51,E000009606,FENCE_DISTURB_E-0,FENCE_DISTURB,PERIMETER,E-0,PERIM_E-0,alarm,invalid,intrusion:attack_02:step_00:PERIM_E-0,intrusion,15.279300068005282,adversary,balanced_train:attack
2026-01-04T17:51:51,E000009606,FENCE_DISTURB_E-0,FENCE_DISTURB,PERIMETER,E-0,PERIM_E-0,alarm,invalid,intrusion:attack_02:step_00:PERIM_E-0,intrusion,15.279300068005282,adversary,balanced_train:attack
2026-01-04T17:51:51,E000009607,RADAR_E-0,RADAR,PERIMETER,E-0,PERIM_E-0,alarm,intrusion,intrusion:attack_02:step_00:PERIM_E-0,intrusion,17.793905721343418,adversary,balanced_train:attack
2026-01-04T17:51:51,E000009607,RADAR_E-0,RADAR,PERIMETER,E-0,PERIM_E-0,alarm,intrusion,intrusion:attack_02:step_00:PERIM_E-0,intrusion,17.793905721343418,adversary,balanced_train:attack
2026-01-04T17:51:51,E000009606,FENCE_DISTURB_E-0,FENCE_DISTURB,PERIMETER,E-0,PERIM_E-0,alarm,invalid,intrusion:attack_02:step_00:PERIM_E-0,intrusion,15.279300068005282,adversary,balanced_train:attack
2026-01-04T17:51:51,E000009606,FENCE_DISTURB_E-0,FENCE_DISTURB,PERIMETER,E-0,PERIM_E-0,alarm,invalid,intrusion:attack_02:step_00:PERIM_E-0,intrusion,15.279300068005282,adversary,balanced_train:attack
2026-01-04T17:51:51,E000009607,RADAR_E-0,RADAR,PERIMETER,E-0,PERIM_E-0,alarm,intrusion,intrusion:attack_02:step_00:PERIM_E-0,intrusion,17.793905721343418,adversary,balanced_train:attack
2026-01-04T17:53:01,E000009608,PA_RADAR_E,RADAR,PROTECTED_AREA,E,PA_RADAR_E,alarm,intrusion,intrusion:attack_02:step_01:PA_RADAR_E,intrusion,13.944242484788813,adversary,balanced_train:attack
2026-01-04T17:53:01,E000009608,PA_RADAR_E,RADAR,PROTECTED_AREA,E,PA_RADAR_E,alarm,intrusion,intrusion:attack_02:step_01:PA_RADAR_E,intrusion,13.944242484788813,adversary,balanced_train:attack
2026-01-04T17:53:01,E000009608,PA_RADAR_E,RADAR,PROTECTED_AREA,E,PA_RADAR_E,alarm,intrusion,intrusion:attack_02:step_01:PA_RADAR_E,intrusion,13.944242484788813,adversary,balanced_train:attack
2026-01-04T17:53:01,E000009608,PA_RADAR_E,RADAR,PROTECTED_AREA,E,PA_RADAR_E,alarm,intrusion,intrusion:attack_02:step_01:PA_RADAR_E,intrusion,13.944242484788813,adversary,balanced_train:attack
2026-01-04T17:53:01,E000009608,PA_RADAR_E,RADAR,PROTECTED_AREA,E,PA_RADAR_E,alarm,intrusion,intrusion:attack_02:step_01:PA_RADAR_E,intrusion,13.944242484788813,adversary,balanced_train:attack
2026-01-04T17:53:01,E000009608,PA_RADAR_E,RADAR,PROTECTED_AREA,E,PA_RADAR_E,alarm,intrusion,intrusion:attack_02:step_01:PA_RADAR_E,intrusion,13.944242484788813,adversary,balanced_train:attack
2026-01-04T17:53:01,E000009608,PA_RADAR_E,RADAR,PROTECTED_AREA,E,PA_RADAR_E,alarm,intrusion,intrusion:attack_02:step_01:PA_RADAR_E,intrusion,13.944242484788813,adversary,balanced_train:attack
2026-01-04T17:53:01,E000009608,PA_RADAR_E,RADAR,PROTECTED_AREA,E,PA_RADAR_E,alarm,intrusion,intrusion:attack_02:step_01:PA_RADAR_E,intrusion,13.944242484788813,adversary,balanced_train:attack
2026-01-04T17:53:01,E000009608,PA_RADAR_E,RADAR,PROTECTED_AREA,E,PA_RADAR_E,alarm,intrusion,intrusion:attack_02:step_01:PA_RADAR_E,intrusion,13.944242484788813,adversary,balanced_train:attack
2026-01-04T17:53:01,E000009608,PA_RADAR_E,RADAR,PROTECTED_AREA,E,PA_RADAR_E,alarm,intrusion,intrusion:attack_02:step_01:PA_RADAR_E,intrusion,13.944242484788813,adversary,balanced_train:attack
2026-01-04T17:53:01,E000009608,PA_RADAR_E,RADAR,PROTECTED_AREA,E,PA_RADAR_E,alarm,intrusion,intrusion:attack_02:step_01:PA_RADAR_E,intrusion,13.944242484788813,adversary,balanced_train:attack
2026-01-04T17:53:01,E000009608,PA_RADAR_E,RADAR,PROTECTED_AREA,E,PA_RADAR_E,alarm,intrusion,intrusion:attack_02:step_01:PA_RADAR_E,intrusion,13.944242484788813,adversary,balanced_train:attack
2026-01-04T17:53:01,E000009608,PA_RADAR_E,RADAR,PROTECTED_AREA,E,PA_RADAR_E,alarm,intrusion,intrusion:attack_02:step_01:PA_RADAR_E,intrusion,13.944242484788813,adversary,balanced_train:attack
2026-01-04T17:53:01,E000009608,PA_RADAR_E,RADAR,PROTECTED_AREA,E,PA_RADAR_E,alarm,intrusion,intrusion:attack_02:step_01:PA_RADAR_E,intrusion,13.944242484788813,adversary,balanced_train:attack
2026-01-04T17:53:01,E000009608,PA_RADAR_E,RADAR,PROTECTED_AREA,E,PA_RADAR_E,alarm,intrusion,intrusion:attack_02:step_01:PA_RADAR_E,intrusion,13.944242484788813,adversary,balanced_train:attack
2026-01-04T17:53:01,E000009608,PA_RADAR_E,RADAR,PROTECTED_AREA,E,PA_RADAR_E,alarm,intrusion,intrusion:attack_02:step_01:PA_RADAR_E,intrusion,13.944242484788813,adversary,balanced_train:attack
2026-01-04T17:53:01,E000009608,PA_RADAR_E,RADAR,PROTECTED_AREA,E,PA_RADAR_E,alarm,intrusion,intrusion:attack_02:step_01:PA_RADAR_E,intrusion,13.944242484788813,adversary,balanced_train:attack
2026-01-04T17:53:01,E000009608,PA_RADAR_E,RADAR,PROTECTED_AREA,E,PA_RADAR_E,alarm,intrusion,intrusion:attack_02:step_01:PA_RADAR_E,intrusion,13.944242484788813,adversary,balanced_train:attack
2026-01-04T17:53:01,E000009608,PA_RADAR_E,RADAR,PROTECTED_AREA,E,PA_RADAR_E,alarm,intrusion,intrusion:attack_02:step_01:PA_RADAR_E,intrusion,13.944242484788813,adversary,balanced_train:attack
2026-01-04T17:53:01,E000009608,PA_RADAR_E,RADAR,PROTECTED_AREA,E,PA_RADAR_E,alarm,intrusion,intrusion:attack_02:step_01:PA_RADAR_E,intrusion,13.944242484788813,adversary,balanced_train:attack
2026-01-04T17:53:01,E000009608,PA_RADAR_E,RADAR,PROTECTED_AREA,E,PA_RADAR_E,alarm,intrusion,intrusion:attack_02:step_01:PA_RADAR_E,intrusion,13.944242484788813,adversary,balanced_train:attack
2026-01-04T17:53:01,E000009608,PA_RADAR_E,RADAR,PROTECTED_AREA,E,PA_RADAR_E,alarm,intrusion,intrusion:attack_02:step_01:PA_RADAR_E,intrusion,13.944242484788813,adversary,balanced_train:attack
2026-01-04T17:53:01,E000009608,PA_RADAR_E,RADAR,PROTECTED_AREA,E,PA_RADAR_E,alarm,intrusion,intrusion:attack_02:step_01:PA_RADAR_E,intrusion,13.944242484788813,adversary,balanced_train:attack
2026-01-04T17:53:01,E000009608,PA_RADAR_E,RADAR,PROTECTED_AREA,E,PA_RADAR_E,alarm,intrusion,intrusion:attack_02:step_01:PA_RADAR_E,intrusion,13.944242484788813,adversary,balanced_train:attack
2026-01-04T17:53:01,E000009608,PA_RADAR_E,RADAR,PROTECTED_AREA,E,PA_RADAR_E,alarm,intrusion,intrusion:attack_02:step_01:PA_RADAR_E,intrusion,13.944242484788813,adversary,balanced_train:attack
2026-01-04T17:53:01,E000009608,PA_RADAR_E,RADAR,PROTECTED_AREA,E,PA_RADAR_E,alarm,intrusion,intrusion:attack_02:step_01:PA_RADAR_E,intrusion,13.944242484788813,adversary,balanced_train:attack
2026-01-04T17:53:01,E000009608,PA_RADAR_E,RADAR,PROTECTED_AREA,E,PA_RADAR_E,alarm,intrusion,intrusion:attack_02:step_01:PA_RADAR_E,intrusion,13.944242484788813,adversary,balanced_train:attack
2026-01-04T17:53:01,E000009608,PA_RADAR_E,RADAR,PROTECTED_AREA,E,PA_RADAR_E,alarm,intrusion,intrusion:attack_02:step_01:PA_RADAR_E,intrusion,13.944242484788813,adversary,balanced_train:attack
2026-01-04T17:53:01,E000009608,PA_RADAR_E,RADAR,PROTECTED_AREA,E,PA_RADAR_E,alarm,intrusion,intrusion:attack_02:step_01:PA_RADAR_E,intrusion,13.944242484788813,adversary,balanced_train:attack
2026-01-04T17:53:01,E000009608,PA_RADAR_E,RADAR,PROTECTED_AREA,E,PA_RADAR_E,alarm,intrusion,intrusion:attack_02:step_01:PA_RADAR_E,intrusion,13.944242484788813,adversary,balanced_train:attack
2026-01-04T17:53:01,E000009608,PA_RADAR_E,RADAR,PROTECTED_AREA,E,PA_RADAR_E,alarm,intrusion,intrusion:attack_02:step_01:PA_RADAR_E,intrusion,13.944242484788813,adversary,balanced_train:attack
2026-01-04T17:53:01,E000009608,PA_RADAR_E,RADAR,PROTECTED_AREA,E,PA_RADAR_E,alarm,intrusion,intrusion:attack_02:step_01:PA_RADAR_E,intrusion,13.944242484788813,adversary,balanced_train:attack
2026-01-04T17:53:01,E000009608,PA_RADAR_E,RADAR,PROTECTED_AREA,E,PA_RADAR_E,alarm,intrusion,intrusion:attack_02:step_01:PA_RADAR_E,intrusion,13.944242484788813,adversary,balanced_train:attack
2026-01-04T17:53:01,E000009608,PA_RADAR_E,RADAR,PROTECTED_AREA,E,PA_RADAR_E,alarm,intrusion,intrusion:attack_02:step_01:PA_RADAR_E,intrusion,13.944242484788813,adversary,balanced_train:attack
2026-01-04T17:53:01,E000009608,PA_RADAR_E,RADAR,PROTECTED_AREA,E,PA_RADAR_E,alarm,intrusion,intrusion:attack_02:step_01:PA_RADAR_E,intrusion,13.944242484788813,adversary,balanced_train:attack
2026-01-04T17:53:01,E000009608,PA_RADAR_E,RADAR,PROTECTED_AREA,E,PA_RADAR_E,alarm,intrusion,intrusion:attack_02:step_01:PA_RADAR_E,intrusion,13.944242484788813,adversary,balanced_train:attack
2026-01-04T17:53:01,E000009608,PA_RADAR_E,RADAR,PROTECTED_AREA,E,PA_RADAR_E,alarm,intrusion,intrusion:attack_02:step_01:PA_RADAR_E,intrusion,13.944242484788813,adversary,balanced_train:attack
2026-01-04T17:53:01,E000009608,PA_RADAR_E,RADAR,PROTECTED_AREA,E,PA_RADAR_E,alarm,intrusion,intrusion:attack_02:step_01:PA_RADAR_E,intrusion,13.944242484788813,adversary,balanced_train:attack
2026-01-04T17:53:01,E000009608,PA_RADAR_E,RADAR,PROTECTED_AREA,E,PA_RADAR_E,alarm,intrusion,intrusion:attack_02:step_01:PA_RADAR_E,intrusion,13.944242484788813,adversary,balanced_train:attack
2026-01-04T17:53:01,E000009608,PA_RADAR_E,RADAR,PROTECTED_AREA,E,PA_RADAR_E,alarm,intrusion,intrusion:attack_02:step_01:PA_RADAR_E,intrusion,13.944242484788813,adversary,balanced_train:attack
2026-01-04T17:53:01,E000009608,PA_RADAR_E,RADAR,PROTECTED_AREA,E,PA_RADAR_E,alarm,intrusion,intrusion:attack_02:step_01:PA_RADAR_E,intrusion,13.944242484788813,adversary,balanced_train:attack
2026-01-04T17:53:01,E000009608,PA_RADAR_E,RADAR,PROTECTED_AREA,E,PA_RADAR_E,alarm,intrusion,intrusion:attack_02:step_01:PA_RADAR_E,intrusion,13.944242484788813,adversary,balanced_train:attack
2026-01-04T17:53:01,E000009608,PA_RADAR_E,RADAR,PROTECTED_AREA,E,PA_RADAR_E,alarm,intrusion,intrusion:attack_02:step_01:PA_RADAR_E,intrusion,13.944242484788813,adversary,balanced_train:attack
2026-01-04T17:53:01,E000009608,PA_RADAR_E,RADAR,PROTECTED_AREA,E,PA_RADAR_E,alarm,intrusion,intrusion:attack_02:step_01:PA_RADAR_E,intrusion,13.944242484788813,adversary,balanced_train:attack
2026-01-04T17:53:01,E000009608,PA_RADAR_E,RADAR,PROTECTED_AREA,E,PA_RADAR_E,alarm,intrusion,intrusion:attack_02:step_01:PA_RADAR_E,intrusion,13.944242484788813,adversary,balanced_train:attack
2026-01-04T17:53:01,E000009608,PA_RADAR_E,RADAR,PROTECTED_AREA,E,PA_RADAR_E,alarm,intrusion,intrusion:attack_02:step_01:PA_RADAR_E,intrusion,13.944242484788813,adversary,balanced_train:attack
2026-01-04T17:53:01,E000009608,PA_RADAR_E,RADAR,PROTECTED_AREA,E,PA_RADAR_E,alarm,intrusion,intrusion:attack_02:step_01:PA_RADAR_E,intrusion,13.944242484788813,adversary,balanced_train:attack
2026-01-04T17:53:01,E000009608,PA_RADAR_E,RADAR,PROTECTED_AREA,E,PA_RADAR_E,alarm,intrusion,intrusion:attack_02:step_01:PA_RADAR_E,intrusion,13.944242484788813,adversary,balanced_train:attack
2026-01-04T20:28:20,E000000006,FENCE_DISTURB_E-0,FENCE_DISTURB,PERIMETER,E-0,PERIM_E-0,alarm,invalid,false_positive,false_positive,21.916366584126056,env,balanced_train
2026-01-04T20:28:20,E000000006,FENCE_DISTURB_E-0,FENCE_DISTURB,PERIMETER,E-0,PERIM_E-0,alarm,invalid,false_positive,false_positive,21.916366584126056,env,balanced_train
2026-01-04T20:28:20,E000000006,FENCE_DISTURB_E-0,FENCE_DISTURB,PERIMETER,E-0,PERIM_E-0,alarm,invalid,false_positive,false_positive,21.916366584126056,env,balanced_train
2026-01-04T20:28:20,E000000006,FENCE_DISTURB_E-0,FENCE_DISTURB,PERIMETER,E-0,PERIM_E-0,alarm,invalid,false_positive,false_positive,21.916366584126056,env,balanced_train
2026-01-04T20:28:20,E000000006,FENCE_DISTURB_E-0,FENCE_DISTURB,PERIMETER,E-0,PERIM_E-0,alarm,invalid,false_positive,false_positive,21.916366584126056,env,balanced_train
2026-01-04T20:28:20,E000000006,FENCE_DISTURB_E-0,FENCE_DISTURB,PERIMETER,E-0,PERIM_E-0,alarm,invalid,false_positive,false_positive,21.916366584126056,env,balanced_train
2026-01-04T20:28:20,E000000006,FENCE_DISTURB_E-0,FENCE_DISTURB,PERIMETER,E-0,PERIM_E-0,alarm,invalid,false_positive,false_positive,21.916366584126056,env,balanced_train
2026-01-04T20:28:20,E000000006,FENCE_DISTURB_E-0,FENCE_DISTURB,PERIMETER,E-0,PERIM_E-0,alarm,invalid,false_positive,false_positive,21.916366584126056,env,balanced_train
2026-01-04T20:28:20,E000000006,FENCE_DISTURB_E-0,FENCE_DISTURB,PERIMETER,E-0,PERIM_E-0,alarm,invalid,false_positive,false_positive,21.916366584126056,env,balanced_train
2026-01-04T20:28:20,E000000006,FENCE_DISTURB_E-0,FENCE_DISTURB,PERIMETER,E-0,PERIM_E-0,alarm,invalid,false_positive,false_positive,21.916366584126056,env,balanced_train
2026-01-04T20:28:20,E000000006,FENCE_DISTURB_E-0,FENCE_DISTURB,PERIMETER,E-0,PERIM_E-0,alarm,invalid,false_positive,false_positive,21.916366584126056,env,balanced_train
2026-01-04T20:28:20,E000000006,FENCE_DISTURB_E-0,FENCE_DISTURB,PERIMETER,E-0,PERIM_E-0,alarm,invalid,false_positive,false_positive,21.916366584126056,env,balanced_train
2026-01-04T20:28:20,E000000006,FENCE_DISTURB_E-0,FENCE_DISTURB,PERIMETER,E-0,PERIM_E-0,alarm,invalid,false_positive,false_positive,21.916366584126056,env,balanced_train
2026-01-04T20:28:20,E000000006,FENCE_DISTURB_E-0,FENCE_DISTURB,PERIMETER,E-0,PERIM_E-0,alarm,invalid,false_positive,false_positive,21.916366584126056,env,balanced_train
2026-01-04T21:29:23,E000000007,FENCE_DISTURB_E-0,FENCE_DISTURB,PERIMETER,E-0,PERIM_E-0,alarm,invalid,false_positive,false_positive,30.793209444527143,env,balanced_train
2026-01-04T21:29:23,E000000007,FENCE_DISTURB_E-0,FENCE_DISTURB,PERIMETER,E-0,PERIM_E-0,alarm,invalid,false_positive,false_positive,30.793209444527143,env,balanced_train
2026-01-04T21:29:23,E000000007,FENCE_DISTURB_E-0,FENCE_DISTURB,PERIMETER,E-0,PERIM_E-0,alarm,invalid,false_positive,false_positive,30.793209444527143,env,balanced_train
2026-01-04T21:29:23,E000000007,FENCE_DISTURB_E-0,FENCE_DISTURB,PERIMETER,E-0,PERIM_E-0,alarm,invalid,false_positive,false_positive,30.793209444527143,env,balanced_train
2026-01-04T21:29:23,E000000007,FENCE_DISTURB_E-0,FENCE_DISTURB,PERIMETER,E-0,PERIM_E-0,alarm,invalid,false_positive,false_positive,30.793209444527143,env,balanced_train
2026-01-04T21:29:23,E000000007,FENCE_DISTURB_E-0,FENCE_DISTURB,PERIMETER,E-0,PERIM_E-0,alarm,invalid,false_positive,false_positive,30.793209444527143,env,balanced_train
2026-01-04T21:29:23,E000000007,FENCE_DISTURB_E-0,FENCE_DISTURB,PERIMETER,E-0,PERIM_E-0,alarm,invalid,false_positive,false_positive,30.793209444527143,env,balanced_train
2026-01-04T21:29:23,E000000007,FENCE_DISTURB_E-0,FENCE_DISTURB,PERIMETER,E-0,PERIM_E-0,alarm,invalid,false_positive,false_positive,30.793209444527143,env,balanced_train
2026-01-04T21:29:23,E000000007,FENCE_DISTURB_E-0,FENCE_DISTURB,PERIMETER,E-0,PERIM_E-0,alarm,invalid,false_positive,false_positive,30.793209444527143,env,balanced_train
2026-01-04T21:29:23,E000000007,FENCE_DISTURB_E-0,FENCE_DISTURB,PERIMETER,E-0,PERIM_E-0,alarm,invalid,false_positive,false_positive,30.793209444527143,env,balanced_train
2026-01-04T21:29:23,E000000007,FENCE_DISTURB_E-0,FENCE_DISTURB,PERIMETER,E-0,PERIM_E-0,alarm,invalid,false_positive,false_positive,30.793209444527143,env,balanced_train
2026-01-05T02:10:08,E000000021,RADAR_W-1,RADAR,PERIMETER,W-1,PERIM_W-1,alarm,invalid,false_positive,false_positive,1.7670428789081463,env,balanced_train
2026-01-05T02:10:08,E000000021,RADAR_W-1,RADAR,PERIMETER,W-1,PERIM_W-1,alarm,invalid,false_positive,false_positive,1.7670428789081463,env,balanced_train
2026-01-05T02:10:08,E000000021,RADAR_W-1,RADAR,PERIMETER,W-1,PERIM_W-1,alarm,invalid,false_positive,false_positive,1.7670428789081463,env,balanced_train
2026-01-05T02:10:08,E000000021,RADAR_W-1,RADAR,PERIMETER,W-1,PERIM_W-1,alarm,invalid,false_positive,false_positive,1.7670428789081463,env,balanced_train
2026-01-05T02:10:08,E000000021,RADAR_W-1,RADAR,PERIMETER,W-1,PERIM_W-1,alarm,invalid,false_positive,false_positive,1.7670428789081463,env,balanced_train
2026-01-05T02:10:08,E000000021,RADAR_W-1,RADAR,PERIMETER,W-1,PERIM_W-1,alarm,invalid,false_positive,false_positive,1.7670428789081463,env,balanced_train
2026-01-05T02:10:08,E000000021,RADAR_W-1,RADAR,PERIMETER,W-1,PERIM_W-1,alarm,invalid,false_positive,false_positive,1.7670428789081463,env,balanced_train
2026-01-05T02:10:08,E000000021,RADAR_W-1,RADAR,PERIMETER,W-1,PERIM_W-1,alarm,invalid,false_positive,false_positive,1.7670428789081463,env,balanced_train
2026-01-05T02:10:08,E000000021,RADAR_W-1,RADAR,PERIMETER,W-1,PERIM_W-1,alarm,invalid,false_positive,false_positive,1.7670428789081463,env,balanced_train
2026-01-05T02:10:08,E000000021,RADAR_W-1,RADAR,PERIMETER,W-1,PERIM_W-1,alarm,invalid,false_positive,false_positive,1.7670428789081463,env,balanced_train
2026-01-05T02:10:08,E000000021,RADAR_W-1,RADAR,PERIMETER,W-1,PERIM_W-1,alarm,invalid,false_positive,false_positive,1.7670428789081463,env,balanced_train
2026-01-05T02:10:08,E000000021,RADAR_W-1,RADAR,PERIMETER,W-1,PERIM_W-1,alarm,invalid,false_positive,false_positive,1.7670428789081463,env,balanced_train
2026-01-05T02:10:08,E000000021,RADAR_W-1,RADAR,PERIMETER,W-1,PERIM_W-1,alarm,invalid,false_positive,false_positive,1.7670428789081463,env,balanced_train
2026-01-05T04:20:08,E000000008,RADAR_E-1,RADAR,PERIMETER,E-1,PERIM_E-1,alarm,invalid,false_positive,false_positive,22.34887031167433,env,balanced_train
2026-01-05T04:20:08,E000000008,RADAR_E-1,RADAR,PERIMETER,E-1,PERIM_E-1,alarm,invalid,false_positive,false_positive,22.34887031167433,env,balanced_train
2026-01-05T04:20:08,E000000008,RADAR_E-1,RADAR,PERIMETER,E-1,PERIM_E-1,alarm,invalid,false_positive,false_positive,22.34887031167433,env,balanced_train
2026-01-05T04:20:08,E000000008,RADAR_E-1,RADAR,PERIMETER,E-1,PERIM_E-1,alarm,invalid,false_positive,false_positive,22.34887031167433,env,balanced_train
2026-01-05T04:20:08,E000000008,RADAR_E-1,RADAR,PERIMETER,E-1,PERIM_E-1,alarm,invalid,false_positive,false_positive,22.34887031167433,env,balanced_train
2026-01-05T04:20:08,E000000008,RADAR_E-1,RADAR,PERIMETER,E-1,PERIM_E-1,alarm,invalid,false_positive,false_positive,22.34887031167433,env,balanced_train
2026-01-05T04:20:08,E000000008,RADAR_E-1,RADAR,PERIMETER,E-1,PERIM_E-1,alarm,invalid,false_positive,false_positive,22.34887031167433,env,balanced_train
2026-01-05T04:20:08,E000000008,RADAR_E-1,RADAR,PERIMETER,E-1,PERIM_E-1,alarm,invalid,false_positive,false_positive,22.34887031167433,env,balanced_train
2026-01-05T04:20:08,E000000008,RADAR_E-1,RADAR,PERIMETER,E-1,PERIM_E-1,alarm,invalid,false_positive,false_positive,22.34887031167433,env,balanced_train
2026-01-05T04:59:53,E000000029,BREAKWIRE_SKIN_E_WALL,BREAKWIRE,SKIN,BLDG,SKIN_E_WALL,alarm,invalid,false_positive,false_positive,36.01166923702388,env,balanced_train
2026-01-05T04:59:53,E000000029,BREAKWIRE_SKIN_E_WALL,BREAKWIRE,SKIN,BLDG,SKIN_E_WALL,alarm,invalid,false_positive,false_positive,36.01166923702388,env,balanced_train
2026-01-05T04:59:53,E000000029,BREAKWIRE_SKIN_E_WALL,BREAKWIRE,SKIN,BLDG,SKIN_E_WALL,alarm,invalid,false_positive,false_positive,36.01166923702388,env,balanced_train
2026-01-05T04:59:53,E000000029,BREAKWIRE_SKIN_E_WALL,BREAKWIRE,SKIN,BLDG,SKIN_E_WALL,alarm,invalid,false_positive,false_positive,36.01166923702388,env,balanced_train
2026-01-05T04:59:53,E000000029,BREAKWIRE_SKIN_E_WALL,BREAKWIRE,SKIN,BLDG,SKIN_E_WALL,alarm,invalid,false_positive,false_positive,36.01166923702388,env,balanced_train
2026-01-05T04:59:53,E000000029,BREAKWIRE_SKIN_E_WALL,BREAKWIRE,SKIN,BLDG,SKIN_E_WALL,alarm,invalid,false_positive,false_positive,36.01166923702388,env,balanced_train
2026-01-05T04:59:53,E000000029,BREAKWIRE_SKIN_E_WALL,BREAKWIRE,SKIN,BLDG,SKIN_E_WALL,alarm,invalid,false_positive,false_positive,36.01166923702388,env,balanced_train
2026-01-05T04:59:53,E000000029,BREAKWIRE_SKIN_E_WALL,BREAKWIRE,SKIN,BLDG,SKIN_E_WALL,alarm,invalid,false_positive,false_positive,36.01166923702388,env,balanced_train
2026-01-05T04:59:53,E000000029,BREAKWIRE_SKIN_E_WALL,BREAKWIRE,SKIN,BLDG,SKIN_E_WALL,alarm,invalid,false_positive,false_positive,36.01166923702388,env,balanced_train
2026-01-05T04:59:53,E000000029,BREAKWIRE_SKIN_E_WALL,BREAKWIRE,SKIN,BLDG,SKIN_E_WALL,alarm,invalid,false_positive,false_positive,36.01166923702388,env,balanced_train
2026-01-05T04:59:53,E000000029,BREAKWIRE_SKIN_E_WALL,BREAKWIRE,SKIN,BLDG,SKIN_E_WALL,alarm,invalid,false_positive,false_positive,36.01166923702388,env,balanced_train
2026-01-05T04:59:53,E000000029,BREAKWIRE_SKIN_E_WALL,BREAKWIRE,SKIN,BLDG,SKIN_E_WALL,alarm,invalid,false_positive,false_positive,36.01166923702388,env,balanced_train
2026-01-05T07:08:23,E000005936,BMS_SKIN_S_DOOR,BMS,SKIN,BLDG,SKIN_S_DOOR,alarm,valid,normal,benign,15.827803980530181,baseline,balanced_train:shift_in:move_to:ROOM_SECURITY
2026-01-05T07:14:19,E000005575,BMS_ASSET_DOOR,BMS,ASSET,BLDG,ASSET_ROOM,alarm,valid,normal,benign,13.955412333476417,baseline,balanced_train:shift_in:move_to:ASSET_ROOM
2026-01-05T07:22:17,E000005899,PIR_ROOM_S_ENTRY,PIR,INTERIOR,BLDG,ROOM_S_ENTRY,alarm,valid,normal,benign,21.524537907271643,baseline,balanced_train:shift_in:move_to:ROOM_ADMIN
2026-01-05T07:22:43,E000005578,PIR_ROOM_S_ENTRY,PIR,INTERIOR,BLDG,ROOM_S_ENTRY,alarm,valid,normal,benign,16.97687351227872,baseline,balanced_train:shift_in:exit_from:ASSET_ROOM
2026-01-05T07:28:17,E000005834,BMS_SKIN_S_DOOR,BMS,SKIN,BLDG,SKIN_S_DOOR,alarm,valid,normal,benign,16.12090866164628,baseline,balanced_train:shift_in:move_to:ROOM_SECURITY
2026-01-05T07:31:28,E000005554,PIR_ROOM_ADMIN,PIR,INTERIOR,BLDG,ROOM_ADMIN,alarm,valid,normal,benign,6.904688638139344,baseline,balanced_train:shift_in:move_to:ROOM_ADMIN
2026-01-05T07:38:46,E000005526,PIR_ROOM_S_ENTRY,PIR,INTERIOR,BLDG,ROOM_S_ENTRY,alarm,valid,normal,benign,16.799040082961568,baseline,balanced_train:shift_in:exit_from:ROOM_ADMIN
2026-01-05T07:41:27,E000005623,PA_RADAR_S,RADAR,PROTECTED_AREA,S,PA_RADAR_S,alarm,valid,normal,benign,9.823882237101989,baseline,balanced_train:shift_in:move_to:ROOM_SECURITY
2026-01-05T07:47:21,E000005611,ACS_S-AC,ACCESS_CTRL,PERIMETER,S-AC,TURNSTILE_S-AC,alarm,valid,normal,benign,10.198598067915626,baseline,balanced_train:shift_in:turnstile_entry
2026-01-05T07:49:33,E000005706,ACS_S-AC,ACCESS_CTRL,PERIMETER,S-AC,TURNSTILE_S-AC,alarm,valid,normal,benign,4.481185260575282,baseline,balanced_train:shift_in:turnstile_entry
2026-01-05T07:50:36,E000005508,ACS_S-AC,ACCESS_CTRL,PERIMETER,S-AC,TURNSTILE_S-AC,alarm,valid,normal,benign,8.674023758115005,baseline,balanced_train:shift_in:turnstile_entry
2026-01-05T07:50:38,E000005920,PIR_HALL_MAIN,PIR,INTERIOR,BLDG,HALL_MAIN,alarm,valid,normal,benign,17.87455560139884,baseline,balanced_train:shift_in:exit_from:ROOM_ADMIN
2026-01-05T07:51:42,E000005922,BMS_SKIN_S_DOOR,BMS,SKIN,BLDG,SKIN_S_DOOR,alarm,valid,normal,benign,7.386654930466582,baseline,balanced_train:shift_in:exit_from:ROOM_ADMIN
2026-01-05T07:58:22,E000005795,PIR_HALL_MAIN,PIR,INTERIOR,BLDG,HALL_MAIN,alarm,valid,normal,benign,17.473623525811583,baseline,balanced_train:shift_in:move_to:ROOM_ADMIN
2026-01-05T08:08:41,E000005733,PIR_ROOM_S_ENTRY,PIR,INTERIOR,BLDG,ROOM_S_ENTRY,alarm,valid,normal,benign,14.604907868436792,baseline,balanced_train:shift_in:exit_from:ROOM_SECURITY
2026-01-05T08:20:10,E000005516,BMS_SKIN_S_DOOR,BMS,SKIN,BLDG,SKIN_S_DOOR,alarm,valid,normal,benign,16.62434625418865,baseline,balanced_train:shift_in:exit_from:ROOM_SECURITY
2026-01-05T11:05:00,E000006567,PIR_ROOM_ADMIN,PIR,INTERIOR,BLDG,ROOM_ADMIN,alarm,valid,normal,benign,13.995869109935441,baseline,balanced_train:meal_exit:move_to:ROOM_ADMIN
2026-01-05T11:12:14,E000006553,PA_RADAR_S,RADAR,PROTECTED_AREA,S,PA_RADAR_S,alarm,valid,normal,benign,23.94171450533928,baseline,balanced_train:meal_exit:move_to:ASSET_ROOM
2026-01-05T11:28:04,E000006515,PIR_ROOM_S_ENTRY,PIR,INTERIOR,BLDG,ROOM_S_ENTRY,alarm,valid,normal,benign,15.800407605017849,baseline,balanced_train:meal_exit:move_to:ROOM_SECURITY
2026-01-05T11:30:17,E000006575,PIR_HALL_MAIN,PIR,INTERIOR,BLDG,HALL_MAIN,alarm,valid,normal,benign,10.592881863275682,baseline,balanced_train:meal_exit:move_to:ROOM_ADMIN
2026-01-05T11:34:04,E000006461,ACS_S-AC,ACCESS_CTRL,PERIMETER,S-AC,TURNSTILE_S-AC,alarm,valid,normal,benign,17.225441877594417,baseline,balanced_train:meal_exit:turnstile_entry
2026-01-05T11:36:15,E000006792,PIR_HALL_MAIN,PIR,INTERIOR,BLDG,HALL_MAIN,alarm,valid,normal,benign,15.941369360753427,baseline,balanced_train:straggler:move_to:ROOM_SECURITY
2026-01-05T11:40:14,E000006846,BMS_SKIN_S_DOOR,BMS,SKIN,BLDG,SKIN_S_DOOR,alarm,valid,normal,benign,17.622994045873742,baseline,balanced_train:straggler:exit_from:ROOM_ADMIN
2026-01-05T11:40:24,E000006499,BMS_SKIN_S_DOOR,BMS,SKIN,BLDG,SKIN_S_DOOR,alarm,valid,normal,benign,7.089642574187631,baseline,balanced_train:meal_exit:exit_from:ROOM_ADMIN
2026-01-05T11:41:20,E000006848,ACS_S-AC,ACCESS_CTRL,PERIMETER,S-AC,TURNSTILE_S-AC,alarm,valid,normal,benign,20.889486084160996,baseline,balanced_train:straggler:exit_from:ROOM_ADMIN
2026-01-05T11:45:15,E000006491,ACS_S-AC,ACCESS_CTRL,PERIMETER,S-AC,TURNSTILE_S-AC,alarm,valid,normal,benign,13.995340254411284,baseline,balanced_train:meal_exit:exit_from:ROOM_ADMIN
2026-01-05T11:47:24,E000006456,PIR_HALL_MAIN,PIR,INTERIOR,BLDG,HALL_MAIN,alarm,valid,normal,benign,17.645515850354144,baseline,balanced_train:meal_exit:exit_from:ROOM_ADMIN
2026-01-05T11:47:43,E000006577,PIR_HALL_MAIN,PIR,INTERIOR,BLDG,HALL_MAIN,alarm,valid,normal,benign,7.997909876472302,baseline,balanced_train:meal_exit:exit_from:ROOM_ADMIN
2026-01-05T11:49:10,E000006460,ACS_S-AC,ACCESS_CTRL,PERIMETER,S-AC,TURNSTILE_S-AC,alarm,valid,normal,benign,6.262386612254128,baseline,balanced_train:meal_exit:exit_from:ROOM_ADMIN
2026-01-05T11:54:39,E000006797,PA_RADAR_S,RADAR,PROTECTED_AREA,S,PA_RADAR_S,alarm,valid,normal,benign,18.696307084787293,baseline,balanced_train:straggler:exit_from:ROOM_SECURITY
2026-01-05T12:00:11,E000006468,PIR_ROOM_S_ENTRY,PIR,INTERIOR,BLDG,ROOM_S_ENTRY,alarm,valid,normal,benign,14.386640315380092,baseline,balanced_train:meal_exit:exit_from:ROOM_ADMIN
2026-01-05T12:17:40,E000006690,BMS_SKIN_S_DOOR,BMS,SKIN,BLDG,SKIN_S_DOOR,alarm,valid,normal,benign,7.291672240527792,baseline,balanced_train:meal_return:move_to:ROOM_ADMIN
2026-01-05T12:21:33,E000006760,BMS_SKIN_S_DOOR,BMS,SKIN,BLDG,SKIN_S_DOOR,alarm,valid,normal,benign,25.523848913873238,baseline,balanced_train:meal_return:move_to:ROOM_SECURITY
2026-01-05T12:22:15,E000006762,PIR_HALL_MAIN,PIR,INTERIOR,BLDG,HALL_MAIN,alarm,valid,normal,benign,13.540525390993912,baseline,balanced_train:meal_return:move_to:ROOM_SECURITY
2026-01-05T12:24:15,E000006621,ACS_S-AC,ACCESS_CTRL,PERIMETER,S-AC,TURNSTILE_S-AC,alarm,valid,normal,benign,15.469556856436094,baseline,balanced_train:meal_return:turnstile_entry
2026-01-05T12:26:55,E000006679,ACS_S-AC,ACCESS_CTRL,PERIMETER,S-AC,TURNSTILE_S-AC,alarm,valid,normal,benign,12.780296924727818,baseline,balanced_train:meal_return:turnstile_entry
2026-01-05T12:28:19,E000006772,PIR_ROOM_S_ENTRY,PIR,INTERIOR,BLDG,ROOM_S_ENTRY,alarm,valid,normal,benign,11.805991678266803,baseline,balanced_train:meal_return:move_to:ROOM_ADMIN
2026-01-05T12:28:55,E000006661,BMS_SKIN_S_DOOR,BMS,SKIN,BLDG,SKIN_S_DOOR,alarm,valid,normal,benign,27.352989306390672,baseline,balanced_train:meal_return:move_to:ROOM_ADMIN
2026-01-05T12:30:47,E000006612,BMS_SKIN_S_DOOR,BMS,SKIN,BLDG,SKIN_S_DOOR,alarm,valid,normal,benign,21.167420877772912,baseline,balanced_train:meal_return:move_to:ROOM_SECURITY
2026-01-05T12:47:12,E000006739,ACS_S-AC,ACCESS_CTRL,PERIMETER,S-AC,TURNSTILE_S-AC,alarm,valid,normal,benign,10.847137911648868,baseline,balanced_train:meal_return:turnstile_entry
2026-01-05T12:47:55,E000006742,PIR_ROOM_S_ENTRY,PIR,INTERIOR,BLDG,ROOM_S_ENTRY,alarm,valid,normal,benign,15.909666697471705,baseline,balanced_train:meal_return:move_to:ROOM_SECURITY
2026-01-05T13:00:45,E000006677,PA_RADAR_S,RADAR,PROTECTED_AREA,S,PA_RADAR_S,alarm,valid,normal,benign,3.907579836390875,baseline,balanced_train:meal_return:exit_from:ROOM_SECURITY
2026-01-05T13:02:43,E000006728,ACS_S-AC,ACCESS_CTRL,PERIMETER,S-AC,TURNSTILE_S-AC,alarm,valid,normal,benign,14.442986329708216,baseline,balanced_train:meal_return:exit_from:ROOM_SECURITY
2026-01-05T13:12:35,E000006867,PA_RADAR_S,RADAR,PROTECTED_AREA,S,PA_RADAR_S,alarm,valid,normal,benign,15.597784831235657,baseline,balanced_train:straggler:exit_from:ROOM_SECURITY
2026-01-05T13:13:19,E000006828,ACS_S-AC,ACCESS_CTRL,PERIMETER,S-AC,TURNSTILE_S-AC,alarm,valid,normal,benign,22.19114237425909,baseline,balanced_train:straggler:exit_from:ROOM_ADMIN
2026-01-05T13:24:57,E000006832,PIR_ROOM_S_ENTRY,PIR,INTERIOR,BLDG,ROOM_S_ENTRY,alarm,valid,normal,benign,27.264569010147092,baseline,balanced_train:straggler:move_to:ROOM_SECURITY
2026-01-05T15:55:04,E000006267,PIR_HALL_MAIN,PIR,INTERIOR,BLDG,HALL_MAIN,alarm,valid,normal,benign,18.346647596203756,baseline,balanced_train:shift_out:move_to:ROOM_SECURITY
2026-01-05T15:59:34,E000006084,PA_RADAR_S,RADAR,PROTECTED_AREA,S,PA_RADAR_S,alarm,valid,normal,benign,21.468770466549202,baseline,balanced_train:shift_out:move_to:ROOM_SECURITY
2026-01-05T16:04:30,E000006403,PIR_HALL_MAIN,PIR,INTERIOR,BLDG,HALL_MAIN,alarm,valid,normal,benign,19.0722569013818,baseline,balanced_train:shift_out:move_to:ROOM_SECURITY
2026-01-05T16:06:45,E000006032,ACS_S-AC,ACCESS_CTRL,PERIMETER,S-AC,TURNSTILE_S-AC,alarm,valid,normal,benign,11.571304783926228,baseline,balanced_train:shift_out:turnstile_entry
2026-01-05T16:09:49,E000006296,PA_RADAR_S,RADAR,PROTECTED_AREA,S,PA_RADAR_S,alarm,valid,normal,benign,13.661008897354902,baseline,balanced_train:shift_out:move_to:ROOM_ADMIN
2026-01-05T16:13:17,E000006811,BMS_SKIN_S_DOOR,BMS,SKIN,BLDG,SKIN_S_DOOR,alarm,valid,normal,benign,13.520306035423776,baseline,balanced_train:straggler:move_to:ASSET_ROOM
2026-01-05T16:19:48,E000006169,ACS_S-AC,ACCESS_CTRL,PERIMETER,S-AC,TURNSTILE_S-AC,alarm,valid,normal,benign,7.400593280857512,baseline,balanced_train:shift_out:turnstile_entry
2026-01-05T16:22:15,E000006211,PA_RADAR_S,RADAR,PROTECTED_AREA,S,PA_RADAR_S,alarm,valid,normal,benign,20.447934321712196,baseline,balanced_train:shift_out:move_to:ROOM_SECURITY
2026-01-05T16:23:45,E000006413,PIR_HALL_MAIN,PIR,INTERIOR,BLDG,HALL_MAIN,alarm,valid,normal,benign,16.120118387280304,baseline,balanced_train:shift_out:move_to:ROOM_SECURITY
2026-01-05T16:27:27,E000006288,PIR_HALL_MAIN,PIR,INTERIOR,BLDG,HALL_MAIN,alarm,invalid,normal,benign,12.071246854783752,baseline,balanced_train:shift_out:move_to:ROOM_ADMIN
2026-01-05T16:28:29,E000006421,BMS_SKIN_S_DOOR,BMS,SKIN,BLDG,SKIN_S_DOOR,alarm,valid,normal,benign,19.32695422180185,baseline,balanced_train:shift_out:move_to:ROOM_SECURITY
2026-01-05T16:29:35,E000006363,PIR_ROOM_S_ENTRY,PIR,INTERIOR,BLDG,ROOM_S_ENTRY,alarm,valid,normal,benign,14.720787268425472,baseline,balanced_train:shift_out:exit_from:ROOM_ADMIN
2026-01-05T16:30:01,E000006110,PIR_HALL_MAIN,PIR,INTERIOR,BLDG,HALL_MAIN,alarm,valid,normal,benign,13.243408275579274,baseline,balanced_train:shift_out:exit_from:ROOM_ADMIN
2026-01-05T16:31:07,E000005987,PIR_ROOM_S_ENTRY,PIR,INTERIOR,BLDG,ROOM_S_ENTRY,alarm,valid,normal,benign,12.017492829274843,baseline,balanced_train:shift_out:exit_from:ROOM_SECURITY
2026-01-05T16:31:58,E000006017,PIR_ROOM_ADMIN,PIR,INTERIOR,BLDG,ROOM_ADMIN,alarm,valid,normal,benign,15.121476115623787,baseline,balanced_train:shift_out:move_to:ROOM_ADMIN
2026-01-05T16:36:42,E000006380,BMS_SKIN_S_DOOR,BMS,SKIN,BLDG,SKIN_S_DOOR,alarm,valid,normal,benign,0.0,baseline,balanced_train:shift_out:move_to:ROOM_ADMIN
2026-01-05T16:36:45,E000006304,PA_RADAR_S,RADAR,PROTECTED_AREA,S,PA_RADAR_S,alarm,valid,normal,benign,9.113529064437003,baseline,balanced_train:shift_out:exit_from:ROOM_ADMIN
2026-01-05T16:36:58,E000006191,PA_RADAR_S,RADAR,PROTECTED_AREA,S,PA_RADAR_S,alarm,valid,normal,benign,12.491973514249139,baseline,balanced_train:shift_out:move_to:ROOM_ADMIN
2026-01-05T16:39:48,E000006162,PIR_HALL_MAIN,PIR,INTERIOR,BLDG,HALL_MAIN,alarm,valid,normal,benign,16.645968349522185,baseline,balanced_train:shift_out:move_to:ASSET_ROOM
2026-01-05T16:45:18,E000006293,PA_RADAR_S,RADAR,PROTECTED_AREA,S,PA_RADAR_S,alarm,valid,normal,benign,22.519714389053917,baseline,balanced_train:shift_out:exit_from:ROOM_ADMIN
2026-01-05T16:49:20,E000006205,PIR_ASSET_ROOM,PIR,ASSET,BLDG,ASSET_ROOM,alarm,valid,normal,benign,18.970874597689097,baseline,balanced_train:shift_out:move_to:ASSET_ROOM
2026-01-05T16:49:22,E000006018,PIR_HALL_MAIN,PIR,INTERIOR,BLDG,HALL_MAIN,alarm,valid,normal,benign,21.95312374236063,baseline,balanced_train:shift_out:exit_from:ROOM_ADMIN
2026-01-05T16:50:50,E000006052,ACS_S-AC,ACCESS_CTRL,PERIMETER,S-AC,TURNSTILE_S-AC,alarm,valid,normal,benign,8.302300197440342,baseline,balanced_train:shift_out:exit_from:ROOM_ADMIN
2026-01-05T16:51:06,E000006021,ACS_S-AC,ACCESS_CTRL,PERIMETER,S-AC,TURNSTILE_S-AC,alarm,valid,normal,benign,18.725918639351466,baseline,balanced_train:shift_out:exit_from:ROOM_ADMIN
2026-01-05T16:51:38,E000006337,PA_RADAR_S,RADAR,PROTECTED_AREA,S,PA_RADAR_S,alarm,valid,normal,benign,17.19228043426726,baseline,balanced_train:shift_out:move_to:ROOM_SECURITY
2026-01-05T16:52:44,E000005977,BMS_SKIN_S_DOOR,BMS,SKIN,BLDG,SKIN_S_DOOR,alarm,valid,normal,benign,15.621407532130004,baseline,balanced_train:shift_out:exit_from:ROOM_ADMIN
2026-01-05T16:58:19,E000006099,PIR_HALL_MAIN,PIR,INTERIOR,BLDG,HALL_MAIN,alarm,valid,normal,benign,21.32053986882741,baseline,balanced_train:shift_out:exit_from:ROOM_ADMIN
2026-01-05T17:05:23,E000006166,PIR_ROOM_S_ENTRY,PIR,INTERIOR,BLDG,ROOM_S_ENTRY,alarm,valid,normal,benign,5.375388075936474,baseline,balanced_train:shift_out:exit_from:ASSET_ROOM
2026-01-05T17:33:05,E000000010,FENCE_DISTURB_S-0,FENCE_DISTURB,PERIMETER,S-0,PERIM_S-0,alarm,invalid,false_positive,false_positive,27.899298907130945,env,balanced_train
2026-01-05T17:33:05,E000000010,FENCE_DISTURB_S-0,FENCE_DISTURB,PERIMETER,S-0,PERIM_S-0,alarm,invalid,false_positive,false_positive,27.899298907130945,env,balanced_train
2026-01-05T17:33:05,E000000010,FENCE_DISTURB_S-0,FENCE_DISTURB,PERIMETER,S-0,PERIM_S-0,alarm,invalid,false_positive,false_positive,27.899298907130945,env,balanced_train
2026-01-05T17:33:05,E000000010,FENCE_DISTURB_S-0,FENCE_DISTURB,PERIMETER,S-0,PERIM_S-0,alarm,invalid,false_positive,false_positive,27.899298907130945,env,balanced_train
2026-01-05T17:33:05,E000000010,FENCE_DISTURB_S-0,FENCE_DISTURB,PERIMETER,S-0,PERIM_S-0,alarm,invalid,false_positive,false_positive,27.899298907130945,env,balanced_train
2026-01-05T17:33:05,E000000010,FENCE_DISTURB_S-0,FENCE_DISTURB,PERIMETER,S-0,PERIM_S-0,alarm,invalid,false_positive,false_positive,27.899298907130945,env,balanced_train
2026-01-05T17:33:05,E000000010,FENCE_DISTURB_S-0,FENCE_DISTURB,PERIMETER,S-0,PERIM_S-0,alarm,invalid,false_positive,false_positive,27.899298907130945,env,balanced_train
2026-01-05T17:33:05,E000000010,FENCE_DISTURB_S-0,FENCE_DISTURB,PERIMETER,S-0,PERIM_S-0,alarm,invalid,false_positive,false_positive,27.899298907130945,env,balanced_train
2026-01-05T17:33:05,E000000010,FENCE_DISTURB_S-0,FENCE_DISTURB,PERIMETER,S-0,PERIM_S-0,alarm,invalid,false_positive,false_positive,27.899298907130945,env,balanced_train
2026-01-05T17:33:05,E000000010,FENCE_DISTURB_S-0,FENCE_DISTURB,PERIMETER,S-0,PERIM_S-0,alarm,invalid,false_positive,false_positive,27.899298907130945,env,balanced_train
2026-01-05T17:33:05,E000000010,FENCE_DISTURB_S-0,FENCE_DISTURB,PERIMETER,S-0,PERIM_S-0,alarm,invalid,false_positive,false_positive,27.899298907130945,env,balanced_train
2026-01-05T17:33:05,E000000010,FENCE_DISTURB_S-0,FENCE_DISTURB,PERIMETER,S-0,PERIM_S-0,alarm,invalid,false_positive,false_positive,27.899298907130945,env,balanced_train
2026-01-05T17:33:05,E000000010,FENCE_DISTURB_S-0,FENCE_DISTURB,PERIMETER,S-0,PERIM_S-0,alarm,invalid,false_positive,false_positive,27.899298907130945,env,balanced_train
2026-01-05T18:44:23,E000000040,BMS_ASSET_DOOR,BMS,ASSET,BLDG,ASSET_ROOM,alarm,invalid,false_positive,false_positive,26.842641504454914,env,balanced_train
2026-01-05T18:44:23,E000000040,BMS_ASSET_DOOR,BMS,ASSET,BLDG,ASSET_ROOM,alarm,invalid,false_positive,false_positive,26.842641504454914,env,balanced_train
2026-01-05T18:44:23,E000000040,BMS_ASSET_DOOR,BMS,ASSET,BLDG,ASSET_ROOM,alarm,invalid,false_positive,false_positive,26.842641504454914,env,balanced_train
2026-01-05T18:44:23,E000000040,BMS_ASSET_DOOR,BMS,ASSET,BLDG,ASSET_ROOM,alarm,invalid,false_positive,false_positive,26.842641504454914,env,balanced_train
2026-01-05T18:44:23,E000000040,BMS_ASSET_DOOR,BMS,ASSET,BLDG,ASSET_ROOM,alarm,invalid,false_positive,false_positive,26.842641504454914,env,balanced_train
2026-01-05T18:44:23,E000000040,BMS_ASSET_DOOR,BMS,ASSET,BLDG,ASSET_ROOM,alarm,invalid,false_positive,false_positive,26.842641504454914,env,balanced_train
2026-01-05T18:44:23,E000000040,BMS_ASSET_DOOR,BMS,ASSET,BLDG,ASSET_ROOM,alarm,invalid,false_positive,false_positive,26.842641504454914,env,balanced_train
2026-01-05T18:44:23,E000000040,BMS_ASSET_DOOR,BMS,ASSET,BLDG,ASSET_ROOM,alarm,invalid,false_positive,false_positive,26.842641504454914,env,balanced_train
2026-01-05T18:44:23,E000000040,BMS_ASSET_DOOR,BMS,ASSET,BLDG,ASSET_ROOM,alarm,invalid,false_positive,false_positive,26.842641504454914,env,balanced_train
2026-01-05T21:30:25,E000000030,BREAKWIRE_SKIN_W_WALL,BREAKWIRE,SKIN,BLDG,SKIN_W_WALL,alarm,invalid,false_positive,false_positive,17.305309449012096,env,balanced_train
2026-01-05T21:30:25,E000000030,BREAKWIRE_SKIN_W_WALL,BREAKWIRE,SKIN,BLDG,SKIN_W_WALL,alarm,invalid,false_positive,false_positive,17.305309449012096,env,balanced_train
2026-01-05T21:30:25,E000000030,BREAKWIRE_SKIN_W_WALL,BREAKWIRE,SKIN,BLDG,SKIN_W_WALL,alarm,invalid,false_positive,false_positive,17.305309449012096,env,balanced_train
2026-01-05T21:30:25,E000000030,BREAKWIRE_SKIN_W_WALL,BREAKWIRE,SKIN,BLDG,SKIN_W_WALL,alarm,invalid,false_positive,false_positive,17.305309449012096,env,balanced_train
2026-01-05T21:30:25,E000000030,BREAKWIRE_SKIN_W_WALL,BREAKWIRE,SKIN,BLDG,SKIN_W_WALL,alarm,invalid,false_positive,false_positive,17.305309449012096,env,balanced_train
2026-01-05T21:30:25,E000000030,BREAKWIRE_SKIN_W_WALL,BREAKWIRE,SKIN,BLDG,SKIN_W_WALL,alarm,invalid,false_positive,false_positive,17.305309449012096,env,balanced_train
2026-01-05T22:18:07,E000000036,PIR_HALL_MAIN,PIR,INTERIOR,BLDG,HALL_MAIN,alarm,invalid,false_positive,false_positive,18.55116558484779,env,balanced_train
2026-01-05T22:18:07,E000000036,PIR_HALL_MAIN,PIR,INTERIOR,BLDG,HALL_MAIN,alarm,invalid,false_positive,false_positive,18.55116558484779,env,balanced_train
2026-01-05T22:18:07,E000000036,PIR_HALL_MAIN,PIR,INTERIOR,BLDG,HALL_MAIN,alarm,invalid,false_positive,false_positive,18.55116558484779,env,balanced_train
2026-01-05T22:18:07,E000000036,PIR_HALL_MAIN,PIR,INTERIOR,BLDG,HALL_MAIN,alarm,invalid,false_positive,false_positive,18.55116558484779,env,balanced_train
2026-01-05T22:18:07,E000000036,PIR_HALL_MAIN,PIR,INTERIOR,BLDG,HALL_MAIN,alarm,invalid,false_positive,false_positive,18.55116558484779,env,balanced_train
2026-01-05T22:18:07,E000000036,PIR_HALL_MAIN,PIR,INTERIOR,BLDG,HALL_MAIN,alarm,invalid,false_positive,false_positive,18.55116558484779,env,balanced_train
2026-01-05T22:18:07,E000000036,PIR_HALL_MAIN,PIR,INTERIOR,BLDG,HALL_MAIN,alarm,invalid,false_positive,false_positive,18.55116558484779,env,balanced_train
2026-01-05T22:18:07,E000000036,PIR_HALL_MAIN,PIR,INTERIOR,BLDG,HALL_MAIN,alarm,invalid,false_positive,false_positive,18.55116558484779,env,balanced_train
2026-01-05T22:18:07,E000000036,PIR_HALL_MAIN,PIR,INTERIOR,BLDG,HALL_MAIN,alarm,invalid,false_positive,false_positive,18.55116558484779,env,balanced_train
2026-01-05T22:18:07,E000000036,PIR_HALL_MAIN,PIR,INTERIOR,BLDG,HALL_MAIN,alarm,invalid,false_positive,false_positive,18.55116558484779,env,balanced_train
2026-01-05T22:18:07,E000000036,PIR_HALL_MAIN,PIR,INTERIOR,BLDG,HALL_MAIN,alarm,invalid,false_positive,false_positive,18.55116558484779,env,balanced_train
2026-01-05T23:16:32,E000000025,PA_RADAR_W,RADAR,PROTECTED_AREA,W,PA_RADAR_W,alarm,invalid,false_positive,false_positive,27.13173579364994,env,balanced_train
2026-01-05T23:16:32,E000000025,PA_RADAR_W,RADAR,PROTECTED_AREA,W,PA_RADAR_W,alarm,invalid,false_positive,false_positive,27.13173579364994,env,balanced_train
2026-01-05T23:16:32,E000000025,PA_RADAR_W,RADAR,PROTECTED_AREA,W,PA_RADAR_W,alarm,invalid,false_positive,false_positive,27.13173579364994,env,balanced_train
2026-01-05T23:16:32,E000000025,PA_RADAR_W,RADAR,PROTECTED_AREA,W,PA_RADAR_W,alarm,invalid,false_positive,false_positive,27.13173579364994,env,balanced_train
2026-01-05T23:16:32,E000000025,PA_RADAR_W,RADAR,PROTECTED_AREA,W,PA_RADAR_W,alarm,invalid,false_positive,false_positive,27.13173579364994,env,balanced_train
2026-01-05T23:16:32,E000000025,PA_RADAR_W,RADAR,PROTECTED_AREA,W,PA_RADAR_W,alarm,invalid,false_positive,false_positive,27.13173579364994,env,balanced_train
2026-01-05T23:16:32,E000000025,PA_RADAR_W,RADAR,PROTECTED_AREA,W,PA_RADAR_W,alarm,invalid,false_positive,false_positive,27.13173579364994,env,balanced_train
2026-01-05T23:16:32,E000000025,PA_RADAR_W,RADAR,PROTECTED_AREA,W,PA_RADAR_W,alarm,invalid,false_positive,false_positive,27.13173579364994,env,balanced_train
2026-01-05T23:16:32,E000000025,PA_RADAR_W,RADAR,PROTECTED_AREA,W,PA_RADAR_W,alarm,invalid,false_positive,false_positive,27.13173579364994,env,balanced_train
2026-01-05T23:16:32,E000000025,PA_RADAR_W,RADAR,PROTECTED_AREA,W,PA_RADAR_W,alarm,invalid,false_positive,false_positive,27.13173579364994,env,balanced_train
2026-01-05T23:16:32,E000000025,PA_RADAR_W,RADAR,PROTECTED_AREA,W,PA_RADAR_W,alarm,invalid,false_positive,false_positive,27.13173579364994,env,balanced_train
2026-01-05T23:16:32,E000000025,PA_RADAR_W,RADAR,PROTECTED_AREA,W,PA_RADAR_W,alarm,invalid,false_positive,false_positive,27.13173579364994,env,balanced_train
2026-01-05T23:16:32,E000000025,PA_RADAR_W,RADAR,PROTECTED_AREA,W,PA_RADAR_W,alarm,invalid,false_positive,false_positive,27.13173579364994,env,balanced_train
2026-01-05T23:16:32,E000000025,PA_RADAR_W,RADAR,PROTECTED_AREA,W,PA_RADAR_W,alarm,invalid,false_positive,false_positive,27.13173579364994,env,balanced_train
2026-01-05T23:16:32,E000000025,PA_RADAR_W,RADAR,PROTECTED_AREA,W,PA_RADAR_W,alarm,invalid,false_positive,false_positive,27.13173579364994,env,balanced_train
2026-01-05T23:16:32,E000000025,PA_RADAR_W,RADAR,PROTECTED_AREA,W,PA_RADAR_W,alarm,invalid,false_positive,false_positive,27.13173579364994,env,balanced_train
2026-01-05T23:31:47,E000000027,BMS_SKIN_S_WIN1,BMS,SKIN,BLDG,SKIN_S_WIN1,alarm,invalid,false_positive,false_positive,20.43889123731308,env,balanced_train
2026-01-05T23:31:47,E000000027,BMS_SKIN_S_WIN1,BMS,SKIN,BLDG,SKIN_S_WIN1,alarm,invalid,false_positive,false_positive,20.43889123731308,env,balanced_train
2026-01-05T23:31:47,E000000027,BMS_SKIN_S_WIN1,BMS,SKIN,BLDG,SKIN_S_WIN1,alarm,invalid,false_positive,false_positive,20.43889123731308,env,balanced_train
2026-01-05T23:31:47,E000000027,BMS_SKIN_S_WIN1,BMS,SKIN,BLDG,SKIN_S_WIN1,alarm,invalid,false_positive,false_positive,20.43889123731308,env,balanced_train
2026-01-05T23:31:47,E000000027,BMS_SKIN_S_WIN1,BMS,SKIN,BLDG,SKIN_S_WIN1,alarm,invalid,false_positive,false_positive,20.43889123731308,env,balanced_train
2026-01-05T23:31:47,E000000027,BMS_SKIN_S_WIN1,BMS,SKIN,BLDG,SKIN_S_WIN1,alarm,invalid,false_positive,false_positive,20.43889123731308,env,balanced_train
2026-01-05T23:31:47,E000000027,BMS_SKIN_S_WIN1,BMS,SKIN,BLDG,SKIN_S_WIN1,alarm,invalid,false_positive,false_positive,20.43889123731308,env,balanced_train
2026-01-05T23:31:47,E000000027,BMS_SKIN_S_WIN1,BMS,SKIN,BLDG,SKIN_S_WIN1,alarm,invalid,false_positive,false_positive,20.43889123731308,env,balanced_train
2026-01-05T23:31:47,E000000027,BMS_SKIN_S_WIN1,BMS,SKIN,BLDG,SKIN_S_WIN1,alarm,invalid,false_positive,false_positive,20.43889123731308,env,balanced_train
2026-01-05T23:31:47,E000000027,BMS_SKIN_S_WIN1,BMS,SKIN,BLDG,SKIN_S_WIN1,alarm,invalid,false_positive,false_positive,20.43889123731308,env,balanced_train
2026-01-05T23:31:47,E000000027,BMS_SKIN_S_WIN1,BMS,SKIN,BLDG,SKIN_S_WIN1,alarm,invalid,false_positive,false_positive,20.43889123731308,env,balanced_train
2026-01-05T23:31:47,E000000027,BMS_SKIN_S_WIN1,BMS,SKIN,BLDG,SKIN_S_WIN1,alarm,invalid,false_positive,false_positive,20.43889123731308,env,balanced_train
2026-01-05T23:31:47,E000000027,BMS_SKIN_S_WIN1,BMS,SKIN,BLDG,SKIN_S_WIN1,alarm,invalid,false_positive,false_positive,20.43889123731308,env,balanced_train
2026-01-05T23:31:47,E000000027,BMS_SKIN_S_WIN1,BMS,SKIN,BLDG,SKIN_S_WIN1,alarm,invalid,false_positive,false_positive,20.43889123731308,env,balanced_train
2026-01-05T23:31:47,E000000027,BMS_SKIN_S_WIN1,BMS,SKIN,BLDG,SKIN_S_WIN1,alarm,invalid,false_positive,false_positive,20.43889123731308,env,balanced_train
2026-01-05T23:31:47,E000000027,BMS_SKIN_S_WIN1,BMS,SKIN,BLDG,SKIN_S_WIN1,alarm,invalid,false_positive,false_positive,20.43889123731308,env,balanced_train
2026-01-05T23:31:47,E000000027,BMS_SKIN_S_WIN1,BMS,SKIN,BLDG,SKIN_S_WIN1,alarm,invalid,false_positive,false_positive,20.43889123731308,env,balanced_train
2026-01-05T23:31:47,E000000027,BMS_SKIN_S_WIN1,BMS,SKIN,BLDG,SKIN_S_WIN1,alarm,invalid,false_positive,false_positive,20.43889123731308,env,balanced_train
2026-01-06T02:35:57,E000000001,FENCE_DISTURB_N-1,FENCE_DISTURB,PERIMETER,N-1,PERIM_N-1,alarm,invalid,false_positive,false_positive,33.864012747638036,env,balanced_train
2026-01-06T02:35:57,E000000001,FENCE_DISTURB_N-1,FENCE_DISTURB,PERIMETER,N-1,PERIM_N-1,alarm,invalid,false_positive,false_positive,33.864012747638036,env,balanced_train
2026-01-06T02:35:57,E000000001,FENCE_DISTURB_N-1,FENCE_DISTURB,PERIMETER,N-1,PERIM_N-1,alarm,invalid,false_positive,false_positive,33.864012747638036,env,balanced_train
2026-01-06T02:35:57,E000000001,FENCE_DISTURB_N-1,FENCE_DISTURB,PERIMETER,N-1,PERIM_N-1,alarm,invalid,false_positive,false_positive,33.864012747638036,env,balanced_train
2026-01-06T02:35:57,E000000001,FENCE_DISTURB_N-1,FENCE_DISTURB,PERIMETER,N-1,PERIM_N-1,alarm,invalid,false_positive,false_positive,33.864012747638036,env,balanced_train
2026-01-06T02:35:57,E000000001,FENCE_DISTURB_N-1,FENCE_DISTURB,PERIMETER,N-1,PERIM_N-1,alarm,invalid,false_positive,false_positive,33.864012747638036,env,balanced_train
2026-01-06T02:35:57,E000000001,FENCE_DISTURB_N-1,FENCE_DISTURB,PERIMETER,N-1,PERIM_N-1,alarm,invalid,false_positive,false_positive,33.864012747638036,env,balanced_train
2026-01-06T02:35:57,E000000001,FENCE_DISTURB_N-1,FENCE_DISTURB,PERIMETER,N-1,PERIM_N-1,alarm,invalid,false_positive,false_positive,33.864012747638036,env,balanced_train
2026-01-06T02:35:57,E000000001,FENCE_DISTURB_N-1,FENCE_DISTURB,PERIMETER,N-1,PERIM_N-1,alarm,invalid,false_positive,false_positive,33.864012747638036,env,balanced_train
2026-01-06T02:35:57,E000000001,FENCE_DISTURB_N-1,FENCE_DISTURB,PERIMETER,N-1,PERIM_N-1,alarm,invalid,false_positive,false_positive,33.864012747638036,env,balanced_train
2026-01-06T02:35:57,E000000001,FENCE_DISTURB_N-1,FENCE_DISTURB,PERIMETER,N-1,PERIM_N-1,alarm,invalid,false_positive,false_positive,33.864012747638036,env,balanced_train
2026-01-06T02:35:57,E000000001,FENCE_DISTURB_N-1,FENCE_DISTURB,PERIMETER,N-1,PERIM_N-1,alarm,invalid,false_positive,false_positive,33.864012747638036,env,balanced_train
2026-01-06T02:35:57,E000000001,FENCE_DISTURB_N-1,FENCE_DISTURB,PERIMETER,N-1,PERIM_N-1,alarm,invalid,false_positive,false_positive,33.864012747638036,env,balanced_train
2026-01-06T02:35:57,E000000001,FENCE_DISTURB_N-1,FENCE_DISTURB,PERIMETER,N-1,PERIM_N-1,alarm,invalid,false_positive,false_positive,33.864012747638036,env,balanced_train
2026-01-06T02:35:57,E000000001,FENCE_DISTURB_N-1,FENCE_DISTURB,PERIMETER,N-1,PERIM_N-1,alarm,invalid,false_positive,false_positive,33.864012747638036,env,balanced_train
2026-01-06T06:47:47,E000009612,PA_RADAR_S,RADAR,PROTECTED_AREA,S,PA_RADAR_S,alarm,intrusion,intrusion:attack_05:step_01:PA_RADAR_S,intrusion,16.08545780967213,adversary,balanced_train:attack
2026-01-06T06:47:47,E000009612,PA_RADAR_S,RADAR,PROTECTED_AREA,S,PA_RADAR_S,alarm,intrusion,intrusion:attack_05:step_01:PA_RADAR_S,intrusion,16.08545780967213,adversary,balanced_train:attack
2026-01-06T06:47:47,E000009612,PA_RADAR_S,RADAR,PROTECTED_AREA,S,PA_RADAR_S,alarm,intrusion,intrusion:attack_05:step_01:PA_RADAR_S,intrusion,16.08545780967213,adversary,balanced_train:attack
2026-01-06T06:47:47,E000009612,PA_RADAR_S,RADAR,PROTECTED_AREA,S,PA_RADAR_S,alarm,intrusion,intrusion:attack_05:step_01:PA_RADAR_S,intrusion,16.08545780967213,adversary,balanced_train:attack
2026-01-06T06:47:47,E000009612,PA_RADAR_S,RADAR,PROTECTED_AREA,S,PA_RADAR_S,alarm,intrusion,intrusion:attack_05:step_01:PA_RADAR_S,intrusion,16.08545780967213,adversary,balanced_train:attack
2026-01-06T06:47:47,E000009612,PA_RADAR_S,RADAR,PROTECTED_AREA,S,PA_RADAR_S,alarm,intrusion,intrusion:attack_05:step_01:PA_RADAR_S,intrusion,16.08545780967213,adversary,balanced_train:attack
2026-01-06T06:47:47,E000009612,PA_RADAR_S,RADAR,PROTECTED_AREA,S,PA_RADAR_S,alarm,intrusion,intrusion:attack_05:step_01:PA_RADAR_S,intrusion,16.08545780967213,adversary,balanced_train:attack
2026-01-06T06:47:47,E000009612,PA_RADAR_S,RADAR,PROTECTED_AREA,S,PA_RADAR_S,alarm,intrusion,intrusion:attack_05:step_01:PA_RADAR_S,intrusion,16.08545780967213,adversary,balanced_train:attack
2026-01-06T06:47:47,E000009612,PA_RADAR_S,RADAR,PROTECTED_AREA,S,PA_RADAR_S,alarm,intrusion,intrusion:attack_05:step_01:PA_RADAR_S,intrusion,16.08545780967213,adversary,balanced_train:attack
2026-01-06T06:47:47,E000009612,PA_RADAR_S,RADAR,PROTECTED_AREA,S,PA_RADAR_S,alarm,intrusion,intrusion:attack_05:step_01:PA_RADAR_S,intrusion,16.08545780967213,adversary,balanced_train:attack
2026-01-06T06:47:47,E000009612,PA_RADAR_S,RADAR,PROTECTED_AREA,S,PA_RADAR_S,alarm,intrusion,intrusion:attack_05:step_01:PA_RADAR_S,intrusion,16.08545780967213,adversary,balanced_train:attack
2026-01-06T06:47:47,E000009612,PA_RADAR_S,RADAR,PROTECTED_AREA,S,PA_RADAR_S,alarm,intrusion,intrusion:attack_05:step_01:PA_RADAR_S,intrusion,16.08545780967213,adversary,balanced_train:attack
2026-01-06T06:47:47,E000009612,PA_RADAR_S,RADAR,PROTECTED_AREA,S,PA_RADAR_S,alarm,intrusion,intrusion:attack_05:step_01:PA_RADAR_S,intrusion,16.08545780967213,adversary,balanced_train:attack
2026-01-06T06:47:47,E000009612,PA_RADAR_S,RADAR,PROTECTED_AREA,S,PA_RADAR_S,alarm,intrusion,intrusion:attack_05:step_01:PA_RADAR_S,intrusion,16.08545780967213,adversary,balanced_train:attack
2026-01-06T06:47:47,E000009612,PA_RADAR_S,RADAR,PROTECTED_AREA,S,PA_RADAR_S,alarm,intrusion,intrusion:attack_05:step_01:PA_RADAR_S,intrusion,16.08545780967213,adversary,balanced_train:attack
2026-01-06T06:47:47,E000009612,PA_RADAR_S,RADAR,PROTECTED_AREA,S,PA_RADAR_S,alarm,intrusion,intrusion:attack_05:step_01:PA_RADAR_S,intrusion,16.08545780967213,adversary,balanced_train:attack
2026-01-06T06:47:47,E000009612,PA_RADAR_S,RADAR,PROTECTED_AREA,S,PA_RADAR_S,alarm,intrusion,intrusion:attack_05:step_01:PA_RADAR_S,intrusion,16.08545780967213,adversary,balanced_train:attack
2026-01-06T06:47:47,E000009612,PA_RADAR_S,RADAR,PROTECTED_AREA,S,PA_RADAR_S,alarm,intrusion,intrusion:attack_05:step_01:PA_RADAR_S,intrusion,16.08545780967213,adversary,balanced_train:attack
2026-01-06T06:47:47,E000009612,PA_RADAR_S,RADAR,PROTECTED_AREA,S,PA_RADAR_S,alarm,intrusion,intrusion:attack_05:step_01:PA_RADAR_S,intrusion,16.08545780967213,adversary,balanced_train:attack
2026-01-06T06:47:47,E000009612,PA_RADAR_S,RADAR,PROTECTED_AREA,S,PA_RADAR_S,alarm,intrusion,intrusion:attack_05:step_01:PA_RADAR_S,intrusion,16.08545780967213,adversary,balanced_train:attack
2026-01-06T06:47:47,E000009612,PA_RADAR_S,RADAR,PROTECTED_AREA,S,PA_RADAR_S,alarm,intrusion,intrusion:attack_05:step_01:PA_RADAR_S,intrusion,16.08545780967213,adversary,balanced_train:attack
2026-01-06T06:47:47,E000009612,PA_RADAR_S,RADAR,PROTECTED_AREA,S,PA_RADAR_S,alarm,intrusion,intrusion:attack_05:step_01:PA_RADAR_S,intrusion,16.08545780967213,adversary,balanced_train:attack
2026-01-06T06:47:47,E000009612,PA_RADAR_S,RADAR,PROTECTED_AREA,S,PA_RADAR_S,alarm,intrusion,intrusion:attack_05:step_01:PA_RADAR_S,intrusion,16.08545780967213,adversary,balanced_train:attack
2026-01-06T06:47:47,E000009612,PA_RADAR_S,RADAR,PROTECTED_AREA,S,PA_RADAR_S,alarm,intrusion,intrusion:attack_05:step_01:PA_RADAR_S,intrusion,16.08545780967213,adversary,balanced_train:attack
2026-01-06T06:47:47,E000009612,PA_RADAR_S,RADAR,PROTECTED_AREA,S,PA_RADAR_S,alarm,intrusion,intrusion:attack_05:step_01:PA_RADAR_S,intrusion,16.08545780967213,adversary,balanced_train:attack
2026-01-06T06:47:47,E000009612,PA_RADAR_S,RADAR,PROTECTED_AREA,S,PA_RADAR_S,alarm,intrusion,intrusion:attack_05:step_01:PA_RADAR_S,intrusion,16.08545780967213,adversary,balanced_train:attack
2026-01-06T06:47:47,E000009612,PA_RADAR_S,RADAR,PROTECTED_AREA,S,PA_RADAR_S,alarm,intrusion,intrusion:attack_05:step_01:PA_RADAR_S,intrusion,16.08545780967213,adversary,balanced_train:attack
2026-01-06T06:47:47,E000009612,PA_RADAR_S,RADAR,PROTECTED_AREA,S,PA_RADAR_S,alarm,intrusion,intrusion:attack_05:step_01:PA_RADAR_S,intrusion,16.08545780967213,adversary,balanced_train:attack
2026-01-06T06:47:47,E000009612,PA_RADAR_S,RADAR,PROTECTED_AREA,S,PA_RADAR_S,alarm,intrusion,intrusion:attack_05:step_01:PA_RADAR_S,intrusion,16.08545780967213,adversary,balanced_train:attack
2026-01-06T06:47:47,E000009612,PA_RADAR_S,RADAR,PROTECTED_AREA,S,PA_RADAR_S,alarm,intrusion,intrusion:attack_05:step_01:PA_RADAR_S,intrusion,16.08545780967213,adversary,balanced_train:attack
2026-01-06T06:47:47,E000009612,PA_RADAR_S,RADAR,PROTECTED_AREA,S,PA_RADAR_S,alarm,intrusion,intrusion:attack_05:step_01:PA_RADAR_S,intrusion,16.08545780967213,adversary,balanced_train:attack
2026-01-06T06:47:47,E000009612,PA_RADAR_S,RADAR,PROTECTED_AREA,S,PA_RADAR_S,alarm,intrusion,intrusion:attack_05:step_01:PA_RADAR_S,intrusion,16.08545780967213,adversary,balanced_train:attack
2026-01-06T06:51:06,E000006911,ACS_S-AC,ACCESS_CTRL,PERIMETER,S-AC,TURNSTILE_S-AC,alarm,valid,normal,benign,13.574497240129777,baseline,balanced_train:shift_in:turnstile_entry
2026-01-06T07:02:11,E000006927,PIR_ROOM_S_ENTRY,PIR,INTERIOR,BLDG,ROOM_S_ENTRY,alarm,valid,normal,benign,11.107969190252156,baseline,balanced_train:shift_in:exit_from:ROOM_SECURITY
2026-01-06T07:02:19,E000007084,BMS_SKIN_S_DOOR,BMS,SKIN,BLDG,SKIN_S_DOOR,alarm,valid,normal,benign,15.40749306183761,baseline,balanced_train:shift_in:move_to:ROOM_SECURITY
2026-01-06T07:12:01,E000007003,PA_RADAR_S,RADAR,PROTECTED_AREA,S,PA_RADAR_S,alarm,valid,normal,benign,10.472093017971513,baseline,balanced_train:shift_in:move_to:ROOM_ADMIN
2026-01-06T07:15:22,E000007027,PIR_HALL_MAIN,PIR,INTERIOR,BLDG,HALL_MAIN,alarm,valid,normal,benign,22.097879452830384,baseline,balanced_train:shift_in:move_to:ROOM_SECURITY
2026-01-06T07:18:19,E000007066,PIR_ROOM_ADMIN,PIR,INTERIOR,BLDG,ROOM_ADMIN,alarm,valid,normal,benign,13.589302411690358,baseline,balanced_train:shift_in:move_to:ROOM_ADMIN
2026-01-06T07:24:14,E000007048,PIR_HALL_MAIN,PIR,INTERIOR,BLDG,HALL_MAIN,alarm,valid,normal,benign,16.284331506170254,baseline,balanced_train:shift_in:exit_from:ROOM_ADMIN
2026-01-06T07:25:19,E000007050,BMS_SKIN_S_DOOR,BMS,SKIN,BLDG,SKIN_S_DOOR,alarm,valid,normal,benign,11.651054360180403,baseline,balanced_train:shift_in:exit_from:ROOM_ADMIN
2026-01-06T07:25:56,E000000039,PIR_ASSET_ROOM,PIR,ASSET,BLDG,ASSET_ROOM,alarm,invalid,false_positive,false_positive,3.53110125045367,env,balanced_train
2026-01-06T07:25:56,E000000039,PIR_ASSET_ROOM,PIR,ASSET,BLDG,ASSET_ROOM,alarm,invalid,false_positive,false_positive,3.53110125045367,env,balanced_train
2026-01-06T07:25:56,E000000039,PIR_ASSET_ROOM,PIR,ASSET,BLDG,ASSET_ROOM,alarm,invalid,false_positive,false_positive,3.53110125045367,env,balanced_train
2026-01-06T07:25:56,E000000039,PIR_ASSET_ROOM,PIR,ASSET,BLDG,ASSET_ROOM,alarm,invalid,false_positive,false_positive,3.53110125045367,env,balanced_train
2026-01-06T07:25:56,E000000039,PIR_ASSET_ROOM,PIR,ASSET,BLDG,ASSET_ROOM,alarm,invalid,false_positive,false_positive,3.53110125045367,env,balanced_train
2026-01-06T07:25:56,E000000039,PIR_ASSET_ROOM,PIR,ASSET,BLDG,ASSET_ROOM,alarm,invalid,false_positive,false_positive,3.53110125045367,env,balanced_train
2026-01-06T07:25:56,E000000039,PIR_ASSET_ROOM,PIR,ASSET,BLDG,ASSET_ROOM,alarm,invalid,false_positive,false_positive,3.53110125045367,env,balanced_train
2026-01-06T07:25:56,E000000039,PIR_ASSET_ROOM,PIR,ASSET,BLDG,ASSET_ROOM,alarm,invalid,false_positive,false_positive,3.53110125045367,env,balanced_train
2026-01-06T07:25:56,E000000039,PIR_ASSET_ROOM,PIR,ASSET,BLDG,ASSET_ROOM,alarm,invalid,false_positive,false_positive,3.53110125045367,env,balanced_train
2026-01-06T07:25:56,E000000039,PIR_ASSET_ROOM,PIR,ASSET,BLDG,ASSET_ROOM,alarm,invalid,false_positive,false_positive,3.53110125045367,env,balanced_train
2026-01-06T07:25:56,E000000039,PIR_ASSET_ROOM,PIR,ASSET,BLDG,ASSET_ROOM,alarm,invalid,false_positive,false_positive,3.53110125045367,env,balanced_train
2026-01-06T07:25:56,E000000039,PIR_ASSET_ROOM,PIR,ASSET,BLDG,ASSET_ROOM,alarm,invalid,false_positive,false_positive,3.53110125045367,env,balanced_train
2026-01-06T07:25:56,E000000039,PIR_ASSET_ROOM,PIR,ASSET,BLDG,ASSET_ROOM,alarm,invalid,false_positive,false_positive,3.53110125045367,env,balanced_train
2026-01-06T07:25:56,E000000039,PIR_ASSET_ROOM,PIR,ASSET,BLDG,ASSET_ROOM,alarm,invalid,false_positive,false_positive,3.53110125045367,env,balanced_train
2026-01-06T07:25:56,E000000039,PIR_ASSET_ROOM,PIR,ASSET,BLDG,ASSET_ROOM,alarm,invalid,false_positive,false_positive,3.53110125045367,env,balanced_train
2026-01-06T07:27:47,E000007017,PIR_HALL_MAIN,PIR,INTERIOR,BLDG,HALL_MAIN,alarm,valid,normal,benign,9.486663571865956,baseline,balanced_train:shift_in:move_to:ASSET_ROOM
2026-01-06T07:33:54,E000006893,BMS_SKIN_S_DOOR,BMS,SKIN,BLDG,SKIN_S_DOOR,alarm,valid,normal,benign,14.347029296197054,baseline,balanced_train:shift_in:move_to:ROOM_ADMIN
2026-01-06T07:35:12,E000007226,BMS_SKIN_S_DOOR,BMS,SKIN,BLDG,SKIN_S_DOOR,alarm,valid,normal,benign,14.675080903484513,baseline,balanced_train:shift_in:move_to:ROOM_SECURITY
2026-01-06T07:38:59,E000007309,PIR_HALL_MAIN,PIR,INTERIOR,BLDG,HALL_MAIN,alarm,valid,normal,benign,7.9837916886670595,baseline,balanced_train:shift_in:move_to:ROOM_SECURITY
2026-01-06T07:40:14,E000007247,PA_RADAR_S,RADAR,PROTECTED_AREA,S,PA_RADAR_S,alarm,valid,normal,benign,10.881265071465704,baseline,balanced_train:shift_in:move_to:ROOM_SECURITY
2026-01-06T07:43:52,E000007219,PIR_HALL_MAIN,PIR,INTERIOR,BLDG,HALL_MAIN,alarm,valid,normal,benign,10.53503104237383,baseline,balanced_train:shift_in:exit_from:ROOM_SECURITY
2026-01-06T07:48:13,E000007169,PIR_ROOM_S_ENTRY,PIR,INTERIOR,BLDG,ROOM_S_ENTRY,alarm,valid,normal,benign,20.894884393544288,baseline,balanced_train:shift_in:exit_from:ROOM_ADMIN
2026-01-06T07:50:00,E000007127,PIR_ROOM_S_ENTRY,PIR,INTERIOR,BLDG,ROOM_S_ENTRY,alarm,valid,normal,benign,10.336272692694036,baseline,balanced_train:shift_in:exit_from:ROOM_SECURITY
2026-01-06T07:51:09,E000006881,PA_RADAR_S,RADAR,PROTECTED_AREA,S,PA_RADAR_S,alarm,valid,normal,benign,5.3744919300804685,baseline,balanced_train:shift_in:move_to:ROOM_ADMIN
2026-01-06T07:56:20,E000007289,PIR_ROOM_S_ENTRY,PIR,INTERIOR,BLDG,ROOM_S_ENTRY,alarm,valid,normal,benign,7.744668556604418,baseline,balanced_train:shift_in:move_to:ROOM_SECURITY
2026-01-06T07:59:47,E000006910,ACS_S-AC,ACCESS_CTRL,PERIMETER,S-AC,TURNSTILE_S-AC,alarm,valid,normal,benign,3.468400960717723,baseline,balanced_train:shift_in:exit_from:ROOM_ADMIN
2026-01-06T08:03:28,E000007079,BMS_SKIN_S_DOOR,BMS,SKIN,BLDG,SKIN_S_DOOR,alarm,valid,normal,benign,13.745393042601028,baseline,balanced_train:shift_in:exit_from:ROOM_SECURITY
2026-01-06T08:05:14,E000007212,ACS_S-AC,ACCESS_CTRL,PERIMETER,S-AC,TURNSTILE_S-AC,alarm,valid,normal,benign,13.057183350388009,baseline,balanced_train:shift_in:exit_from:ROOM_SECURITY
2026-01-06T08:07:36,E000007277,BMS_SKIN_S_DOOR,BMS,SKIN,BLDG,SKIN_S_DOOR,alarm,valid,normal,benign,12.789621485704913,baseline,balanced_train:shift_in:move_to:ASSET_ROOM
2026-01-06T08:07:53,E000007279,PIR_HALL_MAIN,PIR,INTERIOR,BLDG,HALL_MAIN,alarm,valid,normal,benign,12.708351585824849,baseline,balanced_train:shift_in:move_to:ASSET_ROOM
2026-01-06T08:08:26,E000007281,PIR_ASSET_ROOM,PIR,ASSET,BLDG,ASSET_ROOM,alarm,valid,normal,benign,13.995432983564962,baseline,balanced_train:shift_in:move_to:ASSET_ROOM
2026-01-06T08:13:32,E000006888,BMS_SKIN_S_DOOR,BMS,SKIN,BLDG,SKIN_S_DOOR,alarm,valid,normal,benign,16.10356436756534,baseline,balanced_train:shift_in:exit_from:ROOM_ADMIN
2026-01-06T09:04:01,E000000020,RADAR_W-0,RADAR,PERIMETER,W-0,PERIM_W-0,alarm,invalid,false_positive,false_positive,12.150494035134084,env,balanced_train
2026-01-06T09:04:01,E000000020,RADAR_W-0,RADAR,PERIMETER,W-0,PERIM_W-0,alarm,invalid,false_positive,false_positive,12.150494035134084,env,balanced_train
2026-01-06T09:04:01,E000000020,RADAR_W-0,RADAR,PERIMETER,W-0,PERIM_W-0,alarm,invalid,false_positive,false_positive,12.150494035134084,env,balanced_train
2026-01-06T09:04:01,E000000020,RADAR_W-0,RADAR,PERIMETER,W-0,PERIM_W-0,alarm,invalid,false_positive,false_positive,12.150494035134084,env,balanced_train
2026-01-06T09:04:01,E000000020,RADAR_W-0,RADAR,PERIMETER,W-0,PERIM_W-0,alarm,invalid,false_positive,false_positive,12.150494035134084,env,balanced_train
2026-01-06T09:04:01,E000000020,RADAR_W-0,RADAR,PERIMETER,W-0,PERIM_W-0,alarm,invalid,false_positive,false_positive,12.150494035134084,env,balanced_train
2026-01-06T09:04:01,E000000020,RADAR_W-0,RADAR,PERIMETER,W-0,PERIM_W-0,alarm,invalid,false_positive,false_positive,12.150494035134084,env,balanced_train
2026-01-06T09:04:01,E000000020,RADAR_W-0,RADAR,PERIMETER,W-0,PERIM_W-0,alarm,invalid,false_positive,false_positive,12.150494035134084,env,balanced_train
2026-01-06T09:04:01,E000000020,RADAR_W-0,RADAR,PERIMETER,W-0,PERIM_W-0,alarm,invalid,false_positive,false_positive,12.150494035134084,env,balanced_train
2026-01-06T09:04:01,E000000020,RADAR_W-0,RADAR,PERIMETER,W-0,PERIM_W-0,alarm,invalid,false_positive,false_positive,12.150494035134084,env,balanced_train
2026-01-06T09:04:01,E000000020,RADAR_W-0,RADAR,PERIMETER,W-0,PERIM_W-0,alarm,invalid,false_positive,false_positive,12.150494035134084,env,balanced_train
2026-01-06T09:04:01,E000000020,RADAR_W-0,RADAR,PERIMETER,W-0,PERIM_W-0,alarm,invalid,false_positive,false_positive,12.150494035134084,env,balanced_train
2026-01-06T09:04:01,E000000020,RADAR_W-0,RADAR,PERIMETER,W-0,PERIM_W-0,alarm,invalid,false_positive,false_positive,12.150494035134084,env,balanced_train
2026-01-06T10:01:04,E000000013,RADAR_S-0,RADAR,PERIMETER,S-0,PERIM_S-0,alarm,invalid,false_positive,false_positive,26.107050808004338,env,balanced_train
2026-01-06T10:01:04,E000000013,RADAR_S-0,RADAR,PERIMETER,S-0,PERIM_S-0,alarm,invalid,false_positive,false_positive,26.107050808004338,env,balanced_train
2026-01-06T10:01:04,E000000013,RADAR_S-0,RADAR,PERIMETER,S-0,PERIM_S-0,alarm,invalid,false_positive,false_positive,26.107050808004338,env,balanced_train
2026-01-06T10:01:04,E000000013,RADAR_S-0,RADAR,PERIMETER,S-0,PERIM_S-0,alarm,invalid,false_positive,false_positive,26.107050808004338,env,balanced_train
2026-01-06T10:01:04,E000000013,RADAR_S-0,RADAR,PERIMETER,S-0,PERIM_S-0,alarm,invalid,false_positive,false_positive,26.107050808004338,env,balanced_train
2026-01-06T10:01:04,E000000013,RADAR_S-0,RADAR,PERIMETER,S-0,PERIM_S-0,alarm,invalid,false_positive,false_positive,26.107050808004338,env,balanced_train
2026-01-06T10:01:04,E000000013,RADAR_S-0,RADAR,PERIMETER,S-0,PERIM_S-0,alarm,invalid,false_positive,false_positive,26.107050808004338,env,balanced_train
2026-01-06T10:01:04,E000000013,RADAR_S-0,RADAR,PERIMETER,S-0,PERIM_S-0,alarm,invalid,false_positive,false_positive,26.107050808004338,env,balanced_train
2026-01-06T10:01:04,E000000013,RADAR_S-0,RADAR,PERIMETER,S-0,PERIM_S-0,alarm,invalid,false_positive,false_positive,26.107050808004338,env,balanced_train
2026-01-06T10:01:04,E000000013,RADAR_S-0,RADAR,PERIMETER,S-0,PERIM_S-0,alarm,invalid,false_positive,false_positive,26.107050808004338,env,balanced_train
2026-01-06T10:01:04,E000000013,RADAR_S-0,RADAR,PERIMETER,S-0,PERIM_S-0,alarm,invalid,false_positive,false_positive,26.107050808004338,env,balanced_train
2026-01-06T10:01:04,E000000013,RADAR_S-0,RADAR,PERIMETER,S-0,PERIM_S-0,alarm,invalid,false_positive,false_positive,26.107050808004338,env,balanced_train
2026-01-06T10:04:25,E000000026,BMS_SKIN_W_DOOR,BMS,SKIN,BLDG,SKIN_W_DOOR,alarm,invalid,false_positive,false_positive,28.922003981501454,env,balanced_train
2026-01-06T10:04:25,E000000026,BMS_SKIN_W_DOOR,BMS,SKIN,BLDG,SKIN_W_DOOR,alarm,invalid,false_positive,false_positive,28.922003981501454,env,balanced_train
2026-01-06T10:04:25,E000000026,BMS_SKIN_W_DOOR,BMS,SKIN,BLDG,SKIN_W_DOOR,alarm,invalid,false_positive,false_positive,28.922003981501454,env,balanced_train
2026-01-06T10:04:25,E000000026,BMS_SKIN_W_DOOR,BMS,SKIN,BLDG,SKIN_W_DOOR,alarm,invalid,false_positive,false_positive,28.922003981501454,env,balanced_train
2026-01-06T10:04:25,E000000026,BMS_SKIN_W_DOOR,BMS,SKIN,BLDG,SKIN_W_DOOR,alarm,invalid,false_positive,false_positive,28.922003981501454,env,balanced_train
2026-01-06T10:04:25,E000000026,BMS_SKIN_W_DOOR,BMS,SKIN,BLDG,SKIN_W_DOOR,alarm,invalid,false_positive,false_positive,28.922003981501454,env,balanced_train
2026-01-06T10:04:25,E000000026,BMS_SKIN_W_DOOR,BMS,SKIN,BLDG,SKIN_W_DOOR,alarm,invalid,false_positive,false_positive,28.922003981501454,env,balanced_train
2026-01-06T10:04:25,E000000026,BMS_SKIN_W_DOOR,BMS,SKIN,BLDG,SKIN_W_DOOR,alarm,invalid,false_positive,false_positive,28.922003981501454,env,balanced_train
2026-01-06T10:04:25,E000000026,BMS_SKIN_W_DOOR,BMS,SKIN,BLDG,SKIN_W_DOOR,alarm,invalid,false_positive,false_positive,28.922003981501454,env,balanced_train
2026-01-06T10:04:25,E000000026,BMS_SKIN_W_DOOR,BMS,SKIN,BLDG,SKIN_W_DOOR,alarm,invalid,false_positive,false_positive,28.922003981501454,env,balanced_train
2026-01-06T10:04:25,E000000026,BMS_SKIN_W_DOOR,BMS,SKIN,BLDG,SKIN_W_DOOR,alarm,invalid,false_positive,false_positive,28.922003981501454,env,balanced_train
2026-01-06T10:04:25,E000000026,BMS_SKIN_W_DOOR,BMS,SKIN,BLDG,SKIN_W_DOOR,alarm,invalid,false_positive,false_positive,28.922003981501454,env,balanced_train
2026-01-06T11:17:27,E000007962,ACS_S-AC,ACCESS_CTRL,PERIMETER,S-AC,TURNSTILE_S-AC,alarm,valid,normal,benign,10.318534004266564,baseline,balanced_train:meal_exit:turnstile_entry
2026-01-06T11:27:09,E000007865,PIR_ROOM_S_ENTRY,PIR,INTERIOR,BLDG,ROOM_S_ENTRY,alarm,valid,normal,benign,14.463059546217337,baseline,balanced_train:meal_exit:move_to:ROOM_ADMIN
2026-01-06T11:33:14,E000007842,PA_RADAR_S,RADAR,PROTECTED_AREA,S,PA_RADAR_S,alarm,valid,normal,benign,14.443535832890735,baseline,balanced_train:meal_exit:move_to:ROOM_SECURITY
2026-01-06T11:33:48,E000007844,PIR_ROOM_S_ENTRY,PIR,INTERIOR,BLDG,ROOM_S_ENTRY,alarm,valid,normal,benign,14.339502504870035,baseline,balanced_train:meal_exit:move_to:ROOM_SECURITY
2026-01-06T11:34:55,E000007846,PIR_ROOM_SECURITY,PIR,INTERIOR,BLDG,ROOM_SECURITY,alarm,valid,normal,benign,22.97203322380018,baseline,balanced_train:meal_exit:move_to:ROOM_SECURITY
2026-01-06T11:37:45,E000007890,ACS_S-AC,ACCESS_CTRL,PERIMETER,S-AC,TURNSTILE_S-AC,alarm,valid,normal,benign,9.28645100865339,baseline,balanced_train:meal_exit:exit_from:ROOM_ADMIN
2026-01-06T11:42:18,E000007969,PA_RADAR_S,RADAR,PROTECTED_AREA,S,PA_RADAR_S,alarm,valid,normal,benign,5.194333121951923,baseline,balanced_train:meal_exit:exit_from:ROOM_ADMIN
2026-01-06T11:45:43,E000007817,PIR_ROOM_S_ENTRY,PIR,INTERIOR,BLDG,ROOM_S_ENTRY,alarm,valid,normal,benign,20.737574069723927,baseline,balanced_train:meal_exit:exit_from:ASSET_ROOM
2026-01-06T11:49:53,E000007898,PIR_ROOM_S_ENTRY,PIR,INTERIOR,BLDG,ROOM_S_ENTRY,alarm,valid,normal,benign,17.399781411135923,baseline,balanced_train:meal_exit:exit_from:ROOM_SECURITY
2026-01-06T12:10:03,E000007948,BMS_SKIN_S_DOOR,BMS,SKIN,BLDG,SKIN_S_DOOR,alarm,valid,normal,benign,18.624725321375653,baseline,balanced_train:meal_exit:exit_from:ROOM_ADMIN
2026-01-06T12:20:43,E000008005,PIR_ROOM_S_ENTRY,PIR,INTERIOR,BLDG,ROOM_S_ENTRY,alarm,valid,normal,benign,5.147016127867024,baseline,balanced_train:meal_return:move_to:ROOM_ADMIN
2026-01-06T12:28:00,E000008071,ACS_S-AC,ACCESS_CTRL,PERIMETER,S-AC,TURNSTILE_S-AC,alarm,valid,normal,benign,12.323698971526674,baseline,balanced_train:meal_return:turnstile_entry
2026-01-06T12:32:12,E000007978,BMS_SKIN_S_DOOR,BMS,SKIN,BLDG,SKIN_S_DOOR,alarm,valid,normal,benign,20.2304417766229,baseline,balanced_train:meal_return:exit_from:ROOM_SECURITY
2026-01-06T12:41:43,E000008063,ACS_S-AC,ACCESS_CTRL,PERIMETER,S-AC,TURNSTILE_S-AC,alarm,valid,normal,benign,18.997521643794965,baseline,balanced_train:meal_return:turnstile_entry
2026-01-06T12:42:23,E000008040,PA_RADAR_S,RADAR,PROTECTED_AREA,S,PA_RADAR_S,alarm,valid,normal,benign,12.972883967157323,baseline,balanced_train:meal_return:exit_from:ROOM_SECURITY
2026-01-06T12:45:17,E000008094,BMS_SKIN_S_DOOR,BMS,SKIN,BLDG,SKIN_S_DOOR,alarm,valid,normal,benign,13.849239633429342,baseline,balanced_train:meal_return:move_to:ROOM_SECURITY
2026-01-06T12:57:33,E000008080,PA_RADAR_S,RADAR,PROTECTED_AREA,S,PA_RADAR_S,alarm,valid,normal,benign,21.558356048117567,baseline,balanced_train:meal_return:exit_from:ROOM_ADMIN
2026-01-06T13:01:33,E000008105,BMS_SKIN_S_DOOR,BMS,SKIN,BLDG,SKIN_S_DOOR,alarm,valid,normal,benign,11.48444424966565,baseline,balanced_train:meal_return:move_to:ROOM_SECURITY
2026-01-06T15:20:24,E000008180,ACS_S-AC,ACCESS_CTRL,PERIMETER,S-AC,TURNSTILE_S-AC,alarm,valid,normal,benign,6.962783708980346,baseline,balanced_train:straggler:turnstile_entry
2026-01-06T15:46:16,E000007583,ACS_S-AC,ACCESS_CTRL,PERIMETER,S-AC,TURNSTILE_S-AC,alarm,valid,normal,benign,19.801900476031197,baseline,balanced_train:shift_out:turnstile_entry
2026-01-06T15:47:42,E000007587,PIR_HALL_MAIN,PIR,INTERIOR,BLDG,HALL_MAIN,alarm,valid,normal,benign,13.011926076305377,baseline,balanced_train:shift_out:move_to:ROOM_SECURITY
2026-01-06T16:16:52,E000007595,PA_RADAR_S,RADAR,PROTECTED_AREA,S,PA_RADAR_S,alarm,valid,normal,benign,17.731168992016695,baseline,balanced_train:shift_out:move_to:ROOM_SECURITY
2026-01-06T16:23:46,E000007637,BMS_SKIN_S_DOOR,BMS,SKIN,BLDG,SKIN_S_DOOR,alarm,valid,normal,benign,16.427411313791954,baseline,balanced_train:shift_out:move_to:ROOM_SECURITY
2026-01-06T16:25:39,E000007526,PA_RADAR_S,RADAR,PROTECTED_AREA,S,PA_RADAR_S,alarm,valid,normal,benign,15.088161711372063,baseline,balanced_train:shift_out:exit_from:ROOM_ADMIN
2026-01-06T16:30:24,E000007469,ACS_S-AC,ACCESS_CTRL,PERIMETER,S-AC,TURNSTILE_S-AC,alarm,valid,normal,benign,8.72819362404057,baseline,balanced_train:shift_out:turnstile_entry
2026-01-06T16:33:27,E000007575,PIR_ROOM_S_ENTRY,PIR,INTERIOR,BLDG,ROOM_S_ENTRY,alarm,valid,normal,benign,17.4217788083892,baseline,balanced_train:shift_out:move_to:ROOM_ADMIN
2026-01-06T16:34:29,E000007600,PIR_HALL_MAIN,PIR,INTERIOR,BLDG,HALL_MAIN,alarm,valid,normal,benign,15.442870291774575,baseline,balanced_train:shift_out:exit_from:ROOM_SECURITY
2026-01-06T16:34:41,E000007601,PIR_ROOM_S_ENTRY,PIR,INTERIOR,BLDG,ROOM_S_ENTRY,alarm,valid,normal,benign,6.946727207056384,baseline,balanced_train:shift_out:exit_from:ROOM_SECURITY
2026-01-06T16:36:20,E000007582,ACS_S-AC,ACCESS_CTRL,PERIMETER,S-AC,TURNSTILE_S-AC,alarm,valid,normal,benign,12.099228234825613,baseline,balanced_train:shift_out:exit_from:ROOM_ADMIN
2026-01-06T16:40:36,E000007479,PA_RADAR_S,RADAR,PROTECTED_AREA,S,PA_RADAR_S,alarm,valid,normal,benign,21.069056967238865,baseline,balanced_train:shift_out:move_to:ROOM_SECURITY
2026-01-06T16:42:03,E000000009,RADAR_E-1,RADAR,PERIMETER,E-1,PERIM_E-1,alarm,invalid,false_positive,false_positive,21.78149190041346,env,balanced_train
2026-01-06T16:42:03,E000000009,RADAR_E-1,RADAR,PERIMETER,E-1,PERIM_E-1,alarm,invalid,false_positive,false_positive,21.78149190041346,env,balanced_train
2026-01-06T16:42:03,E000000009,RADAR_E-1,RADAR,PERIMETER,E-1,PERIM_E-1,alarm,invalid,false_positive,false_positive,21.78149190041346,env,balanced_train
2026-01-06T16:42:03,E000000009,RADAR_E-1,RADAR,PERIMETER,E-1,PERIM_E-1,alarm,invalid,false_positive,false_positive,21.78149190041346,env,balanced_train
2026-01-06T16:42:03,E000000009,RADAR_E-1,RADAR,PERIMETER,E-1,PERIM_E-1,alarm,invalid,false_positive,false_positive,21.78149190041346,env,balanced_train
2026-01-06T16:42:03,E000000009,RADAR_E-1,RADAR,PERIMETER,E-1,PERIM_E-1,alarm,invalid,false_positive,false_positive,21.78149190041346,env,balanced_train
2026-01-06T16:42:03,E000000009,RADAR_E-1,RADAR,PERIMETER,E-1,PERIM_E-1,alarm,invalid,false_positive,false_positive,21.78149190041346,env,balanced_train
2026-01-06T16:42:03,E000000009,RADAR_E-1,RADAR,PERIMETER,E-1,PERIM_E-1,alarm,invalid,false_positive,false_positive,21.78149190041346,env,balanced_train
2026-01-06T16:42:03,E000000009,RADAR_E-1,RADAR,PERIMETER,E-1,PERIM_E-1,alarm,invalid,false_positive,false_positive,21.78149190041346,env,balanced_train
2026-01-06T16:42:03,E000000009,RADAR_E-1,RADAR,PERIMETER,E-1,PERIM_E-1,alarm,invalid,false_positive,false_positive,21.78149190041346,env,balanced_train
2026-01-06T16:42:03,E000000009,RADAR_E-1,RADAR,PERIMETER,E-1,PERIM_E-1,alarm,invalid,false_positive,false_positive,21.78149190041346,env,balanced_train
2026-01-06T16:42:03,E000000009,RADAR_E-1,RADAR,PERIMETER,E-1,PERIM_E-1,alarm,invalid,false_positive,false_positive,21.78149190041346,env,balanced_train
2026-01-06T16:42:03,E000000009,RADAR_E-1,RADAR,PERIMETER,E-1,PERIM_E-1,alarm,invalid,false_positive,false_positive,21.78149190041346,env,balanced_train
2026-01-06T16:42:03,E000000009,RADAR_E-1,RADAR,PERIMETER,E-1,PERIM_E-1,alarm,invalid,false_positive,false_positive,21.78149190041346,env,balanced_train
2026-01-06T16:42:03,E000000009,RADAR_E-1,RADAR,PERIMETER,E-1,PERIM_E-1,alarm,invalid,false_positive,false_positive,21.78149190041346,env,balanced_train
2026-01-06T16:42:03,E000000009,RADAR_E-1,RADAR,PERIMETER,E-1,PERIM_E-1,alarm,invalid,false_positive,false_positive,21.78149190041346,env,balanced_train
2026-01-06T16:42:03,E000000009,RADAR_E-1,RADAR,PERIMETER,E-1,PERIM_E-1,alarm,invalid,false_positive,false_positive,21.78149190041346,env,balanced_train
2026-01-06T16:42:03,E000000009,RADAR_E-1,RADAR,PERIMETER,E-1,PERIM_E-1,alarm,invalid,false_positive,false_positive,21.78149190041346,env,balanced_train
2026-01-06T16:42:03,E000000009,RADAR_E-1,RADAR,PERIMETER,E-1,PERIM_E-1,alarm,invalid,false_positive,false_positive,21.78149190041346,env,balanced_train
2026-01-06T16:42:03,E000000009,RADAR_E-1,RADAR,PERIMETER,E-1,PERIM_E-1,alarm,invalid,false_positive,false_positive,21.78149190041346,env,balanced_train
2026-01-06T16:42:03,E000000009,RADAR_E-1,RADAR,PERIMETER,E-1,PERIM_E-1,alarm,invalid,false_positive,false_positive,21.78149190041346,env,balanced_train
2026-01-06T16:42:03,E000000009,RADAR_E-1,RADAR,PERIMETER,E-1,PERIM_E-1,alarm,invalid,false_positive,false_positive,21.78149190041346,env,balanced_train
2026-01-06T16:43:25,E000007771,PA_RADAR_S,RADAR,PROTECTED_AREA,S,PA_RADAR_S,alarm,valid,normal,benign,3.802980199782839,baseline,balanced_train:shift_out:move_to:ROOM_ADMIN
2026-01-06T16:43:50,E000007530,BMS_SKIN_S_DOOR,BMS,SKIN,BLDG,SKIN_S_DOOR,alarm,valid,normal,benign,17.319993047383747,baseline,balanced_train:shift_out:move_to:ROOM_SECURITY
2026-01-06T16:46:16,E000007702,PIR_ROOM_S_ENTRY,PIR,INTERIOR,BLDG,ROOM_S_ENTRY,alarm,valid,normal,benign,9.65549904679287,baseline,balanced_train:shift_out:exit_from:ROOM_SECURITY
2026-01-06T16:47:05,E000007786,BMS_SKIN_S_DOOR,BMS,SKIN,BLDG,SKIN_S_DOOR,alarm,valid,normal,benign,13.301645967811984,baseline,balanced_train:shift_out:exit_from:ROOM_ADMIN
2026-01-06T16:48:45,E000007544,PIR_ROOM_ADMIN,PIR,INTERIOR,BLDG,ROOM_ADMIN,alarm,valid,normal,benign,9.509708473619988,baseline,balanced_train:shift_out:move_to:ROOM_ADMIN
2026-01-06T16:49:50,E000007684,BMS_SKIN_S_DOOR,BMS,SKIN,BLDG,SKIN_S_DOOR,alarm,valid,normal,benign,22.569123518911656,baseline,balanced_train:shift_out:exit_from:ROOM_ADMIN
2026-01-06T16:52:03,E000000031,BREAKWIRE_SKIN_W_WALL,BREAKWIRE,SKIN,BLDG,SKIN_W_WALL,alarm,valid,false_positive,false_positive,18.919818293798453,env,balanced_train
2026-01-06T16:52:03,E000000031,BREAKWIRE_SKIN_W_WALL,BREAKWIRE,SKIN,BLDG,SKIN_W_WALL,alarm,valid,false_positive,false_positive,18.919818293798453,env,balanced_train
2026-01-06T16:52:03,E000000031,BREAKWIRE_SKIN_W_WALL,BREAKWIRE,SKIN,BLDG,SKIN_W_WALL,alarm,valid,false_positive,false_positive,18.919818293798453,env,balanced_train
2026-01-06T16:52:03,E000000031,BREAKWIRE_SKIN_W_WALL,BREAKWIRE,SKIN,BLDG,SKIN_W_WALL,alarm,valid,false_positive,false_positive,18.919818293798453,env,balanced_train
2026-01-06T16:52:03,E000000031,BREAKWIRE_SKIN_W_WALL,BREAKWIRE,SKIN,BLDG,SKIN_W_WALL,alarm,valid,false_positive,false_positive,18.919818293798453,env,balanced_train
2026-01-06T16:52:03,E000000031,BREAKWIRE_SKIN_W_WALL,BREAKWIRE,SKIN,BLDG,SKIN_W_WALL,alarm,valid,false_positive,false_positive,18.919818293798453,env,balanced_train
2026-01-06T16:52:03,E000000031,BREAKWIRE_SKIN_W_WALL,BREAKWIRE,SKIN,BLDG,SKIN_W_WALL,alarm,valid,false_positive,false_positive,18.919818293798453,env,balanced_train
2026-01-06T16:56:22,E000007725,PA_RADAR_S,RADAR,PROTECTED_AREA,S,PA_RADAR_S,alarm,valid,normal,benign,22.16988555963892,baseline,balanced_train:shift_out:exit_from:ASSET_ROOM
2026-01-06T16:57:38,E000007714,BMS_SKIN_S_DOOR,BMS,SKIN,BLDG,SKIN_S_DOOR,alarm,valid,normal,benign,21.85585597094031,baseline,balanced_train:shift_out:exit_from:ROOM_SECURITY
2026-01-06T16:59:17,E000007567,PIR_HALL_MAIN,PIR,INTERIOR,BLDG,HALL_MAIN,alarm,valid,normal,benign,18.844087048320542,baseline,balanced_train:shift_out:exit_from:ROOM_SECURITY
2026-01-06T16:59:51,E000007612,PIR_ROOM_S_ENTRY,PIR,INTERIOR,BLDG,ROOM_S_ENTRY,alarm,valid,normal,benign,23.29770175420926,baseline,balanced_train:shift_out:exit_from:ROOM_ADMIN
2026-01-06T16:59:56,E000007570,PA_RADAR_S,RADAR,PROTECTED_AREA,S,PA_RADAR_S,alarm,valid,normal,benign,22.147525888351197,baseline,balanced_train:shift_out:exit_from:ROOM_SECURITY
2026-01-06T17:00:36,E000007614,PA_RADAR_S,RADAR,PROTECTED_AREA,S,PA_RADAR_S,alarm,valid,normal,benign,12.894104140215966,baseline,balanced_train:shift_out:exit_from:ROOM_ADMIN
2026-01-06T17:07:23,E000007695,ACS_S-AC,ACCESS_CTRL,PERIMETER,S-AC,TURNSTILE_S-AC,alarm,valid,normal,benign,20.05926265280776,baseline,balanced_train:shift_out:exit_from:ROOM_ADMIN
2026-01-06T17:07:40,E000007674,PA_RADAR_S,RADAR,PROTECTED_AREA,S,PA_RADAR_S,alarm,valid,normal,benign,22.843688558123777,baseline,balanced_train:shift_out:exit_from:ROOM_ADMIN
2026-01-06T17:10:37,E000007393,PIR_ROOM_S_ENTRY,PIR,INTERIOR,BLDG,ROOM_S_ENTRY,alarm,valid,normal,benign,12.414251765050613,baseline,balanced_train:shift_out:exit_from:ROOM_ADMIN
2026-01-06T17:11:23,E000007395,PA_RADAR_S,RADAR,PROTECTED_AREA,S,PA_RADAR_S,alarm,valid,normal,benign,24.87343330842849,baseline,balanced_train:shift_out:exit_from:ROOM_ADMIN
2026-01-06T17:17:56,E000007733,PIR_HALL_MAIN,PIR,INTERIOR,BLDG,HALL_MAIN,alarm,valid,normal,benign,20.780184486028467,baseline,balanced_train:shift_out:exit_from:ROOM_ADMIN
2026-01-06T17:23:39,E000007761,BMS_SKIN_S_DOOR,BMS,SKIN,BLDG,SKIN_S_DOOR,alarm,valid,normal,benign,13.473142870615344,baseline,balanced_train:shift_out:move_to:ROOM_ADMIN
2026-01-06T17:23:49,E000007763,PIR_HALL_MAIN,PIR,INTERIOR,BLDG,HALL_MAIN,alarm,valid,normal,benign,18.09582843620344,baseline,balanced_train:shift_out:move_to:ROOM_ADMIN
2026-01-06T17:34:54,E000007769,ACS_S-AC,ACCESS_CTRL,PERIMETER,S-AC,TURNSTILE_S-AC,alarm,valid,normal,benign,17.609577692726084,baseline,balanced_train:shift_out:exit_from:ROOM_ADMIN
2026-01-06T20:36:56,E000000014,RADAR_S-0,RADAR,PERIMETER,S-0,PERIM_S-0,alarm,invalid,false_positive,false_positive,19.66838539239317,env,balanced_train
2026-01-06T20:36:56,E000000014,RADAR_S-0,RADAR,PERIMETER,S-0,PERIM_S-0,alarm,invalid,false_positive,false_positive,19.66838539239317,env,balanced_train
2026-01-06T20:36:56,E000000014,RADAR_S-0,RADAR,PERIMETER,S-0,PERIM_S-0,alarm,invalid,false_positive,false_positive,19.66838539239317,env,balanced_train
2026-01-06T20:36:56,E000000014,RADAR_S-0,RADAR,PERIMETER,S-0,PERIM_S-0,alarm,invalid,false_positive,false_positive,19.66838539239317,env,balanced_train
2026-01-06T20:36:56,E000000014,RADAR_S-0,RADAR,PERIMETER,S-0,PERIM_S-0,alarm,invalid,false_positive,false_positive,19.66838539239317,env,balanced_train
2026-01-06T20:36:56,E000000014,RADAR_S-0,RADAR,PERIMETER,S-0,PERIM_S-0,alarm,invalid,false_positive,false_positive,19.66838539239317,env,balanced_train
2026-01-06T20:36:56,E000000014,RADAR_S-0,RADAR,PERIMETER,S-0,PERIM_S-0,alarm,invalid,false_positive,false_positive,19.66838539239317,env,balanced_train
2026-01-06T20:36:56,E000000014,RADAR_S-0,RADAR,PERIMETER,S-0,PERIM_S-0,alarm,invalid,false_positive,false_positive,19.66838539239317,env,balanced_train
2026-01-06T20:36:56,E000000014,RADAR_S-0,RADAR,PERIMETER,S-0,PERIM_S-0,alarm,invalid,false_positive,false_positive,19.66838539239317,env,balanced_train
2026-01-06T20:36:56,E000000014,RADAR_S-0,RADAR,PERIMETER,S-0,PERIM_S-0,alarm,invalid,false_positive,false_positive,19.66838539239317,env,balanced_train
2026-01-06T20:36:56,E000000014,RADAR_S-0,RADAR,PERIMETER,S-0,PERIM_S-0,alarm,invalid,false_positive,false_positive,19.66838539239317,env,balanced_train
2026-01-06T20:36:56,E000000014,RADAR_S-0,RADAR,PERIMETER,S-0,PERIM_S-0,alarm,invalid,false_positive,false_positive,19.66838539239317,env,balanced_train
2026-01-06T20:49:41,E000000018,RADAR_S-1,RADAR,PERIMETER,S-1,PERIM_S-1,alarm,invalid,false_positive,false_positive,27.976686071426215,env,balanced_train
2026-01-06T20:49:41,E000000018,RADAR_S-1,RADAR,PERIMETER,S-1,PERIM_S-1,alarm,invalid,false_positive,false_positive,27.976686071426215,env,balanced_train
2026-01-06T20:49:41,E000000018,RADAR_S-1,RADAR,PERIMETER,S-1,PERIM_S-1,alarm,invalid,false_positive,false_positive,27.976686071426215,env,balanced_train
2026-01-06T20:49:41,E000000018,RADAR_S-1,RADAR,PERIMETER,S-1,PERIM_S-1,alarm,invalid,false_positive,false_positive,27.976686071426215,env,balanced_train
2026-01-06T20:49:41,E000000018,RADAR_S-1,RADAR,PERIMETER,S-1,PERIM_S-1,alarm,invalid,false_positive,false_positive,27.976686071426215,env,balanced_train
2026-01-06T20:49:41,E000000018,RADAR_S-1,RADAR,PERIMETER,S-1,PERIM_S-1,alarm,invalid,false_positive,false_positive,27.976686071426215,env,balanced_train
2026-01-06T20:49:41,E000000018,RADAR_S-1,RADAR,PERIMETER,S-1,PERIM_S-1,alarm,invalid,false_positive,false_positive,27.976686071426215,env,balanced_train
2026-01-06T20:49:41,E000000018,RADAR_S-1,RADAR,PERIMETER,S-1,PERIM_S-1,alarm,invalid,false_positive,false_positive,27.976686071426215,env,balanced_train
2026-01-06T20:49:41,E000000018,RADAR_S-1,RADAR,PERIMETER,S-1,PERIM_S-1,alarm,invalid,false_positive,false_positive,27.976686071426215,env,balanced_train
2026-01-06T20:49:41,E000000018,RADAR_S-1,RADAR,PERIMETER,S-1,PERIM_S-1,alarm,invalid,false_positive,false_positive,27.976686071426215,env,balanced_train
2026-01-06T21:58:43,E000009603,FENCE_DISTURB_S-1,FENCE_DISTURB,PERIMETER,S-1,PERIM_S-1,alarm,intrusion,intrusion:attack_01:step_00:PERIM_S-1,intrusion,23.338573414011407,adversary,balanced_train:attack
2026-01-06T21:58:43,E000009603,FENCE_DISTURB_S-1,FENCE_DISTURB,PERIMETER,S-1,PERIM_S-1,alarm,intrusion,intrusion:attack_01:step_00:PERIM_S-1,intrusion,23.338573414011407,adversary,balanced_train:attack
2026-01-06T21:58:43,E000009604,RADAR_S-1,RADAR,PERIMETER,S-1,PERIM_S-1,alarm,intrusion,intrusion:attack_01:step_00:PERIM_S-1,intrusion,0.39084780305124056,adversary,balanced_train:attack
2026-01-06T21:58:43,E000009603,FENCE_DISTURB_S-1,FENCE_DISTURB,PERIMETER,S-1,PERIM_S-1,alarm,intrusion,intrusion:attack_01:step_00:PERIM_S-1,intrusion,23.338573414011407,adversary,balanced_train:attack
2026-01-06T21:58:43,E000009603,FENCE_DISTURB_S-1,FENCE_DISTURB,PERIMETER,S-1,PERIM_S-1,alarm,intrusion,intrusion:attack_01:step_00:PERIM_S-1,intrusion,23.338573414011407,adversary,balanced_train:attack
2026-01-06T21:58:43,E000009603,FENCE_DISTURB_S-1,FENCE_DISTURB,PERIMETER,S-1,PERIM_S-1,alarm,intrusion,intrusion:attack_01:step_00:PERIM_S-1,intrusion,23.338573414011407,adversary,balanced_train:attack
2026-01-06T21:58:43,E000009604,RADAR_S-1,RADAR,PERIMETER,S-1,PERIM_S-1,alarm,intrusion,intrusion:attack_01:step_00:PERIM_S-1,intrusion,0.39084780305124056,adversary,balanced_train:attack
2026-01-06T21:58:43,E000009603,FENCE_DISTURB_S-1,FENCE_DISTURB,PERIMETER,S-1,PERIM_S-1,alarm,intrusion,intrusion:attack_01:step_00:PERIM_S-1,intrusion,23.338573414011407,adversary,balanced_train:attack
2026-01-06T21:58:43,E000009604,RADAR_S-1,RADAR,PERIMETER,S-1,PERIM_S-1,alarm,intrusion,intrusion:attack_01:step_00:PERIM_S-1,intrusion,0.39084780305124056,adversary,balanced_train:attack
2026-01-06T21:58:43,E000009604,RADAR_S-1,RADAR,PERIMETER,S-1,PERIM_S-1,alarm,intrusion,intrusion:attack_01:step_00:PERIM_S-1,intrusion,0.39084780305124056,adversary,balanced_train:attack
2026-01-06T21:58:43,E000009603,FENCE_DISTURB_S-1,FENCE_DISTURB,PERIMETER,S-1,PERIM_S-1,alarm,intrusion,intrusion:attack_01:step_00:PERIM_S-1,intrusion,23.338573414011407,adversary,balanced_train:attack
2026-01-06T21:58:43,E000009604,RADAR_S-1,RADAR,PERIMETER,S-1,PERIM_S-1,alarm,intrusion,intrusion:attack_01:step_00:PERIM_S-1,intrusion,0.39084780305124056,adversary,balanced_train:attack
2026-01-06T21:58:43,E000009603,FENCE_DISTURB_S-1,FENCE_DISTURB,PERIMETER,S-1,PERIM_S-1,alarm,intrusion,intrusion:attack_01:step_00:PERIM_S-1,intrusion,23.338573414011407,adversary,balanced_train:attack
2026-01-06T21:58:43,E000009604,RADAR_S-1,RADAR,PERIMETER,S-1,PERIM_S-1,alarm,intrusion,intrusion:attack_01:step_00:PERIM_S-1,intrusion,0.39084780305124056,adversary,balanced_train:attack
2026-01-06T21:58:43,E000009603,FENCE_DISTURB_S-1,FENCE_DISTURB,PERIMETER,S-1,PERIM_S-1,alarm,intrusion,intrusion:attack_01:step_00:PERIM_S-1,intrusion,23.338573414011407,adversary,balanced_train:attack
2026-01-06T21:58:43,E000009603,FENCE_DISTURB_S-1,FENCE_DISTURB,PERIMETER,S-1,PERIM_S-1,alarm,intrusion,intrusion:attack_01:step_00:PERIM_S-1,intrusion,23.338573414011407,adversary,balanced_train:attack
2026-01-06T21:58:43,E000009604,RADAR_S-1,RADAR,PERIMETER,S-1,PERIM_S-1,alarm,intrusion,intrusion:attack_01:step_00:PERIM_S-1,intrusion,0.39084780305124056,adversary,balanced_train:attack
2026-01-06T21:58:43,E000009604,RADAR_S-1,RADAR,PERIMETER,S-1,PERIM_S-1,alarm,intrusion,intrusion:attack_01:step_00:PERIM_S-1,intrusion,0.39084780305124056,adversary,balanced_train:attack
2026-01-06T21:58:43,E000009603,FENCE_DISTURB_S-1,FENCE_DISTURB,PERIMETER,S-1,PERIM_S-1,alarm,intrusion,intrusion:attack_01:step_00:PERIM_S-1,intrusion,23.338573414011407,adversary,balanced_train:attack
2026-01-06T21:58:43,E000009603,FENCE_DISTURB_S-1,FENCE_DISTURB,PERIMETER,S-1,PERIM_S-1,alarm,intrusion,intrusion:attack_01:step_00:PERIM_S-1,intrusion,23.338573414011407,adversary,balanced_train:attack
2026-01-06T21:58:43,E000009603,FENCE_DISTURB_S-1,FENCE_DISTURB,PERIMETER,S-1,PERIM_S-1,alarm,intrusion,intrusion:attack_01:step_00:PERIM_S-1,intrusion,23.338573414011407,adversary,balanced_train:attack
2026-01-06T21:58:43,E000009603,FENCE_DISTURB_S-1,FENCE_DISTURB,PERIMETER,S-1,PERIM_S-1,alarm,intrusion,intrusion:attack_01:step_00:PERIM_S-1,intrusion,23.338573414011407,adversary,balanced_train:attack
2026-01-06T21:58:43,E000009604,RADAR_S-1,RADAR,PERIMETER,S-1,PERIM_S-1,alarm,intrusion,intrusion:attack_01:step_00:PERIM_S-1,intrusion,0.39084780305124056,adversary,balanced_train:attack
2026-01-06T21:58:43,E000009603,FENCE_DISTURB_S-1,FENCE_DISTURB,PERIMETER,S-1,PERIM_S-1,alarm,intrusion,intrusion:attack_01:step_00:PERIM_S-1,intrusion,23.338573414011407,adversary,balanced_train:attack
2026-01-06T21:58:43,E000009603,FENCE_DISTURB_S-1,FENCE_DISTURB,PERIMETER,S-1,PERIM_S-1,alarm,intrusion,intrusion:attack_01:step_00:PERIM_S-1,intrusion,23.338573414011407,adversary,balanced_train:attack
2026-01-06T21:58:43,E000009604,RADAR_S-1,RADAR,PERIMETER,S-1,PERIM_S-1,alarm,intrusion,intrusion:attack_01:step_00:PERIM_S-1,intrusion,0.39084780305124056,adversary,balanced_train:attack
2026-01-06T21:58:43,E000009604,RADAR_S-1,RADAR,PERIMETER,S-1,PERIM_S-1,alarm,intrusion,intrusion:attack_01:step_00:PERIM_S-1,intrusion,0.39084780305124056,adversary,balanced_train:attack
2026-01-06T21:58:43,E000009604,RADAR_S-1,RADAR,PERIMETER,S-1,PERIM_S-1,alarm,intrusion,intrusion:attack_01:step_00:PERIM_S-1,intrusion,0.39084780305124056,adversary,balanced_train:attack
2026-01-06T21:58:43,E000009604,RADAR_S-1,RADAR,PERIMETER,S-1,PERIM_S-1,alarm,intrusion,intrusion:attack_01:step_00:PERIM_S-1,intrusion,0.39084780305124056,adversary,balanced_train:attack
2026-01-06T21:58:43,E000009603,FENCE_DISTURB_S-1,FENCE_DISTURB,PERIMETER,S-1,PERIM_S-1,alarm,intrusion,intrusion:attack_01:step_00:PERIM_S-1,intrusion,23.338573414011407,adversary,balanced_train:attack
2026-01-06T21:58:43,E000009604,RADAR_S-1,RADAR,PERIMETER,S-1,PERIM_S-1,alarm,intrusion,intrusion:attack_01:step_00:PERIM_S-1,intrusion,0.39084780305124056,adversary,balanced_train:attack
2026-01-06T21:58:43,E000009604,RADAR_S-1,RADAR,PERIMETER,S-1,PERIM_S-1,alarm,intrusion,intrusion:attack_01:step_00:PERIM_S-1,intrusion,0.39084780305124056,adversary,balanced_train:attack
2026-01-06T21:58:43,E000009604,RADAR_S-1,RADAR,PERIMETER,S-1,PERIM_S-1,alarm,intrusion,intrusion:attack_01:step_00:PERIM_S-1,intrusion,0.39084780305124056,adversary,balanced_train:attack
2026-01-06T21:58:43,E000009603,FENCE_DISTURB_S-1,FENCE_DISTURB,PERIMETER,S-1,PERIM_S-1,alarm,intrusion,intrusion:attack_01:step_00:PERIM_S-1,intrusion,23.338573414011407,adversary,balanced_train:attack
2026-01-06T21:58:43,E000009604,RADAR_S-1,RADAR,PERIMETER,S-1,PERIM_S-1,alarm,intrusion,intrusion:attack_01:step_00:PERIM_S-1,intrusion,0.39084780305124056,adversary,balanced_train:attack
2026-01-06T21:58:43,E000009604,RADAR_S-1,RADAR,PERIMETER,S-1,PERIM_S-1,alarm,intrusion,intrusion:attack_01:step_00:PERIM_S-1,intrusion,0.39084780305124056,adversary,balanced_train:attack
2026-01-06T21:58:43,E000009603,FENCE_DISTURB_S-1,FENCE_DISTURB,PERIMETER,S-1,PERIM_S-1,alarm,intrusion,intrusion:attack_01:step_00:PERIM_S-1,intrusion,23.338573414011407,adversary,balanced_train:attack
2026-01-06T21:58:43,E000009603,FENCE_DISTURB_S-1,FENCE_DISTURB,PERIMETER,S-1,PERIM_S-1,alarm,intrusion,intrusion:attack_01:step_00:PERIM_S-1,intrusion,23.338573414011407,adversary,balanced_train:attack
2026-01-06T21:58:43,E000009603,FENCE_DISTURB_S-1,FENCE_DISTURB,PERIMETER,S-1,PERIM_S-1,alarm,intrusion,intrusion:attack_01:step_00:PERIM_S-1,intrusion,23.338573414011407,adversary,balanced_train:attack
2026-01-06T21:58:43,E000009603,FENCE_DISTURB_S-1,FENCE_DISTURB,PERIMETER,S-1,PERIM_S-1,alarm,intrusion,intrusion:attack_01:step_00:PERIM_S-1,intrusion,23.338573414011407,adversary,balanced_train:attack
2026-01-06T21:58:43,E000009603,FENCE_DISTURB_S-1,FENCE_DISTURB,PERIMETER,S-1,PERIM_S-1,alarm,intrusion,intrusion:attack_01:step_00:PERIM_S-1,intrusion,23.338573414011407,adversary,balanced_train:attack
2026-01-06T21:58:43,E000009603,FENCE_DISTURB_S-1,FENCE_DISTURB,PERIMETER,S-1,PERIM_S-1,alarm,intrusion,intrusion:attack_01:step_00:PERIM_S-1,intrusion,23.338573414011407,adversary,balanced_train:attack
2026-01-06T21:58:43,E000009603,FENCE_DISTURB_S-1,FENCE_DISTURB,PERIMETER,S-1,PERIM_S-1,alarm,intrusion,intrusion:attack_01:step_00:PERIM_S-1,intrusion,23.338573414011407,adversary,balanced_train:attack
2026-01-06T21:58:43,E000009603,FENCE_DISTURB_S-1,FENCE_DISTURB,PERIMETER,S-1,PERIM_S-1,alarm,intrusion,intrusion:attack_01:step_00:PERIM_S-1,intrusion,23.338573414011407,adversary,balanced_train:attack
2026-01-06T21:58:43,E000009603,FENCE_DISTURB_S-1,FENCE_DISTURB,PERIMETER,S-1,PERIM_S-1,alarm,intrusion,intrusion:attack_01:step_00:PERIM_S-1,intrusion,23.338573414011407,adversary,balanced_train:attack
2026-01-06T21:58:43,E000009603,FENCE_DISTURB_S-1,FENCE_DISTURB,PERIMETER,S-1,PERIM_S-1,alarm,intrusion,intrusion:attack_01:step_00:PERIM_S-1,intrusion,23.338573414011407,adversary,balanced_train:attack
2026-01-06T21:58:43,E000009604,RADAR_S-1,RADAR,PERIMETER,S-1,PERIM_S-1,alarm,intrusion,intrusion:attack_01:step_00:PERIM_S-1,intrusion,0.39084780305124056,adversary,balanced_train:attack
2026-01-06T21:58:43,E000009603,FENCE_DISTURB_S-1,FENCE_DISTURB,PERIMETER,S-1,PERIM_S-1,alarm,intrusion,intrusion:attack_01:step_00:PERIM_S-1,intrusion,23.338573414011407,adversary,balanced_train:attack
2026-01-06T21:58:43,E000009604,RADAR_S-1,RADAR,PERIMETER,S-1,PERIM_S-1,alarm,intrusion,intrusion:attack_01:step_00:PERIM_S-1,intrusion,0.39084780305124056,adversary,balanced_train:attack
2026-01-06T21:58:43,E000009603,FENCE_DISTURB_S-1,FENCE_DISTURB,PERIMETER,S-1,PERIM_S-1,alarm,intrusion,intrusion:attack_01:step_00:PERIM_S-1,intrusion,23.338573414011407,adversary,balanced_train:attack
2026-01-06T21:58:43,E000009604,RADAR_S-1,RADAR,PERIMETER,S-1,PERIM_S-1,alarm,intrusion,intrusion:attack_01:step_00:PERIM_S-1,intrusion,0.39084780305124056,adversary,balanced_train:attack
2026-01-06T21:58:43,E000009604,RADAR_S-1,RADAR,PERIMETER,S-1,PERIM_S-1,alarm,intrusion,intrusion:attack_01:step_00:PERIM_S-1,intrusion,0.39084780305124056,adversary,balanced_train:attack
2026-01-06T21:58:43,E000009603,FENCE_DISTURB_S-1,FENCE_DISTURB,PERIMETER,S-1,PERIM_S-1,alarm,intrusion,intrusion:attack_01:step_00:PERIM_S-1,intrusion,23.338573414011407,adversary,balanced_train:attack
2026-01-06T21:58:43,E000009604,RADAR_S-1,RADAR,PERIMETER,S-1,PERIM_S-1,alarm,intrusion,intrusion:attack_01:step_00:PERIM_S-1,intrusion,0.39084780305124056,adversary,balanced_train:attack
2026-01-06T21:58:43,E000009603,FENCE_DISTURB_S-1,FENCE_DISTURB,PERIMETER,S-1,PERIM_S-1,alarm,intrusion,intrusion:attack_01:step_00:PERIM_S-1,intrusion,23.338573414011407,adversary,balanced_train:attack
2026-01-06T21:58:43,E000009604,RADAR_S-1,RADAR,PERIMETER,S-1,PERIM_S-1,alarm,intrusion,intrusion:attack_01:step_00:PERIM_S-1,intrusion,0.39084780305124056,adversary,balanced_train:attack
2026-01-06T21:58:43,E000009604,RADAR_S-1,RADAR,PERIMETER,S-1,PERIM_S-1,alarm,intrusion,intrusion:attack_01:step_00:PERIM_S-1,intrusion,0.39084780305124056,adversary,balanced_train:attack
2026-01-06T21:58:43,E000009603,FENCE_DISTURB_S-1,FENCE_DISTURB,PERIMETER,S-1,PERIM_S-1,alarm,intrusion,intrusion:attack_01:step_00:PERIM_S-1,intrusion,23.338573414011407,adversary,balanced_train:attack
2026-01-06T21:58:43,E000009603,FENCE_DISTURB_S-1,FENCE_DISTURB,PERIMETER,S-1,PERIM_S-1,alarm,intrusion,intrusion:attack_01:step_00:PERIM_S-1,intrusion,23.338573414011407,adversary,balanced_train:attack
2026-01-06T21:58:43,E000009603,FENCE_DISTURB_S-1,FENCE_DISTURB,PERIMETER,S-1,PERIM_S-1,alarm,intrusion,intrusion:attack_01:step_00:PERIM_S-1,intrusion,23.338573414011407,adversary,balanced_train:attack
2026-01-06T21:58:43,E000009603,FENCE_DISTURB_S-1,FENCE_DISTURB,PERIMETER,S-1,PERIM_S-1,alarm,intrusion,intrusion:attack_01:step_00:PERIM_S-1,intrusion,23.338573414011407,adversary,balanced_train:attack
2026-01-06T21:58:43,E000009603,FENCE_DISTURB_S-1,FENCE_DISTURB,PERIMETER,S-1,PERIM_S-1,alarm,intrusion,intrusion:attack_01:step_00:PERIM_S-1,intrusion,23.338573414011407,adversary,balanced_train:attack
2026-01-06T21:58:43,E000009604,RADAR_S-1,RADAR,PERIMETER,S-1,PERIM_S-1,alarm,intrusion,intrusion:attack_01:step_00:PERIM_S-1,intrusion,0.39084780305124056,adversary,balanced_train:attack
2026-01-06T21:58:43,E000009604,RADAR_S-1,RADAR,PERIMETER,S-1,PERIM_S-1,alarm,intrusion,intrusion:attack_01:step_00:PERIM_S-1,intrusion,0.39084780305124056,adversary,balanced_train:attack
2026-01-06T21:58:43,E000009603,FENCE_DISTURB_S-1,FENCE_DISTURB,PERIMETER,S-1,PERIM_S-1,alarm,intrusion,intrusion:attack_01:step_00:PERIM_S-1,intrusion,23.338573414011407,adversary,balanced_train:attack
2026-01-06T21:58:43,E000009604,RADAR_S-1,RADAR,PERIMETER,S-1,PERIM_S-1,alarm,intrusion,intrusion:attack_01:step_00:PERIM_S-1,intrusion,0.39084780305124056,adversary,balanced_train:attack
2026-01-06T21:58:43,E000009603,FENCE_DISTURB_S-1,FENCE_DISTURB,PERIMETER,S-1,PERIM_S-1,alarm,intrusion,intrusion:attack_01:step_00:PERIM_S-1,intrusion,23.338573414011407,adversary,balanced_train:attack
2026-01-06T21:58:43,E000009604,RADAR_S-1,RADAR,PERIMETER,S-1,PERIM_S-1,alarm,intrusion,intrusion:attack_01:step_00:PERIM_S-1,intrusion,0.39084780305124056,adversary,balanced_train:attack
2026-01-06T21:58:43,E000009604,RADAR_S-1,RADAR,PERIMETER,S-1,PERIM_S-1,alarm,intrusion,intrusion:attack_01:step_00:PERIM_S-1,intrusion,0.39084780305124056,adversary,balanced_train:attack
2026-01-06T21:58:43,E000009603,FENCE_DISTURB_S-1,FENCE_DISTURB,PERIMETER,S-1,PERIM_S-1,alarm,intrusion,intrusion:attack_01:step_00:PERIM_S-1,intrusion,23.338573414011407,adversary,balanced_train:attack
2026-01-06T21:58:43,E000009604,RADAR_S-1,RADAR,PERIMETER,S-1,PERIM_S-1,alarm,intrusion,intrusion:attack_01:step_00:PERIM_S-1,intrusion,0.39084780305124056,adversary,balanced_train:attack
2026-01-06T21:58:43,E000009603,FENCE_DISTURB_S-1,FENCE_DISTURB,PERIMETER,S-1,PERIM_S-1,alarm,intrusion,intrusion:attack_01:step_00:PERIM_S-1,intrusion,23.338573414011407,adversary,balanced_train:attack
2026-01-06T21:58:43,E000009604,RADAR_S-1,RADAR,PERIMETER,S-1,PERIM_S-1,alarm,intrusion,intrusion:attack_01:step_00:PERIM_S-1,intrusion,0.39084780305124056,adversary,balanced_train:attack
2026-01-06T21:58:43,E000009604,RADAR_S-1,RADAR,PERIMETER,S-1,PERIM_S-1,alarm,intrusion,intrusion:attack_01:step_00:PERIM_S-1,intrusion,0.39084780305124056,adversary,balanced_train:attack
2026-01-06T21:58:43,E000009603,FENCE_DISTURB_S-1,FENCE_DISTURB,PERIMETER,S-1,PERIM_S-1,alarm,intrusion,intrusion:attack_01:step_00:PERIM_S-1,intrusion,23.338573414011407,adversary,balanced_train:attack
2026-01-06T21:59:42,E000009605,PA_RADAR_S,RADAR,PROTECTED_AREA,S,PA_RADAR_S,alarm,intrusion,intrusion:attack_01:step_01:PA_RADAR_S,intrusion,20.692766690889908,adversary,balanced_train:attack
2026-01-06T21:59:42,E000009605,PA_RADAR_S,RADAR,PROTECTED_AREA,S,PA_RADAR_S,alarm,intrusion,intrusion:attack_01:step_01:PA_RADAR_S,intrusion,20.692766690889908,adversary,balanced_train:attack
2026-01-06T21:59:42,E000009605,PA_RADAR_S,RADAR,PROTECTED_AREA,S,PA_RADAR_S,alarm,intrusion,intrusion:attack_01:step_01:PA_RADAR_S,intrusion,20.692766690889908,adversary,balanced_train:attack
2026-01-06T21:59:42,E000009605,PA_RADAR_S,RADAR,PROTECTED_AREA,S,PA_RADAR_S,alarm,intrusion,intrusion:attack_01:step_01:PA_RADAR_S,intrusion,20.692766690889908,adversary,balanced_train:attack
2026-01-06T21:59:42,E000009605,PA_RADAR_S,RADAR,PROTECTED_AREA,S,PA_RADAR_S,alarm,intrusion,intrusion:attack_01:step_01:PA_RADAR_S,intrusion,20.692766690889908,adversary,balanced_train:attack
2026-01-06T21:59:42,E000009605,PA_RADAR_S,RADAR,PROTECTED_AREA,S,PA_RADAR_S,alarm,intrusion,intrusion:attack_01:step_01:PA_RADAR_S,intrusion,20.692766690889908,adversary,balanced_train:attack
2026-01-06T21:59:42,E000009605,PA_RADAR_S,RADAR,PROTECTED_AREA,S,PA_RADAR_S,alarm,intrusion,intrusion:attack_01:step_01:PA_RADAR_S,intrusion,20.692766690889908,adversary,balanced_train:attack
2026-01-06T21:59:42,E000009605,PA_RADAR_S,RADAR,PROTECTED_AREA,S,PA_RADAR_S,alarm,intrusion,intrusion:attack_01:step_01:PA_RADAR_S,intrusion,20.692766690889908,adversary,balanced_train:attack
2026-01-06T21:59:42,E000009605,PA_RADAR_S,RADAR,PROTECTED_AREA,S,PA_RADAR_S,alarm,intrusion,intrusion:attack_01:step_01:PA_RADAR_S,intrusion,20.692766690889908,adversary,balanced_train:attack
2026-01-06T21:59:42,E000009605,PA_RADAR_S,RADAR,PROTECTED_AREA,S,PA_RADAR_S,alarm,intrusion,intrusion:attack_01:step_01:PA_RADAR_S,intrusion,20.692766690889908,adversary,balanced_train:attack
2026-01-06T21:59:42,E000009605,PA_RADAR_S,RADAR,PROTECTED_AREA,S,PA_RADAR_S,alarm,intrusion,intrusion:attack_01:step_01:PA_RADAR_S,intrusion,20.692766690889908,adversary,balanced_train:attack
2026-01-06T21:59:42,E000009605,PA_RADAR_S,RADAR,PROTECTED_AREA,S,PA_RADAR_S,alarm,intrusion,intrusion:attack_01:step_01:PA_RADAR_S,intrusion,20.692766690889908,adversary,balanced_train:attack
2026-01-06T21:59:42,E000009605,PA_RADAR_S,RADAR,PROTECTED_AREA,S,PA_RADAR_S,alarm,intrusion,intrusion:attack_01:step_01:PA_RADAR_S,intrusion,20.692766690889908,adversary,balanced_train:attack
2026-01-06T21:59:42,E000009605,PA_RADAR_S,RADAR,PROTECTED_AREA,S,PA_RADAR_S,alarm,intrusion,intrusion:attack_01:step_01:PA_RADAR_S,intrusion,20.692766690889908,adversary,balanced_train:attack
2026-01-06T21:59:42,E000009605,PA_RADAR_S,RADAR,PROTECTED_AREA,S,PA_RADAR_S,alarm,intrusion,intrusion:attack_01:step_01:PA_RADAR_S,intrusion,20.692766690889908,adversary,balanced_train:attack
2026-01-06T21:59:42,E000009605,PA_RADAR_S,RADAR,PROTECTED_AREA,S,PA_RADAR_S,alarm,intrusion,intrusion:attack_01:step_01:PA_RADAR_S,intrusion,20.692766690889908,adversary,balanced_train:attack
2026-01-06T21:59:42,E000009605,PA_RADAR_S,RADAR,PROTECTED_AREA,S,PA_RADAR_S,alarm,intrusion,intrusion:attack_01:step_01:PA_RADAR_S,intrusion,20.692766690889908,adversary,balanced_train:attack
2026-01-06T21:59:42,E000009605,PA_RADAR_S,RADAR,PROTECTED_AREA,S,PA_RADAR_S,alarm,intrusion,intrusion:attack_01:step_01:PA_RADAR_S,intrusion,20.692766690889908,adversary,balanced_train:attack
2026-01-06T21:59:42,E000009605,PA_RADAR_S,RADAR,PROTECTED_AREA,S,PA_RADAR_S,alarm,intrusion,intrusion:attack_01:step_01:PA_RADAR_S,intrusion,20.692766690889908,adversary,balanced_train:attack
2026-01-06T21:59:42,E000009605,PA_RADAR_S,RADAR,PROTECTED_AREA,S,PA_RADAR_S,alarm,intrusion,intrusion:attack_01:step_01:PA_RADAR_S,intrusion,20.692766690889908,adversary,balanced_train:attack
2026-01-06T21:59:42,E000009605,PA_RADAR_S,RADAR,PROTECTED_AREA,S,PA_RADAR_S,alarm,intrusion,intrusion:attack_01:step_01:PA_RADAR_S,intrusion,20.692766690889908,adversary,balanced_train:attack
2026-01-06T21:59:42,E000009605,PA_RADAR_S,RADAR,PROTECTED_AREA,S,PA_RADAR_S,alarm,intrusion,intrusion:attack_01:step_01:PA_RADAR_S,intrusion,20.692766690889908,adversary,balanced_train:attack
2026-01-06T21:59:42,E000009605,PA_RADAR_S,RADAR,PROTECTED_AREA,S,PA_RADAR_S,alarm,intrusion,intrusion:attack_01:step_01:PA_RADAR_S,intrusion,20.692766690889908,adversary,balanced_train:attack
2026-01-06T21:59:42,E000009605,PA_RADAR_S,RADAR,PROTECTED_AREA,S,PA_RADAR_S,alarm,intrusion,intrusion:attack_01:step_01:PA_RADAR_S,intrusion,20.692766690889908,adversary,balanced_train:attack
2026-01-06T21:59:42,E000009605,PA_RADAR_S,RADAR,PROTECTED_AREA,S,PA_RADAR_S,alarm,intrusion,intrusion:attack_01:step_01:PA_RADAR_S,intrusion,20.692766690889908,adversary,balanced_train:attack
2026-01-06T21:59:42,E000009605,PA_RADAR_S,RADAR,PROTECTED_AREA,S,PA_RADAR_S,alarm,intrusion,intrusion:attack_01:step_01:PA_RADAR_S,intrusion,20.692766690889908,adversary,balanced_train:attack
2026-01-06T21:59:42,E000009605,PA_RADAR_S,RADAR,PROTECTED_AREA,S,PA_RADAR_S,alarm,intrusion,intrusion:attack_01:step_01:PA_RADAR_S,intrusion,20.692766690889908,adversary,balanced_train:attack
2026-01-06T21:59:42,E000009605,PA_RADAR_S,RADAR,PROTECTED_AREA,S,PA_RADAR_S,alarm,intrusion,intrusion:attack_01:step_01:PA_RADAR_S,intrusion,20.692766690889908,adversary,balanced_train:attack
2026-01-06T21:59:42,E000009605,PA_RADAR_S,RADAR,PROTECTED_AREA,S,PA_RADAR_S,alarm,intrusion,intrusion:attack_01:step_01:PA_RADAR_S,intrusion,20.692766690889908,adversary,balanced_train:attack
2026-01-06T21:59:42,E000009605,PA_RADAR_S,RADAR,PROTECTED_AREA,S,PA_RADAR_S,alarm,intrusion,intrusion:attack_01:step_01:PA_RADAR_S,intrusion,20.692766690889908,adversary,balanced_train:attack
2026-01-06T21:59:42,E000009605,PA_RADAR_S,RADAR,PROTECTED_AREA,S,PA_RADAR_S,alarm,intrusion,intrusion:attack_01:step_01:PA_RADAR_S,intrusion,20.692766690889908,adversary,balanced_train:attack
2026-01-06T21:59:42,E000009605,PA_RADAR_S,RADAR,PROTECTED_AREA,S,PA_RADAR_S,alarm,intrusion,intrusion:attack_01:step_01:PA_RADAR_S,intrusion,20.692766690889908,adversary,balanced_train:attack
2026-01-06T21:59:42,E000009605,PA_RADAR_S,RADAR,PROTECTED_AREA,S,PA_RADAR_S,alarm,intrusion,intrusion:attack_01:step_01:PA_RADAR_S,intrusion,20.692766690889908,adversary,balanced_train:attack
2026-01-06T21:59:42,E000009605,PA_RADAR_S,RADAR,PROTECTED_AREA,S,PA_RADAR_S,alarm,intrusion,intrusion:attack_01:step_01:PA_RADAR_S,intrusion,20.692766690889908,adversary,balanced_train:attack
2026-01-06T21:59:42,E000009605,PA_RADAR_S,RADAR,PROTECTED_AREA,S,PA_RADAR_S,alarm,intrusion,intrusion:attack_01:step_01:PA_RADAR_S,intrusion,20.692766690889908,adversary,balanced_train:attack
2026-01-06T21:59:42,E000009605,PA_RADAR_S,RADAR,PROTECTED_AREA,S,PA_RADAR_S,alarm,intrusion,intrusion:attack_01:step_01:PA_RADAR_S,intrusion,20.692766690889908,adversary,balanced_train:attack
2026-01-06T21:59:42,E000009605,PA_RADAR_S,RADAR,PROTECTED_AREA,S,PA_RADAR_S,alarm,intrusion,intrusion:attack_01:step_01:PA_RADAR_S,intrusion,20.692766690889908,adversary,balanced_train:attack
2026-01-06T21:59:42,E000009605,PA_RADAR_S,RADAR,PROTECTED_AREA,S,PA_RADAR_S,alarm,intrusion,intrusion:attack_01:step_01:PA_RADAR_S,intrusion,20.692766690889908,adversary,balanced_train:attack
2026-01-06T21:59:42,E000009605,PA_RADAR_S,RADAR,PROTECTED_AREA,S,PA_RADAR_S,alarm,intrusion,intrusion:attack_01:step_01:PA_RADAR_S,intrusion,20.692766690889908,adversary,balanced_train:attack
2026-01-06T21:59:42,E000009605,PA_RADAR_S,RADAR,PROTECTED_AREA,S,PA_RADAR_S,alarm,intrusion,intrusion:attack_01:step_01:PA_RADAR_S,intrusion,20.692766690889908,adversary,balanced_train:attack
2026-01-06T21:59:42,E000009605,PA_RADAR_S,RADAR,PROTECTED_AREA,S,PA_RADAR_S,alarm,intrusion,intrusion:attack_01:step_01:PA_RADAR_S,intrusion,20.692766690889908,adversary,balanced_train:attack
2026-01-06T21:59:42,E000009605,PA_RADAR_S,RADAR,PROTECTED_AREA,S,PA_RADAR_S,alarm,intrusion,intrusion:attack_01:step_01:PA_RADAR_S,intrusion,20.692766690889908,adversary,balanced_train:attack
2026-01-06T21:59:42,E000009605,PA_RADAR_S,RADAR,PROTECTED_AREA,S,PA_RADAR_S,alarm,intrusion,intrusion:attack_01:step_01:PA_RADAR_S,intrusion,20.692766690889908,adversary,balanced_train:attack
2026-01-06T21:59:42,E000009605,PA_RADAR_S,RADAR,PROTECTED_AREA,S,PA_RADAR_S,alarm,intrusion,intrusion:attack_01:step_01:PA_RADAR_S,intrusion,20.692766690889908,adversary,balanced_train:attack
2026-01-06T21:59:42,E000009605,PA_RADAR_S,RADAR,PROTECTED_AREA,S,PA_RADAR_S,alarm,intrusion,intrusion:attack_01:step_01:PA_RADAR_S,intrusion,20.692766690889908,adversary,balanced_train:attack
2026-01-06T21:59:42,E000009605,PA_RADAR_S,RADAR,PROTECTED_AREA,S,PA_RADAR_S,alarm,intrusion,intrusion:attack_01:step_01:PA_RADAR_S,intrusion,20.692766690889908,adversary,balanced_train:attack
2026-01-06T21:59:42,E000009605,PA_RADAR_S,RADAR,PROTECTED_AREA,S,PA_RADAR_S,alarm,intrusion,intrusion:attack_01:step_01:PA_RADAR_S,intrusion,20.692766690889908,adversary,balanced_train:attack
2026-01-06T21:59:42,E000009605,PA_RADAR_S,RADAR,PROTECTED_AREA,S,PA_RADAR_S,alarm,intrusion,intrusion:attack_01:step_01:PA_RADAR_S,intrusion,20.692766690889908,adversary,balanced_train:attack
2026-01-06T21:59:42,E000009605,PA_RADAR_S,RADAR,PROTECTED_AREA,S,PA_RADAR_S,alarm,intrusion,intrusion:attack_01:step_01:PA_RADAR_S,intrusion,20.692766690889908,adversary,balanced_train:attack
2026-01-06T21:59:42,E000009605,PA_RADAR_S,RADAR,PROTECTED_AREA,S,PA_RADAR_S,alarm,intrusion,intrusion:attack_01:step_01:PA_RADAR_S,intrusion,20.692766690889908,adversary,balanced_train:attack
2026-01-06T21:59:42,E000009605,PA_RADAR_S,RADAR,PROTECTED_AREA,S,PA_RADAR_S,alarm,intrusion,intrusion:attack_01:step_01:PA_RADAR_S,intrusion,20.692766690889908,adversary,balanced_train:attack
2026-01-06T21:59:42,E000009605,PA_RADAR_S,RADAR,PROTECTED_AREA,S,PA_RADAR_S,alarm,intrusion,intrusion:attack_01:step_01:PA_RADAR_S,intrusion,20.692766690889908,adversary,balanced_train:attack
2026-01-06T21:59:42,E000009605,PA_RADAR_S,RADAR,PROTECTED_AREA,S,PA_RADAR_S,alarm,intrusion,intrusion:attack_01:step_01:PA_RADAR_S,intrusion,20.692766690889908,adversary,balanced_train:attack
2026-01-06T21:59:42,E000009605,PA_RADAR_S,RADAR,PROTECTED_AREA,S,PA_RADAR_S,alarm,intrusion,intrusion:attack_01:step_01:PA_RADAR_S,intrusion,20.692766690889908,adversary,balanced_train:attack
2026-01-06T22:41:22,E000000019,FENCE_DISTURB_W-0,FENCE_DISTURB,PERIMETER,W-0,PERIM_W-0,alarm,invalid,false_positive,false_positive,12.645254583278376,env,balanced_train
2026-01-06T22:41:22,E000000019,FENCE_DISTURB_W-0,FENCE_DISTURB,PERIMETER,W-0,PERIM_W-0,alarm,invalid,false_positive,false_positive,12.645254583278376,env,balanced_train
2026-01-06T22:41:22,E000000019,FENCE_DISTURB_W-0,FENCE_DISTURB,PERIMETER,W-0,PERIM_W-0,alarm,invalid,false_positive,false_positive,12.645254583278376,env,balanced_train
2026-01-06T22:41:22,E000000019,FENCE_DISTURB_W-0,FENCE_DISTURB,PERIMETER,W-0,PERIM_W-0,alarm,invalid,false_positive,false_positive,12.645254583278376,env,balanced_train
2026-01-06T22:41:22,E000000019,FENCE_DISTURB_W-0,FENCE_DISTURB,PERIMETER,W-0,PERIM_W-0,alarm,invalid,false_positive,false_positive,12.645254583278376,env,balanced_train
2026-01-06T22:41:22,E000000019,FENCE_DISTURB_W-0,FENCE_DISTURB,PERIMETER,W-0,PERIM_W-0,alarm,invalid,false_positive,false_positive,12.645254583278376,env,balanced_train
2026-01-06T22:41:22,E000000019,FENCE_DISTURB_W-0,FENCE_DISTURB,PERIMETER,W-0,PERIM_W-0,alarm,invalid,false_positive,false_positive,12.645254583278376,env,balanced_train
2026-01-06T22:41:22,E000000019,FENCE_DISTURB_W-0,FENCE_DISTURB,PERIMETER,W-0,PERIM_W-0,alarm,invalid,false_positive,false_positive,12.645254583278376,env,balanced_train
2026-01-06T22:41:22,E000000019,FENCE_DISTURB_W-0,FENCE_DISTURB,PERIMETER,W-0,PERIM_W-0,alarm,invalid,false_positive,false_positive,12.645254583278376,env,balanced_train
2026-01-06T22:41:22,E000000019,FENCE_DISTURB_W-0,FENCE_DISTURB,PERIMETER,W-0,PERIM_W-0,alarm,invalid,false_positive,false_positive,12.645254583278376,env,balanced_train
2026-01-07T01:42:44,E000000023,PA_RADAR_S,RADAR,PROTECTED_AREA,S,PA_RADAR_S,alarm,invalid,false_positive,false_positive,17.60592414010504,env,balanced_train
2026-01-07T01:42:44,E000000023,PA_RADAR_S,RADAR,PROTECTED_AREA,S,PA_RADAR_S,alarm,invalid,false_positive,false_positive,17.60592414010504,env,balanced_train
2026-01-07T01:42:44,E000000023,PA_RADAR_S,RADAR,PROTECTED_AREA,S,PA_RADAR_S,alarm,invalid,false_positive,false_positive,17.60592414010504,env,balanced_train
2026-01-07T01:42:44,E000000023,PA_RADAR_S,RADAR,PROTECTED_AREA,S,PA_RADAR_S,alarm,invalid,false_positive,false_positive,17.60592414010504,env,balanced_train
2026-01-07T01:42:44,E000000023,PA_RADAR_S,RADAR,PROTECTED_AREA,S,PA_RADAR_S,alarm,invalid,false_positive,false_positive,17.60592414010504,env,balanced_train
2026-01-07T01:42:44,E000000023,PA_RADAR_S,RADAR,PROTECTED_AREA,S,PA_RADAR_S,alarm,invalid,false_positive,false_positive,17.60592414010504,env,balanced_train
2026-01-07T01:42:44,E000000023,PA_RADAR_S,RADAR,PROTECTED_AREA,S,PA_RADAR_S,alarm,invalid,false_positive,false_positive,17.60592414010504,env,balanced_train
2026-01-07T01:42:44,E000000023,PA_RADAR_S,RADAR,PROTECTED_AREA,S,PA_RADAR_S,alarm,invalid,false_positive,false_positive,17.60592414010504,env,balanced_train
2026-01-07T01:42:44,E000000023,PA_RADAR_S,RADAR,PROTECTED_AREA,S,PA_RADAR_S,alarm,invalid,false_positive,false_positive,17.60592414010504,env,balanced_train
2026-01-07T01:42:44,E000000023,PA_RADAR_S,RADAR,PROTECTED_AREA,S,PA_RADAR_S,alarm,invalid,false_positive,false_positive,17.60592414010504,env,balanced_train
2026-01-07T03:11:32,E000000012,RADAR_S-0,RADAR,PERIMETER,S-0,PERIM_S-0,alarm,invalid,false_positive,false_positive,33.12012794233221,env,balanced_train
2026-01-07T03:11:32,E000000012,RADAR_S-0,RADAR,PERIMETER,S-0,PERIM_S-0,alarm,invalid,false_positive,false_positive,33.12012794233221,env,balanced_train
2026-01-07T03:11:32,E000000012,RADAR_S-0,RADAR,PERIMETER,S-0,PERIM_S-0,alarm,invalid,false_positive,false_positive,33.12012794233221,env,balanced_train
2026-01-07T03:11:32,E000000012,RADAR_S-0,RADAR,PERIMETER,S-0,PERIM_S-0,alarm,invalid,false_positive,false_positive,33.12012794233221,env,balanced_train
2026-01-07T03:11:32,E000000012,RADAR_S-0,RADAR,PERIMETER,S-0,PERIM_S-0,alarm,invalid,false_positive,false_positive,33.12012794233221,env,balanced_train
2026-01-07T03:11:32,E000000012,RADAR_S-0,RADAR,PERIMETER,S-0,PERIM_S-0,alarm,invalid,false_positive,false_positive,33.12012794233221,env,balanced_train
2026-01-07T03:11:32,E000000012,RADAR_S-0,RADAR,PERIMETER,S-0,PERIM_S-0,alarm,invalid,false_positive,false_positive,33.12012794233221,env,balanced_train
2026-01-07T05:06:36,E000000003,FENCE_DISTURB_N-1,FENCE_DISTURB,PERIMETER,N-1,PERIM_N-1,alarm,invalid,false_positive,false_positive,37.274138122848015,env,balanced_train
2026-01-07T05:06:36,E000000003,FENCE_DISTURB_N-1,FENCE_DISTURB,PERIMETER,N-1,PERIM_N-1,alarm,invalid,false_positive,false_positive,37.274138122848015,env,balanced_train
2026-01-07T05:06:36,E000000003,FENCE_DISTURB_N-1,FENCE_DISTURB,PERIMETER,N-1,PERIM_N-1,alarm,invalid,false_positive,false_positive,37.274138122848015,env,balanced_train
2026-01-07T05:06:36,E000000003,FENCE_DISTURB_N-1,FENCE_DISTURB,PERIMETER,N-1,PERIM_N-1,alarm,invalid,false_positive,false_positive,37.274138122848015,env,balanced_train
2026-01-07T05:06:36,E000000003,FENCE_DISTURB_N-1,FENCE_DISTURB,PERIMETER,N-1,PERIM_N-1,alarm,invalid,false_positive,false_positive,37.274138122848015,env,balanced_train
2026-01-07T05:06:36,E000000003,FENCE_DISTURB_N-1,FENCE_DISTURB,PERIMETER,N-1,PERIM_N-1,alarm,invalid,false_positive,false_positive,37.274138122848015,env,balanced_train
2026-01-07T05:06:36,E000000003,FENCE_DISTURB_N-1,FENCE_DISTURB,PERIMETER,N-1,PERIM_N-1,alarm,invalid,false_positive,false_positive,37.274138122848015,env,balanced_train
2026-01-07T05:06:36,E000000003,FENCE_DISTURB_N-1,FENCE_DISTURB,PERIMETER,N-1,PERIM_N-1,alarm,invalid,false_positive,false_positive,37.274138122848015,env,balanced_train
2026-01-07T05:06:36,E000000003,FENCE_DISTURB_N-1,FENCE_DISTURB,PERIMETER,N-1,PERIM_N-1,alarm,invalid,false_positive,false_positive,37.274138122848015,env,balanced_train
2026-01-07T05:06:36,E000000003,FENCE_DISTURB_N-1,FENCE_DISTURB,PERIMETER,N-1,PERIM_N-1,alarm,invalid,false_positive,false_positive,37.274138122848015,env,balanced_train
2026-01-07T05:06:36,E000000003,FENCE_DISTURB_N-1,FENCE_DISTURB,PERIMETER,N-1,PERIM_N-1,alarm,invalid,false_positive,false_positive,37.274138122848015,env,balanced_train
2026-01-07T05:06:36,E000000003,FENCE_DISTURB_N-1,FENCE_DISTURB,PERIMETER,N-1,PERIM_N-1,alarm,invalid,false_positive,false_positive,37.274138122848015,env,balanced_train
2026-01-07T05:06:36,E000000003,FENCE_DISTURB_N-1,FENCE_DISTURB,PERIMETER,N-1,PERIM_N-1,alarm,invalid,false_positive,false_positive,37.274138122848015,env,balanced_train
2026-01-07T06:55:57,E000008399,PIR_ROOM_SECURITY,PIR,INTERIOR,BLDG,ROOM_SECURITY,alarm,valid,normal,benign,12.300660317712577,baseline,balanced_train:shift_in:move_to:ROOM_SECURITY
2026-01-07T06:59:42,E000008634,PIR_ROOM_ADMIN,PIR,INTERIOR,BLDG,ROOM_ADMIN,alarm,valid,normal,benign,16.897262619442404,baseline,balanced_train:shift_in:move_to:ROOM_ADMIN
2026-01-07T07:04:10,E000008375,PIR_ROOM_S_ENTRY,PIR,INTERIOR,BLDG,ROOM_S_ENTRY,alarm,valid,normal,benign,21.792144591808352,baseline,balanced_train:shift_in:move_to:ROOM_SECURITY
2026-01-07T07:09:23,E000008355,PIR_ROOM_S_ENTRY,PIR,INTERIOR,BLDG,ROOM_S_ENTRY,alarm,valid,normal,benign,12.792155984992903,baseline,balanced_train:shift_in:move_to:ROOM_SECURITY
2026-01-07T07:10:59,E000008416,BMS_SKIN_S_DOOR,BMS,SKIN,BLDG,SKIN_S_DOOR,alarm,valid,normal,benign,11.264371310793226,baseline,balanced_train:shift_in:move_to:ROOM_SECURITY
2026-01-07T07:22:04,E000008383,ACS_S-AC,ACCESS_CTRL,PERIMETER,S-AC,TURNSTILE_S-AC,alarm,valid,normal,benign,17.047293142700813,baseline,balanced_train:shift_in:turnstile_entry
2026-01-07T07:22:15,E000008540,BMS_SKIN_S_DOOR,BMS,SKIN,BLDG,SKIN_S_DOOR,alarm,valid,normal,benign,11.043805942317421,baseline,balanced_train:shift_in:move_to:ASSET_ROOM
2026-01-07T07:22:22,E000008541,PIR_ROOM_S_ENTRY,PIR,INTERIOR,BLDG,ROOM_S_ENTRY,alarm,valid,normal,benign,26.33863431205027,baseline,balanced_train:shift_in:move_to:ASSET_ROOM
2026-01-07T07:23:55,E000008388,PIR_ROOM_ADMIN,PIR,INTERIOR,BLDG,ROOM_ADMIN,alarm,valid,normal,benign,14.31841070505901,baseline,balanced_train:shift_in:move_to:ROOM_ADMIN
2026-01-07T07:26:20,E000008344,ACS_S-AC,ACCESS_CTRL,PERIMETER,S-AC,TURNSTILE_S-AC,alarm,valid,normal,benign,19.17605927634147,baseline,balanced_train:shift_in:exit_from:ASSET_ROOM
2026-01-07T07:27:54,E000008404,ACS_S-AC,ACCESS_CTRL,PERIMETER,S-AC,TURNSTILE_S-AC,alarm,valid,normal,benign,24.738151399696722,baseline,balanced_train:shift_in:exit_from:ROOM_SECURITY
2026-01-07T07:38:18,E000008618,PA_RADAR_S,RADAR,PROTECTED_AREA,S,PA_RADAR_S,alarm,valid,normal,benign,14.355079653057834,baseline,balanced_train:shift_in:exit_from:ROOM_ADMIN
2026-01-07T07:39:46,E000008551,PIR_HALL_MAIN,PIR,INTERIOR,BLDG,HALL_MAIN,alarm,valid,normal,benign,17.017933728230254,baseline,balanced_train:shift_in:move_to:ROOM_SECURITY
2026-01-07T07:40:38,E000008528,ACS_S-AC,ACCESS_CTRL,PERIMETER,S-AC,TURNSTILE_S-AC,alarm,valid,normal,benign,14.407761740158188,baseline,balanced_train:shift_in:turnstile_entry
2026-01-07T07:41:25,E000008299,PIR_ROOM_S_ENTRY,PIR,INTERIOR,BLDG,ROOM_S_ENTRY,alarm,valid,normal,benign,9.909472859715194,baseline,balanced_train:shift_in:exit_from:ROOM_ADMIN
2026-01-07T07:42:01,E000008451,PIR_HALL_MAIN,PIR,INTERIOR,BLDG,HALL_MAIN,alarm,valid,normal,benign,8.492770124236369,baseline,balanced_train:shift_in:exit_from:ROOM_SECURITY
2026-01-07T07:44:48,E000008363,ACS_S-AC,ACCESS_CTRL,PERIMETER,S-AC,TURNSTILE_S-AC,alarm,valid,normal,benign,15.564899624399898,baseline,balanced_train:shift_in:turnstile_entry
2026-01-07T07:46:15,E000008321,PIR_ROOM_S_ENTRY,PIR,INTERIOR,BLDG,ROOM_S_ENTRY,alarm,valid,normal,benign,21.36821290837274,baseline,balanced_train:shift_in:exit_from:ROOM_ADMIN
2026-01-07T07:52:55,E000008328,BMS_ASSET_DOOR,BMS,ASSET,BLDG,ASSET_ROOM,alarm,valid,normal,benign,16.865275799794897,baseline,balanced_train:shift_in:move_to:ASSET_ROOM
2026-01-07T08:01:31,E000008494,BMS_SKIN_S_DOOR,BMS,SKIN,BLDG,SKIN_S_DOOR,alarm,valid,normal,benign,1.6945694717034439,baseline,balanced_train:shift_in:exit_from:ROOM_ADMIN
2026-01-07T08:02:16,E000008553,PIR_HALL_MAIN,PIR,INTERIOR,BLDG,HALL_MAIN,alarm,valid,normal,benign,16.82210399146327,baseline,balanced_train:shift_in:exit_from:ROOM_SECURITY
2026-01-07T08:06:17,E000008263,PIR_ROOM_S_ENTRY,PIR,INTERIOR,BLDG,ROOM_S_ENTRY,alarm,valid,normal,benign,12.709016060135154,baseline,balanced_train:shift_in:move_to:ROOM_ADMIN
2026-01-07T08:09:15,E000008501,PIR_HALL_MAIN,PIR,INTERIOR,BLDG,HALL_MAIN,alarm,valid,normal,benign,13.266757746008672,baseline,balanced_train:shift_in:move_to:ROOM_SECURITY
2026-01-07T08:09:48,E000008564,PIR_ROOM_S_ENTRY,PIR,INTERIOR,BLDG,ROOM_S_ENTRY,alarm,invalid,normal,benign,14.366812794110269,baseline,balanced_train:shift_in:exit_from:ROOM_SECURITY
2026-01-07T08:12:27,E000008277,PIR_ROOM_S_ENTRY,PIR,INTERIOR,BLDG,ROOM_S_ENTRY,alarm,valid,normal,benign,16.217279425791528,baseline,balanced_train:shift_in:exit_from:ROOM_SECURITY
2026-01-07T08:13:07,E000008460,PIR_HALL_MAIN,PIR,INTERIOR,BLDG,HALL_MAIN,alarm,valid,normal,benign,9.366131191196068,baseline,balanced_train:shift_in:move_to:ROOM_ADMIN
2026-01-07T08:16:43,E000008433,PA_RADAR_S,RADAR,PROTECTED_AREA,S,PA_RADAR_S,alarm,valid,normal,benign,19.094707510799314,baseline,balanced_train:shift_in:exit_from:ROOM_SECURITY
2026-01-07T08:31:18,E000009594,PIR_HALL_MAIN,PIR,INTERIOR,BLDG,HALL_MAIN,alarm,valid,normal,benign,12.991912341828606,baseline,balanced_train:straggler:move_to:ROOM_SECURITY
2026-01-07T10:44:20,E000009573,PIR_ROOM_S_ENTRY,PIR,INTERIOR,BLDG,ROOM_S_ENTRY,alarm,valid,normal,benign,17.792152654754325,baseline,balanced_train:straggler:move_to:ROOM_ADMIN
2026-01-07T11:21:45,E000009215,PIR_ROOM_S_ENTRY,PIR,INTERIOR,BLDG,ROOM_S_ENTRY,alarm,valid,normal,benign,8.290953597868395,baseline,balanced_train:meal_exit:exit_from:ROOM_SECURITY
2026-01-07T11:22:02,E000009216,BMS_SKIN_S_DOOR,BMS,SKIN,BLDG,SKIN_S_DOOR,alarm,valid,normal,benign,23.040758366279317,baseline,balanced_train:meal_exit:exit_from:ROOM_SECURITY
2026-01-07T11:23:43,E000009252,BMS_SKIN_S_DOOR,BMS,SKIN,BLDG,SKIN_S_DOOR,alarm,valid,normal,benign,14.596985650329064,baseline,balanced_train:meal_exit:move_to:ROOM_ADMIN
2026-01-07T11:29:39,E000009203,PIR_ROOM_S_ENTRY,PIR,INTERIOR,BLDG,ROOM_S_ENTRY,alarm,valid,normal,benign,11.463576193951923,baseline,balanced_train:meal_exit:move_to:ROOM_ADMIN
2026-01-07T11:33:04,E000009296,PIR_ROOM_SECURITY,PIR,INTERIOR,BLDG,ROOM_SECURITY,alarm,valid,normal,benign,13.24401821395661,baseline,balanced_train:meal_exit:move_to:ROOM_SECURITY
2026-01-07T11:34:43,E000009272,PA_RADAR_S,RADAR,PROTECTED_AREA,S,PA_RADAR_S,alarm,valid,normal,benign,19.05073131320575,baseline,balanced_train:meal_exit:move_to:ROOM_ADMIN
2026-01-07T11:36:06,E000009152,PIR_ROOM_SECURITY,PIR,INTERIOR,BLDG,ROOM_SECURITY,alarm,invalid,normal,benign,17.224016897557924,baseline,balanced_train:meal_exit:move_to:ROOM_SECURITY
2026-01-07T11:41:56,E000009538,ACS_S-AC,ACCESS_CTRL,PERIMETER,S-AC,TURNSTILE_S-AC,alarm,valid,normal,benign,7.69784446525933,baseline,balanced_train:straggler:turnstile_entry
2026-01-07T11:43:11,E000009544,BMS_ASSET_DOOR,BMS,ASSET,BLDG,ASSET_ROOM,alarm,valid,normal,benign,9.940548256474946,baseline,balanced_train:straggler:move_to:ASSET_ROOM
2026-01-07T11:43:22,E000009298,PIR_ROOM_S_ENTRY,PIR,INTERIOR,BLDG,ROOM_S_ENTRY,alarm,valid,normal,benign,8.6711240241874,baseline,balanced_train:meal_exit:exit_from:ROOM_SECURITY
2026-01-07T11:46:38,E000009289,BMS_SKIN_S_DOOR,BMS,SKIN,BLDG,SKIN_S_DOOR,alarm,valid,normal,benign,20.251280560000136,baseline,balanced_train:meal_exit:exit_from:ROOM_SECURITY
2026-01-07T11:49:37,E000009257,BMS_SKIN_S_DOOR,BMS,SKIN,BLDG,SKIN_S_DOOR,alarm,valid,normal,benign,2.7530259361848657,baseline,balanced_train:meal_exit:exit_from:ROOM_ADMIN
2026-01-07T12:18:55,E000009489,PIR_ROOM_SECURITY,PIR,INTERIOR,BLDG,ROOM_SECURITY,alarm,valid,normal,benign,14.61525844164695,baseline,balanced_train:meal_return:move_to:ROOM_SECURITY
2026-01-07T12:27:22,E000009366,ACS_S-AC,ACCESS_CTRL,PERIMETER,S-AC,TURNSTILE_S-AC,alarm,valid,normal,benign,15.527362880133186,baseline,balanced_train:meal_return:turnstile_entry
2026-01-07T12:38:48,E000009443,ACS_S-AC,ACCESS_CTRL,PERIMETER,S-AC,TURNSTILE_S-AC,alarm,valid,normal,benign,8.277200058506747,baseline,balanced_train:meal_return:exit_from:ROOM_SECURITY
2026-01-07T12:43:25,E000009510,PIR_HALL_MAIN,PIR,INTERIOR,BLDG,HALL_MAIN,alarm,valid,normal,benign,16.12826109680677,baseline,balanced_train:meal_return:exit_from:ROOM_SECURITY
2026-01-07T12:44:17,E000009346,PA_RADAR_S,RADAR,PROTECTED_AREA,S,PA_RADAR_S,alarm,valid,normal,benign,16.689119293325426,baseline,balanced_train:meal_return:move_to:ROOM_SECURITY
2026-01-07T12:51:53,E000009393,PIR_ROOM_ADMIN,PIR,INTERIOR,BLDG,ROOM_ADMIN,alarm,valid,normal,benign,6.674824170401777,baseline,balanced_train:meal_return:move_to:ROOM_ADMIN
2026-01-07T12:53:03,E000009456,BMS_SKIN_S_DOOR,BMS,SKIN,BLDG,SKIN_S_DOOR,alarm,valid,normal,benign,20.27888970909454,baseline,balanced_train:meal_return:move_to:ROOM_SECURITY
2026-01-07T13:10:47,E000009364,PA_RADAR_S,RADAR,PROTECTED_AREA,S,PA_RADAR_S,alarm,valid,normal,benign,15.882537955876403,baseline,balanced_train:meal_return:exit_from:ROOM_ADMIN
2026-01-07T13:11:01,E000009365,ACS_S-AC,ACCESS_CTRL,PERIMETER,S-AC,TURNSTILE_S-AC,alarm,valid,normal,benign,12.592513183016033,baseline,balanced_train:meal_return:exit_from:ROOM_ADMIN
2026-01-07T14:47:26,E000009515,ACS_S-AC,ACCESS_CTRL,PERIMETER,S-AC,TURNSTILE_S-AC,alarm,valid,normal,benign,12.1066909519779,baseline,balanced_train:straggler:turnstile_entry
2026-01-07T16:08:42,E000008692,PIR_ROOM_SECURITY,PIR,INTERIOR,BLDG,ROOM_SECURITY,alarm,valid,normal,benign,12.06474676093537,baseline,balanced_train:shift_out:move_to:ROOM_SECURITY
2026-01-07T16:18:50,E000008910,PIR_HALL_MAIN,PIR,INTERIOR,BLDG,HALL_MAIN,alarm,valid,normal,benign,23.536036614534275,baseline,balanced_train:shift_out:move_to:ROOM_SECURITY
2026-01-07T16:20:24,E000008793,PA_RADAR_S,RADAR,PROTECTED_AREA,S,PA_RADAR_S,alarm,valid,normal,benign,17.768090901861786,baseline,balanced_train:shift_out:move_to:ROOM_SECURITY
2026-01-07T16:20:59,E000009141,PIR_ROOM_SECURITY,PIR,INTERIOR,BLDG,ROOM_SECURITY,alarm,valid,normal,benign,19.939130823847627,baseline,balanced_train:shift_out:move_to:ROOM_SECURITY
2026-01-07T16:21:59,E000008805,PIR_ROOM_S_ENTRY,PIR,INTERIOR,BLDG,ROOM_S_ENTRY,alarm,valid,normal,benign,8.614661347314026,baseline,balanced_train:shift_out:move_to:ASSET_ROOM
2026-01-07T16:36:38,E000009126,ACS_S-AC,ACCESS_CTRL,PERIMETER,S-AC,TURNSTILE_S-AC,alarm,valid,normal,benign,22.72613200649539,baseline,balanced_train:shift_out:turnstile_entry
2026-01-07T16:42:43,E000008872,PA_RADAR_S,RADAR,PROTECTED_AREA,S,PA_RADAR_S,alarm,valid,normal,benign,18.531425724585937,baseline,balanced_train:shift_out:exit_from:ROOM_ADMIN
2026-01-07T16:43:33,E000008913,BMS_SKIN_S_DOOR,BMS,SKIN,BLDG,SKIN_S_DOOR,alarm,valid,normal,benign,10.86963977879916,baseline,balanced_train:shift_out:exit_from:ROOM_SECURITY
2026-01-07T16:46:33,E000008740,PA_RADAR_S,RADAR,PROTECTED_AREA,S,PA_RADAR_S,alarm,valid,normal,benign,13.171514198814629,baseline,balanced_train:shift_out:move_to:ROOM_SECURITY
2026-01-07T16:46:56,E000009057,PIR_HALL_MAIN,PIR,INTERIOR,BLDG,HALL_MAIN,alarm,valid,normal,benign,14.802441834903545,baseline,balanced_train:shift_out:move_to:ROOM_ADMIN
2026-01-07T16:52:59,E000008929,PIR_ROOM_S_ENTRY,PIR,INTERIOR,BLDG,ROOM_S_ENTRY,alarm,valid,normal,benign,22.599346244928373,baseline,balanced_train:shift_out:move_to:ROOM_SECURITY
2026-01-07T16:56:00,E000008780,ACS_S-AC,ACCESS_CTRL,PERIMETER,S-AC,TURNSTILE_S-AC,alarm,valid,normal,benign,22.345247444980256,baseline,balanced_train:shift_out:exit_from:ROOM_SECURITY
2026-01-07T17:03:12,E000008760,ACS_S-AC,ACCESS_CTRL,PERIMETER,S-AC,TURNSTILE_S-AC,alarm,valid,normal,benign,20.01224861605374,baseline,balanced_train:shift_out:exit_from:ASSET_ROOM
2026-01-07T17:08:19,E000008962,PIR_ROOM_S_ENTRY,PIR,INTERIOR,BLDG,ROOM_S_ENTRY,alarm,valid,normal,benign,8.559370854121015,baseline,balanced_train:shift_out:exit_from:ROOM_ADMIN
2026-01-07T17:09:58,E000009084,ACS_S-AC,ACCESS_CTRL,PERIMETER,S-AC,TURNSTILE_S-AC,alarm,valid,normal,benign,21.292064501491947,baseline,balanced_train:shift_out:exit_from:ROOM_SECURITY
2026-01-07T17:11:40,E000009020,PIR_ROOM_SECURITY,PIR,INTERIOR,BLDG,ROOM_SECURITY,alarm,valid,normal,benign,15.757323095216659,baseline,balanced_train:shift_out:move_to:ROOM_SECURITY
2026-01-07T17:13:49,E000009121,PIR_HALL_MAIN,PIR,INTERIOR,BLDG,HALL_MAIN,alarm,valid,normal,benign,22.23990774950685,baseline,balanced_train:shift_out:exit_from:ROOM_SECURITY
2026-01-07T17:14:05,E000008738,ACS_S-AC,ACCESS_CTRL,PERIMETER,S-AC,TURNSTILE_S-AC,alarm,valid,normal,benign,8.291117838284475,baseline,balanced_train:shift_out:exit_from:ROOM_ADMIN
2026-01-07T17:16:02,E000009060,PIR_ROOM_S_ENTRY,PIR,INTERIOR,BLDG,ROOM_S_ENTRY,alarm,valid,normal,benign,25.467383033981882,baseline,balanced_train:shift_out:exit_from:ROOM_ADMIN
2026-01-07T22:51:37,E000000032,PIR_ROOM_S_ENTRY,PIR,INTERIOR,BLDG,ROOM_S_ENTRY,alarm,invalid,false_positive,false_positive,22.772010025453838,env,balanced_train
2026-01-07T22:51:37,E000000032,PIR_ROOM_S_ENTRY,PIR,INTERIOR,BLDG,ROOM_S_ENTRY,alarm,invalid,false_positive,false_positive,22.772010025453838,env,balanced_train
2026-01-07T22:51:37,E000000032,PIR_ROOM_S_ENTRY,PIR,INTERIOR,BLDG,ROOM_S_ENTRY,alarm,invalid,false_positive,false_positive,22.772010025453838,env,balanced_train
2026-01-07T22:51:37,E000000032,PIR_ROOM_S_ENTRY,PIR,INTERIOR,BLDG,ROOM_S_ENTRY,alarm,invalid,false_positive,false_positive,22.772010025453838,env,balanced_train
2026-01-07T22:51:37,E000000032,PIR_ROOM_S_ENTRY,PIR,INTERIOR,BLDG,ROOM_S_ENTRY,alarm,invalid,false_positive,false_positive,22.772010025453838,env,balanced_train
2026-01-07T22:51:37,E000000032,PIR_ROOM_S_ENTRY,PIR,INTERIOR,BLDG,ROOM_S_ENTRY,alarm,invalid,false_positive,false_positive,22.772010025453838,env,balanced_train
2026-01-07T22:51:37,E000000032,PIR_ROOM_S_ENTRY,PIR,INTERIOR,BLDG,ROOM_S_ENTRY,alarm,invalid,false_positive,false_positive,22.772010025453838,env,balanced_train
2026-01-07T22:51:37,E000000032,PIR_ROOM_S_ENTRY,PIR,INTERIOR,BLDG,ROOM_S_ENTRY,alarm,invalid,false_positive,false_positive,22.772010025453838,env,balanced_train
2026-01-07T22:51:37,E000000032,PIR_ROOM_S_ENTRY,PIR,INTERIOR,BLDG,ROOM_S_ENTRY,alarm,invalid,false_positive,false_positive,22.772010025453838,env,balanced_train
